/*
Navicat MySQL Data Transfer

Source Server         : 47.105.189.37
Source Server Version : 50612
Source Host           : 47.105.189.37:3306
Source Database       : haiwaibang

Target Server Type    : MYSQL
Target Server Version : 50612
File Encoding         : 65001

Date: 2019-02-15 20:06:06
*/

SET FOREIGN_KEY_CHECKS=0;

-- ----------------------------
-- Table structure for `article`
-- ----------------------------
DROP TABLE IF EXISTS `article`;
CREATE TABLE `article` (
  `id` int(11) NOT NULL AUTO_INCREMENT,
  `title` varchar(256) DEFAULT NULL,
  `author` varchar(128) DEFAULT NULL,
  `summary` text,
  `contents` text,
  `image_url` varchar(512) DEFAULT NULL,
  `create_time` timestamp NOT NULL DEFAULT CURRENT_TIMESTAMP,
  PRIMARY KEY (`id`)
) ENGINE=InnoDB AUTO_INCREMENT=45 DEFAULT CHARSET=utf8mb4;

-- ----------------------------
-- Records of article
-- ----------------------------
INSERT INTO `article` VALUES ('6', '重磅！英国企业家移民将被替代 最新政策分析解释', '英伦大叔频道（UK07888088168）', '继昨日12月6号，媒体发布了关于英国投资移民的政策变化以外，今天在议会的官方网上终于出现了相对正式的说明和文件。　　最新的移民政策将出现什么修改？　　以下是简单翻译的移民法修改草案 HCWS1159的基本说明，供大家参考，希望直接看分析的，可以直接跳到文尾，看彼得森律师行，大叔的解读和分析。　　按照惯例，提出移民法修改草案的将是 Minister of State （Home Office）（Immigration）， THE RT HON CAROLINE NOKES， 内政部移民事务大臣， CAROLINE NOKES。 传说中的新一个铁娘子，梅首相铁腕移民政策的坚决执行者。　　简单翻译内容如下：　　作为内政部移民事务大臣，我将很快向众议院提交一份移民规则变更声明。　　政府明确表示，企业家在创造就业机会和推动经济增长方面发挥着不可替代的作用，这对英国的繁荣也至关重要。今年6月，我们宣布了新的启动签证路线。这将建立在目前的Tier1（毕业生企业家）路线的成功基础上，扩大范围以确保英国可以从更广泛的海外人才中受益，寻求在英国建立新的业务。申请人将获得商业或高等教育机构赞助人的批准。　　我们宣布，我们将通过引入新的创新路线，为更有经验的商业人士提供进一步的优惠。这将取代目前的Tier1（企业家）路线，同时，新的方式同样强调业务模式必须受到赞助人的认可，赞助人将评估申请人的创新性，可行性和扩展性的商业理念。　　除此之外，我们将改革我们的Tier1（投资者）路线。　　这些改革将在春季推出，并将确保英国仍然是世界领先的投资和创新目的地。我们将很快发布一份意向声明，详细说明改革后的Tier1 （投资者）路线将如何运作，我将把一份副本放在众议院图书馆。　　我们还通过这些移民规则引入了更广泛的变化，这些规则表明我们致力于支持各自领域的优秀领导者，以及有抱负的未来领导者，他们将按照Tier1（特殊人才）路线来到英国。　　这些变化将扩大这条路线，例如为英国皇家建筑师协会认可的领先建筑师提供入境途径。这一变化建立在今年早些时候对该路线进行的其他改革的基础上，包括将可用申请数量增加一倍，为在已认可的领域的现有杰出人才提供更快的解决方案。并扩大已有行业领域范围，时装设计师等同样也得到了认可。我们将继续与合作伙伴密切合作，以吸引更多杰出的国际人才到英国。　　更广泛地说，这些变化还包括针对Tier1 和Tier2 工种的改变，将会更加偏向高技术工人。这些更改将确保移民规则保持与时代更新并保持一致。　　政府非常重视我们的慈善机构和宗教机构所发挥的作用，非常欢迎那些希望来英国为这些组织做出贡献的人。但是，目前该移民路线存在一些问题。　　我们的移民系统为宗教领袖和宗教工作者提供了具体规定。这两种角色之间的区别反映了我们对信仰领导者的重视性，我们尊重那些用使用英语的宗教领袖，同时也尊重并允许其他宗教团体成员以非牧师角色来到英国，为英国做出贡献。　　虽然这不是第5级宗教工作者路线的意图，但我们现行的规则可以允许宗教工作者发挥作用，包括讲道和领导集会，而不需要证明他们说英语达到可接受的标准。为了解决这个问题，我们禁止Tier5（宗教工作者）担任宗教领袖，并指导他们通过正确的Tier2（宗教领袖）这一细分分类来进入英国履行宗教领袖的工作。这将要求宗教领袖表现出强烈的英语能力，并确保他们能够与周围的社区互动。　　宗教工作者和慈善工作者的Tier5签证为在英国提供最长两年的有限居住期限。然而，我们看到这些类别的移民多次连续反复申请该签证，实际上是在英国持续居住。因此，我们将引入“冷静期”，即在该签证到期后的12个月内禁止Tier 5宗教工作者和Tier5慈善工作者返回英国。这一变化确保我们将继续欢迎那些前来为我们的宗教和慈善组织做出贡献的人，同时支持政府打算将这些签证仅作为临时路线。　　9月6日，内政大臣发布了书面部长声明（HCWS940），宣布引入2019年的新试点计划，使非欧洲经济区移民工人能够到英国从事园艺部门的季节性就业。这些修订将规定引入该试点的立法框架。　　这个小规模试点将测试我们的移民系统在缓解高峰期生产期间季节性劳动力短缺的有效性，同时保持强有力的移民控制并确保对当地社区和公共服务的影响微乎其微。　　我们在环境，食品和农村事务部进行公平和公开的选择过程之后，选择了为以上试点从而提供填补计划。　　该试点的正式实施日期将在适当时候公布。　　透露的几个重要信息　　1。 现行的TIER 1 企业家移民签证会被替代！会引入一个所谓的SPONSOR（赞助人）的概念，具体怎么个赞助法，需要等到正式的移民法修改草案来确认；至于政策变化利弊，目前还很难分析。但是根据过去10多年的经验来看，新政策出台，新老政策交替的时候，是最混乱，同时也是最宽松的时候。　　2。 现行的TIER1 毕业生企业家会继续持续并且扩大，这点有利于那些有英国学历的英国毕业生；　　3。 现行的TIER1 投资移民签证会进行较大的改革，正如昨天发的文章一样，变化主要会集中在　　A： 加大对资产来源的审核力度　　B： 引导投资移民资金投向英国本地商业市场；　　严格意义而言，这个政策对于投资移民最大的影响就是增加了投资风险，会造成比较大的混乱时期；　　移民局下一步规划会是什么？　　1。 昨日的新闻是由媒体报道出来的，内政部截止到今天，也没有一个明确的官方文件说明确认停止审批TIER1 投资移民；　　2。 内政部之所以没有官方说明是因为，这种内部停止审批的做法，是不合法的！严格法律意义来讲，任何政府的行为都应该依据法律的指引，在法律指引没有变更的情况下，是不可以做出与法律相冲突的行政决定的。　　3。 这个意味着什么？　　意味着，内政部需要尽快出台移民法的相关法律修改条例，直到议会通过了相关修改法案，才能够正式的名正言顺的对投资移民政策进行执行。　　再简单来说，任何投资移民签证的申请，只要在法律修改之前递交，就应该按照老的法律来执行，而不是新的法律执行！　　再延伸来看，如果有已经准备好的，例如英国投资账户已经开设，资金已经准备齐全的申请人，如果想避免新政策带来的风险，现在需要做的是尽快递交这个签证，在法律正式生效之前，都是应该按照老的政策来审理的！　　具体的时间点会是什么时间点呢？做一个简单的推测　　1。 移民法修改草案： 很快会出台，有可能一周，或者两周，不会晚于1月底；　　2。 通过议会审批：1月底前　　3。 正式的新政策：1月底或者2月初　　中国籍申请人该如何应对　　1。 密切关注政策的变化，特别是实施细节；　　2。 投资移民，企业家移民，如果能在新政策之前递交，争取新政策之前递交；　　3。 凡事不能强求，如果没有准备好，也不用去硬挤上这末班车，一切的安排，都是最好的安排！', '<p style=\"margin-top: 0px; margin-bottom: 30px; padding: 0px; font-family: &quot;Hiragino Sans GB&quot;, &quot;Microsoft Yahei&quot;, 微软雅黑, Simsun, 宋体, Arial; font-size: 18px; letter-spacing: 1px; white-space: normal;\">继昨日12月6号，媒体发布了关于英国投资移民的政策变化以外，今天在议会的官方网上终于出现了相对正式的说明和文件。</p><p style=\"margin-top: 0px; margin-bottom: 30px; padding: 0px; font-family: &quot;Hiragino Sans GB&quot;, &quot;Microsoft Yahei&quot;, 微软雅黑, Simsun, 宋体, Arial; font-size: 18px; letter-spacing: 1px; white-space: normal;\">　　<strong>最新的移民政策将出现什么修改？</strong></p><p style=\"margin-top: 0px; margin-bottom: 30px; padding: 0px; font-family: &quot;Hiragino Sans GB&quot;, &quot;Microsoft Yahei&quot;, 微软雅黑, Simsun, 宋体, Arial; font-size: 18px; letter-spacing: 1px; white-space: normal;\">　　以下是简单翻译的移民法修改草案 HCWS1159的基本说明，供大家参考，希望直接看分析的，可以直接跳到文尾，看彼得森律师行，大叔的解读和分析。</p><p style=\"text-align: center;\"><img src=\"http://n.sinaimg.cn/edu/transform/92/w550h342/20181208/W1r--hpinryc7423141.jpg\" alt=\"\"/><span class=\"img_descr\" style=\"line-height: 20px; padding: 6px 0px; font-size: 16px; margin: 5px auto; display: inline-block; zoom: 1; text-align: left; font-weight: 700;\"></span></p><p style=\"margin-top: 0px; margin-bottom: 30px; padding: 0px; font-family: &quot;Hiragino Sans GB&quot;, &quot;Microsoft Yahei&quot;, 微软雅黑, Simsun, 宋体, Arial; font-size: 18px; letter-spacing: 1px; white-space: normal;\">　　按照惯例，提出移民法修改草案的将是 Minister of State （Home Office）（Immigration）， THE RT HON CAROLINE NOKES， 内政部移民事务大臣， CAROLINE NOKES。 传说中的新一个铁娘子，梅首相铁腕移民政策的坚决执行者。</p><p style=\"text-align: center;\"><img src=\"http://n.sinaimg.cn/edu/transform/340/w550h590/20181208/kQFr-hprknvt7876012.jpg\" alt=\"\"/><span class=\"img_descr\" style=\"line-height: 20px; padding: 6px 0px; font-size: 16px; margin: 5px auto; display: inline-block; zoom: 1; text-align: left; font-weight: 700;\"></span></p><p style=\"margin-top: 0px; margin-bottom: 30px; padding: 0px; font-family: &quot;Hiragino Sans GB&quot;, &quot;Microsoft Yahei&quot;, 微软雅黑, Simsun, 宋体, Arial; font-size: 18px; letter-spacing: 1px; white-space: normal;\">　　简单翻译内容如下：</p><p style=\"margin-top: 0px; margin-bottom: 30px; padding: 0px; font-family: &quot;Hiragino Sans GB&quot;, &quot;Microsoft Yahei&quot;, 微软雅黑, Simsun, 宋体, Arial; font-size: 18px; letter-spacing: 1px; white-space: normal;\">　　作为内政部移民事务大臣，我将很快向众议院提交一份移民规则变更声明。</p><p style=\"margin-top: 0px; margin-bottom: 30px; padding: 0px; font-family: &quot;Hiragino Sans GB&quot;, &quot;Microsoft Yahei&quot;, 微软雅黑, Simsun, 宋体, Arial; font-size: 18px; letter-spacing: 1px; white-space: normal;\">　　政府明确表示，企业家在创造就业机会和推动经济增长方面发挥着不可替代的作用，这对英国的繁荣也至关重要。今年6月，我们宣布了新的启动签证路线。这将建立在目前的Tier1（毕业生企业家）路线的成功基础上，扩大范围以确保英国可以从更广泛的海外人才中受益，寻求在英国建立新的业务。申请人将获得商业或高等教育机构赞助人的批准。</p><p style=\"margin-top: 0px; margin-bottom: 30px; padding: 0px; font-family: &quot;Hiragino Sans GB&quot;, &quot;Microsoft Yahei&quot;, 微软雅黑, Simsun, 宋体, Arial; font-size: 18px; letter-spacing: 1px; white-space: normal;\">　　我们宣布，我们将通过引入新的创新路线，为更有经验的商业人士提供进一步的优惠。这将取代目前的Tier1（企业家）路线，同时，新的方式同样强调业务模式必须受到赞助人的认可，赞助人将评估申请人的创新性，可行性和扩展性的商业理念。</p><p style=\"margin-top: 0px; margin-bottom: 30px; padding: 0px; font-family: &quot;Hiragino Sans GB&quot;, &quot;Microsoft Yahei&quot;, 微软雅黑, Simsun, 宋体, Arial; font-size: 18px; letter-spacing: 1px; white-space: normal;\">　　除此之外，我们将改革我们的Tier1（投资者）路线。</p><p style=\"margin-top: 0px; margin-bottom: 30px; padding: 0px; font-family: &quot;Hiragino Sans GB&quot;, &quot;Microsoft Yahei&quot;, 微软雅黑, Simsun, 宋体, Arial; font-size: 18px; letter-spacing: 1px; white-space: normal;\">　　这些改革将在春季推出，并将确保英国仍然是世界领先的投资和创新目的地。我们将很快发布一份意向声明，详细说明改革后的Tier1 （投资者）路线将如何运作，我将把一份副本放在众议院图书馆。</p><p style=\"margin-top: 0px; margin-bottom: 30px; padding: 0px; font-family: &quot;Hiragino Sans GB&quot;, &quot;Microsoft Yahei&quot;, 微软雅黑, Simsun, 宋体, Arial; font-size: 18px; letter-spacing: 1px; white-space: normal;\">　　我们还通过这些移民规则引入了更广泛的变化，这些规则表明我们致力于支持各自领域的优秀领导者，以及有抱负的未来领导者，他们将按照Tier1（特殊人才）路线来到英国。</p><p style=\"margin-top: 0px; margin-bottom: 30px; padding: 0px; font-family: &quot;Hiragino Sans GB&quot;, &quot;Microsoft Yahei&quot;, 微软雅黑, Simsun, 宋体, Arial; font-size: 18px; letter-spacing: 1px; white-space: normal;\">　　这些变化将扩大这条路线，例如为英国皇家建筑师协会认可的领先建筑师提供入境途径。这一变化建立在今年早些时候对该路线进行的其他改革的基础上，包括将可用申请数量增加一倍，为在已认可的领域的现有杰出人才提供更快的解决方案。并扩大已有行业领域范围，时装设计师等同样也得到了认可。我们将继续与合作伙伴密切合作，以吸引更多杰出的国际人才到英国。</p><p style=\"margin-top: 0px; margin-bottom: 30px; padding: 0px; font-family: &quot;Hiragino Sans GB&quot;, &quot;Microsoft Yahei&quot;, 微软雅黑, Simsun, 宋体, Arial; font-size: 18px; letter-spacing: 1px; white-space: normal;\">　　更广泛地说，这些变化还包括针对Tier1 和Tier2 工种的改变，将会更加偏向高技术工人。这些更改将确保移民规则保持与时代更新并保持一致。</p><p style=\"margin-top: 0px; margin-bottom: 30px; padding: 0px; font-family: &quot;Hiragino Sans GB&quot;, &quot;Microsoft Yahei&quot;, 微软雅黑, Simsun, 宋体, Arial; font-size: 18px; letter-spacing: 1px; white-space: normal;\">　　政府非常重视我们的慈善机构和宗教机构所发挥的作用，非常欢迎那些希望来英国为这些组织做出贡献的人。但是，目前该移民路线存在一些问题。</p><p style=\"margin-top: 0px; margin-bottom: 30px; padding: 0px; font-family: &quot;Hiragino Sans GB&quot;, &quot;Microsoft Yahei&quot;, 微软雅黑, Simsun, 宋体, Arial; font-size: 18px; letter-spacing: 1px; white-space: normal;\">　　我们的移民系统为宗教领袖和宗教工作者提供了具体规定。这两种角色之间的区别反映了我们对信仰领导者的重视性，我们尊重那些用使用英语的宗教领袖，同时也尊重并允许其他宗教团体成员以非牧师角色来到英国，为英国做出贡献。</p><p style=\"margin-top: 0px; margin-bottom: 30px; padding: 0px; font-family: &quot;Hiragino Sans GB&quot;, &quot;Microsoft Yahei&quot;, 微软雅黑, Simsun, 宋体, Arial; font-size: 18px; letter-spacing: 1px; white-space: normal;\">　　虽然这不是第5级宗教工作者路线的意图，但我们现行的规则可以允许宗教工作者发挥作用，包括讲道和领导集会，而不需要证明他们说英语达到可接受的标准。为了解决这个问题，我们禁止Tier5（宗教工作者）担任宗教领袖，并指导他们通过正确的Tier2（宗教领袖）这一细分分类来进入英国履行宗教领袖的工作。这将要求宗教领袖表现出强烈的英语能力，并确保他们能够与周围的社区互动。</p><p style=\"margin-top: 0px; margin-bottom: 30px; padding: 0px; font-family: &quot;Hiragino Sans GB&quot;, &quot;Microsoft Yahei&quot;, 微软雅黑, Simsun, 宋体, Arial; font-size: 18px; letter-spacing: 1px; white-space: normal;\">　　宗教工作者和慈善工作者的Tier5签证为在英国提供最长两年的有限居住期限。然而，我们看到这些类别的移民多次连续反复申请该签证，实际上是在英国持续居住。因此，我们将引入“冷静期”，即在该签证到期后的12个月内禁止Tier 5宗教工作者和Tier5慈善工作者返回英国。这一变化确保我们将继续欢迎那些前来为我们的宗教和慈善组织做出贡献的人，同时支持政府打算将这些签证仅作为临时路线。</p><p style=\"margin-top: 0px; margin-bottom: 30px; padding: 0px; font-family: &quot;Hiragino Sans GB&quot;, &quot;Microsoft Yahei&quot;, 微软雅黑, Simsun, 宋体, Arial; font-size: 18px; letter-spacing: 1px; white-space: normal;\">　　9月6日，内政大臣发布了书面部长声明（HCWS940），宣布引入2019年的新试点计划，使非欧洲经济区移民工人能够到英国从事园艺部门的季节性就业。这些修订将规定引入该试点的立法框架。</p><p style=\"margin-top: 0px; margin-bottom: 30px; padding: 0px; font-family: &quot;Hiragino Sans GB&quot;, &quot;Microsoft Yahei&quot;, 微软雅黑, Simsun, 宋体, Arial; font-size: 18px; letter-spacing: 1px; white-space: normal;\">　　这个小规模试点将测试我们的移民系统在缓解高峰期生产期间季节性劳动力短缺的有效性，同时保持强有力的移民控制并确保对当地社区和公共服务的影响微乎其微。</p><p style=\"margin-top: 0px; margin-bottom: 30px; padding: 0px; font-family: &quot;Hiragino Sans GB&quot;, &quot;Microsoft Yahei&quot;, 微软雅黑, Simsun, 宋体, Arial; font-size: 18px; letter-spacing: 1px; white-space: normal;\">　　我们在环境，食品和农村事务部进行公平和公开的选择过程之后，选择了为以上试点从而提供填补计划。</p><p style=\"margin-top: 0px; margin-bottom: 30px; padding: 0px; font-family: &quot;Hiragino Sans GB&quot;, &quot;Microsoft Yahei&quot;, 微软雅黑, Simsun, 宋体, Arial; font-size: 18px; letter-spacing: 1px; white-space: normal;\">　　该试点的正式实施日期将在适当时候公布。</p><p style=\"margin-top: 0px; margin-bottom: 30px; padding: 0px; font-family: &quot;Hiragino Sans GB&quot;, &quot;Microsoft Yahei&quot;, 微软雅黑, Simsun, 宋体, Arial; font-size: 18px; letter-spacing: 1px; white-space: normal;\">　　<strong>透露的几个重要信息</strong></p><p style=\"margin-top: 0px; margin-bottom: 30px; padding: 0px; font-family: &quot;Hiragino Sans GB&quot;, &quot;Microsoft Yahei&quot;, 微软雅黑, Simsun, 宋体, Arial; font-size: 18px; letter-spacing: 1px; white-space: normal;\">　　1。 现行的TIER 1 企业家移民签证会被替代！会引入一个所谓的SPONSOR（赞助人）的概念，具体怎么个赞助法，需要等到正式的移民法修改草案来确认；至于政策变化利弊，目前还很难分析。但是根据过去10多年的经验来看，新政策出台，新老政策交替的时候，是最混乱，同时也是最宽松的时候。</p><p style=\"margin-top: 0px; margin-bottom: 30px; padding: 0px; font-family: &quot;Hiragino Sans GB&quot;, &quot;Microsoft Yahei&quot;, 微软雅黑, Simsun, 宋体, Arial; font-size: 18px; letter-spacing: 1px; white-space: normal;\">　　2。 现行的TIER1 毕业生企业家会继续持续并且扩大，这点有利于那些有英国学历的英国毕业生；</p><p style=\"margin-top: 0px; margin-bottom: 30px; padding: 0px; font-family: &quot;Hiragino Sans GB&quot;, &quot;Microsoft Yahei&quot;, 微软雅黑, Simsun, 宋体, Arial; font-size: 18px; letter-spacing: 1px; white-space: normal;\">　　3。 现行的TIER1 投资移民签证会进行较大的改革，正如昨天发的文章一样，变化主要会集中在</p><p style=\"margin-top: 0px; margin-bottom: 30px; padding: 0px; font-family: &quot;Hiragino Sans GB&quot;, &quot;Microsoft Yahei&quot;, 微软雅黑, Simsun, 宋体, Arial; font-size: 18px; letter-spacing: 1px; white-space: normal;\">　　A： 加大对资产来源的审核力度</p><p style=\"margin-top: 0px; margin-bottom: 30px; padding: 0px; font-family: &quot;Hiragino Sans GB&quot;, &quot;Microsoft Yahei&quot;, 微软雅黑, Simsun, 宋体, Arial; font-size: 18px; letter-spacing: 1px; white-space: normal;\">　　B： 引导投资移民资金投向英国本地商业市场；</p><p style=\"margin-top: 0px; margin-bottom: 30px; padding: 0px; font-family: &quot;Hiragino Sans GB&quot;, &quot;Microsoft Yahei&quot;, 微软雅黑, Simsun, 宋体, Arial; font-size: 18px; letter-spacing: 1px; white-space: normal;\">　　严格意义而言，这个政策对于投资移民最大的影响就是增加了投资风险，会造成比较大的混乱时期；</p><p style=\"margin-top: 0px; margin-bottom: 30px; padding: 0px; font-family: &quot;Hiragino Sans GB&quot;, &quot;Microsoft Yahei&quot;, 微软雅黑, Simsun, 宋体, Arial; font-size: 18px; letter-spacing: 1px; white-space: normal;\">　　<strong>移民局下一步规划会是什么？</strong></p><p style=\"margin-top: 0px; margin-bottom: 30px; padding: 0px; font-family: &quot;Hiragino Sans GB&quot;, &quot;Microsoft Yahei&quot;, 微软雅黑, Simsun, 宋体, Arial; font-size: 18px; letter-spacing: 1px; white-space: normal;\">　　1。 昨日的新闻是由媒体报道出来的，内政部截止到今天，也没有一个明确的官方文件说明确认停止审批TIER1 投资移民；</p><p style=\"margin-top: 0px; margin-bottom: 30px; padding: 0px; font-family: &quot;Hiragino Sans GB&quot;, &quot;Microsoft Yahei&quot;, 微软雅黑, Simsun, 宋体, Arial; font-size: 18px; letter-spacing: 1px; white-space: normal;\">　　2。 内政部之所以没有官方说明是因为，这种内部停止审批的做法，是不合法的！严格法律意义来讲，任何政府的行为都应该依据法律的指引，在法律指引没有变更的情况下，是不可以做出与法律相冲突的行政决定的。</p><p style=\"margin-top: 0px; margin-bottom: 30px; padding: 0px; font-family: &quot;Hiragino Sans GB&quot;, &quot;Microsoft Yahei&quot;, 微软雅黑, Simsun, 宋体, Arial; font-size: 18px; letter-spacing: 1px; white-space: normal;\">　　3。 这个意味着什么？</p><p style=\"margin-top: 0px; margin-bottom: 30px; padding: 0px; font-family: &quot;Hiragino Sans GB&quot;, &quot;Microsoft Yahei&quot;, 微软雅黑, Simsun, 宋体, Arial; font-size: 18px; letter-spacing: 1px; white-space: normal;\">　　意味着，内政部需要尽快出台移民法的相关法律修改条例，直到议会通过了相关修改法案，才能够正式的名正言顺的对投资移民政策进行执行。</p><p style=\"margin-top: 0px; margin-bottom: 30px; padding: 0px; font-family: &quot;Hiragino Sans GB&quot;, &quot;Microsoft Yahei&quot;, 微软雅黑, Simsun, 宋体, Arial; font-size: 18px; letter-spacing: 1px; white-space: normal;\">　　再简单来说，任何投资移民签证的申请，只要在法律修改之前递交，就应该按照老的法律来执行，而不是新的法律执行！</p><p style=\"margin-top: 0px; margin-bottom: 30px; padding: 0px; font-family: &quot;Hiragino Sans GB&quot;, &quot;Microsoft Yahei&quot;, 微软雅黑, Simsun, 宋体, Arial; font-size: 18px; letter-spacing: 1px; white-space: normal;\">　　再延伸来看，如果有已经准备好的，例如英国投资账户已经开设，资金已经准备齐全的申请人，如果想避免新政策带来的风险，现在需要做的是尽快递交这个签证，在法律正式生效之前，都是应该按照老的政策来审理的！</p><p style=\"margin-top: 0px; margin-bottom: 30px; padding: 0px; font-family: &quot;Hiragino Sans GB&quot;, &quot;Microsoft Yahei&quot;, 微软雅黑, Simsun, 宋体, Arial; font-size: 18px; letter-spacing: 1px; white-space: normal;\">　　具体的时间点会是什么时间点呢？做一个简单的推测</p><p style=\"margin-top: 0px; margin-bottom: 30px; padding: 0px; font-family: &quot;Hiragino Sans GB&quot;, &quot;Microsoft Yahei&quot;, 微软雅黑, Simsun, 宋体, Arial; font-size: 18px; letter-spacing: 1px; white-space: normal;\">　　1。 移民法修改草案： 很快会出台，有可能一周，或者两周，不会晚于1月底；</p><p style=\"margin-top: 0px; margin-bottom: 30px; padding: 0px; font-family: &quot;Hiragino Sans GB&quot;, &quot;Microsoft Yahei&quot;, 微软雅黑, Simsun, 宋体, Arial; font-size: 18px; letter-spacing: 1px; white-space: normal;\">　　2。 通过议会审批：1月底前</p><p style=\"margin-top: 0px; margin-bottom: 30px; padding: 0px; font-family: &quot;Hiragino Sans GB&quot;, &quot;Microsoft Yahei&quot;, 微软雅黑, Simsun, 宋体, Arial; font-size: 18px; letter-spacing: 1px; white-space: normal;\">　　3。 正式的新政策：1月底或者2月初</p><p style=\"margin-top: 0px; margin-bottom: 30px; padding: 0px; font-family: &quot;Hiragino Sans GB&quot;, &quot;Microsoft Yahei&quot;, 微软雅黑, Simsun, 宋体, Arial; font-size: 18px; letter-spacing: 1px; white-space: normal;\">　　<strong>中国籍申请人该如何应对</strong></p><p style=\"margin-top: 0px; margin-bottom: 30px; padding: 0px; font-family: &quot;Hiragino Sans GB&quot;, &quot;Microsoft Yahei&quot;, 微软雅黑, Simsun, 宋体, Arial; font-size: 18px; letter-spacing: 1px; white-space: normal;\">　　1。 密切关注政策的变化，特别是实施细节；</p><p style=\"margin-top: 0px; margin-bottom: 30px; padding: 0px; font-family: &quot;Hiragino Sans GB&quot;, &quot;Microsoft Yahei&quot;, 微软雅黑, Simsun, 宋体, Arial; font-size: 18px; letter-spacing: 1px; white-space: normal;\">　　2。 投资移民，企业家移民，如果能在新政策之前递交，争取新政策之前递交；</p><p style=\"margin-top: 0px; margin-bottom: 30px; padding: 0px; font-family: &quot;Hiragino Sans GB&quot;, &quot;Microsoft Yahei&quot;, 微软雅黑, Simsun, 宋体, Arial; font-size: 18px; letter-spacing: 1px; white-space: normal;\">　　3。 凡事不能强求，如果没有准备好，也不用去硬挤上这末班车，一切的安排，都是最好的安排！</p><p><br/></p>', 'http://n.sinaimg.cn/edu/transform/92/w550h342/20181208/W1r--hpinryc7423141.jpg', '2018-12-11 10:15:48');
INSERT INTO `article` VALUES ('7', '英暂停发放投资移民签证 中国投资者受影响最大', '中新网', '据欧洲《星岛日报》报道，当地时间12月7日开始，英国新移民政策实施。英国将暂停发放有“黄金签证”之称的投资移民签证，直到2019年实施新规定为止。已经提交申请的投资人不受影响。专家表示，新措施对中国投资者影响最大。　　新签证政策主要围绕“第一类普通”展开。这种被叫停的签证向注资上百万英镑的海外投资者开通“快速通道”，使其获得居留权。资料图片：英国伦敦。　　未来，英国对投资移民的资金来源审核将更严格，将要求申请人必须接受独立、受监管的审计师对其财务状况和持股公司进行审计。申请者必须证明，在申请这项签证前，他们对自己的资金至少控制了2年，而这正好是当前投资移民申请人最难解释的地方。　　此外，英国政府不再允许申请人投资低风险的政府债券，转而要求投资移民的申请人把资金投入风险相对更高的英国企业。　　英国现行的投资移民政策要求申请人至少投资200万英镑，5年内可拿到英国绿卡。据统计，2017年度，英国向富人发放的355个投资移民签证中，有116个由来自中国的申请者获得，排名全球第一，比上一年增加56%；俄罗斯申请者排名第二，获批52个投资移民签证。　　报道称，这类签证通常是由希望在英国生活和投资的全球超级富豪申请，而新举措旨在解决组织犯罪和洗钱问题，是英国内政部改革的一部分。　　一名移民事务次官表示，新措落实后，英国政府将不会容忍那些违反移民规定的人。“只有那些真正支持英国商业的投资者，才有资格获益于我们的移民系统。”　　专家表示，新措施对中国投资者影响最大。2018年第三季度，中国投资者占了所有投资移民申请人中的近一半。同时，俄罗斯投资者有所减少，来自美国、印度、土耳其和加拿大的投资者则有所增加。　　四年前，英国政府的独立移民顾问发布了一份高度批评投资者签证计划的报告，称其没有怎么让英国居民受益。因为大多数申请人都只是购买金边债券，而不是向企业投入资金。　　英国内政部当时拒绝了该委员会有关向最高出价者拍卖投资者签证（被反对者称为“签证eBay”）的建议，但现已表示，2019年落实的改革将不再允许投资于政府债券，而是强制要求购买“活跃和经营中的英国企业”股票。　　据悉，还将有一项关于由英国政府支持的集合投资的新条款，以支持对英国有明显经济好处的项目，如支持中小企业。', '<p style=\"margin-top: 0px; margin-bottom: 30px; padding: 0px; font-family: &quot;Hiragino Sans GB&quot;, &quot;Microsoft Yahei&quot;, 微软雅黑, Simsun, 宋体, Arial; font-size: 18px; letter-spacing: 1px; white-space: normal;\">据欧洲《星岛日报》报道，当地时间12月7日开始，英国新移民政策实施。英国将暂停发放有“黄金签证”之称的投资移民签证，直到2019年实施新规定为止。已经提交申请的投资人不受影响。专家表示，新措施对中国投资者影响最大。</p><p style=\"margin-top: 0px; margin-bottom: 30px; padding: 0px; font-family: &quot;Hiragino Sans GB&quot;, &quot;Microsoft Yahei&quot;, 微软雅黑, Simsun, 宋体, Arial; font-size: 18px; letter-spacing: 1px; white-space: normal;\">　　新签证政策主要围绕“第一类普通”展开。这种被叫停的签证向注资上百万英镑的海外投资者开通“快速通道”，使其获得居留权。</p><p style=\"text-align: center;\"><img src=\"http://n.sinaimg.cn/edu/crawl/57/w550h307/20181210/CoGZ-hphsupy6448601.jpg\" alt=\"资料图片：英国伦敦。\"/><span class=\"img_descr\" style=\"line-height: 20px; padding: 6px 0px; font-size: 16px; margin: 5px auto; display: inline-block; zoom: 1; text-align: left; font-weight: 700;\">资料图片：英国伦敦。</span></p><p style=\"margin-top: 0px; margin-bottom: 30px; padding: 0px; font-family: &quot;Hiragino Sans GB&quot;, &quot;Microsoft Yahei&quot;, 微软雅黑, Simsun, 宋体, Arial; font-size: 18px; letter-spacing: 1px; white-space: normal;\">　　未来，英国对投资移民的资金来源审核将更严格，将要求申请人必须接受独立、受监管的审计师对其财务状况和持股公司进行审计。申请者必须证明，在申请这项签证前，他们对自己的资金至少控制了2年，而这正好是当前投资移民申请人最难解释的地方。</p><p style=\"margin-top: 0px; margin-bottom: 30px; padding: 0px; font-family: &quot;Hiragino Sans GB&quot;, &quot;Microsoft Yahei&quot;, 微软雅黑, Simsun, 宋体, Arial; font-size: 18px; letter-spacing: 1px; white-space: normal;\">　　此外，英国政府不再允许申请人投资低风险的政府债券，转而要求投资移民的申请人把资金投入风险相对更高的英国企业。</p><p style=\"margin-top: 0px; margin-bottom: 30px; padding: 0px; font-family: &quot;Hiragino Sans GB&quot;, &quot;Microsoft Yahei&quot;, 微软雅黑, Simsun, 宋体, Arial; font-size: 18px; letter-spacing: 1px; white-space: normal;\">　　英国现行的投资移民政策要求申请人至少投资200万英镑，5年内可拿到英国绿卡。据统计，2017年度，英国向富人发放的355个投资移民签证中，有116个由来自中国的申请者获得，排名全球第一，比上一年增加56%；俄罗斯申请者排名第二，获批52个投资移民签证。</p><p style=\"margin-top: 0px; margin-bottom: 30px; padding: 0px; font-family: &quot;Hiragino Sans GB&quot;, &quot;Microsoft Yahei&quot;, 微软雅黑, Simsun, 宋体, Arial; font-size: 18px; letter-spacing: 1px; white-space: normal;\">　　报道称，这类签证通常是由希望在英国生活和投资的全球超级富豪申请，而新举措旨在解决组织犯罪和洗钱问题，是英国内政部改革的一部分。</p><p style=\"margin-top: 0px; margin-bottom: 30px; padding: 0px; font-family: &quot;Hiragino Sans GB&quot;, &quot;Microsoft Yahei&quot;, 微软雅黑, Simsun, 宋体, Arial; font-size: 18px; letter-spacing: 1px; white-space: normal;\">　　一名移民事务次官表示，新措落实后，英国政府将不会容忍那些违反移民规定的人。“只有那些真正支持英国商业的投资者，才有资格获益于我们的移民系统。”</p><p style=\"margin-top: 0px; margin-bottom: 30px; padding: 0px; font-family: &quot;Hiragino Sans GB&quot;, &quot;Microsoft Yahei&quot;, 微软雅黑, Simsun, 宋体, Arial; font-size: 18px; letter-spacing: 1px; white-space: normal;\">　　专家表示，新措施对中国投资者影响最大。2018年第三季度，中国投资者占了所有投资移民申请人中的近一半。同时，俄罗斯投资者有所减少，来自美国、印度、土耳其和加拿大的投资者则有所增加。</p><p style=\"margin-top: 0px; margin-bottom: 30px; padding: 0px; font-family: &quot;Hiragino Sans GB&quot;, &quot;Microsoft Yahei&quot;, 微软雅黑, Simsun, 宋体, Arial; font-size: 18px; letter-spacing: 1px; white-space: normal;\">　　四年前，英国政府的独立移民顾问发布了一份高度批评投资者签证计划的报告，称其没有怎么让英国居民受益。因为大多数申请人都只是购买金边债券，而不是向企业投入资金。</p><p style=\"margin-top: 0px; margin-bottom: 30px; padding: 0px; font-family: &quot;Hiragino Sans GB&quot;, &quot;Microsoft Yahei&quot;, 微软雅黑, Simsun, 宋体, Arial; font-size: 18px; letter-spacing: 1px; white-space: normal;\">　　英国内政部当时拒绝了该委员会有关向最高出价者拍卖投资者签证（被反对者称为“签证eBay”）的建议，但现已表示，2019年落实的改革将不再允许投资于政府债券，而是强制要求购买“活跃和经营中的英国企业”股票。</p><p style=\"margin-top: 0px; margin-bottom: 30px; padding: 0px; font-family: &quot;Hiragino Sans GB&quot;, &quot;Microsoft Yahei&quot;, 微软雅黑, Simsun, 宋体, Arial; font-size: 18px; letter-spacing: 1px; white-space: normal;\">　　据悉，还将有一项关于由英国政府支持的集合投资的新条款，以支持对英国有明显经济好处的项目，如支持中小企业。</p><p><br/></p>', 'http://n.sinaimg.cn/edu/crawl/57/w550h307/20181210/CoGZ-hphsupy6448601.jpg', '2018-12-11 11:12:56');
INSERT INTO `article` VALUES ('8', '美法院再驳政府上诉 判非法入境移民可申请庇护', '中新网', '据外媒报道，美国政府的强硬移民政策再一次受到法院打击。当地时间7日，美联邦第9巡回上诉法院做出裁决，阻止美国政府恢复禁止非法越境移民申请庇护的政策。资料图：美国总统特朗普。 中新社记者 廖攀 摄　　第9巡回上诉法院裁决，特朗普领导的美国政府试图恢复的政策禁令不符合现行法律，企图绕过美国国会的立法程序。　　特朗普于11月9日下令，禁止任何非法跨越美墨边境的移民申请庇护，当时，来自中美洲的“大篷车”移民正浩浩荡荡的前往美墨边境。　　之后地区法院法官泰格暂时阻止了这个禁令，并拒绝恢复，他认为，联邦法律已经非常明确，无论是否非法入境，移民都可以申请庇护。美国政府随后上诉到第9巡回法院。　　泰格的判决也引发了特朗普与最高法院首席大法官罗伯茨的公开对呛。特朗普称泰格是“奥巴马的法官”。罗伯茨则回应称，联邦司法制度中没有“奥巴马法官或特朗普法官，布什法官或克林顿法官”。　　据悉，7日的判决也是特朗普领导的美国政府最近一次遭遇的司法溃败，在其一系列政策都遭遇法院驳回后，特朗普11月称这是“不光彩的”。　　此外，特朗普还把败诉归咎到第9巡回法院。“如果你的案子在第9巡回法院，你就赢不了。”特朗普11月20号表示，“每一个案子到了第9巡回法院都会被打败，然后我们将不得不上诉到最高法院。”', '<p style=\"margin-top: 0px; margin-bottom: 30px; padding: 0px; font-family: &quot;Hiragino Sans GB&quot;, &quot;Microsoft Yahei&quot;, 微软雅黑, Simsun, 宋体, Arial; font-size: 18px; letter-spacing: 1px; white-space: normal;\">据外媒报道，美国政府的强硬移民政策再一次受到法院打击。当地时间7日，美联邦第9巡回上诉法院做出裁决，阻止美国政府恢复禁止非法越境移民申请庇护的政策。</p><p><img src=\"http://n.sinaimg.cn/edu/crawl/116/w550h366/20181210/PZF7-hphsupy6466207.jpg\" alt=\"资料图：美国总统特朗普。 中新社记者 廖攀 摄\"/><span class=\"img_descr\" style=\"line-height: 20px; padding: 6px 0px; font-size: 16px; margin: 5px auto; display: inline-block; zoom: 1; text-align: left; font-weight: 700;\">资料图：美国总统特朗普。 中新社记者 廖攀 摄</span></p><p style=\"margin-top: 0px; margin-bottom: 30px; padding: 0px; font-family: &quot;Hiragino Sans GB&quot;, &quot;Microsoft Yahei&quot;, 微软雅黑, Simsun, 宋体, Arial; font-size: 18px; letter-spacing: 1px; white-space: normal;\">　　第9巡回上诉法院裁决，特朗普领导的美国政府试图恢复的政策禁令不符合现行法律，企图绕过美国国会的立法程序。</p><p style=\"margin-top: 0px; margin-bottom: 30px; padding: 0px; font-family: &quot;Hiragino Sans GB&quot;, &quot;Microsoft Yahei&quot;, 微软雅黑, Simsun, 宋体, Arial; font-size: 18px; letter-spacing: 1px; white-space: normal;\">　　特朗普于11月9日下令，禁止任何非法跨越美墨边境的移民申请庇护，当时，来自中美洲的“大篷车”移民正浩浩荡荡的前往美墨边境。</p><p style=\"margin-top: 0px; margin-bottom: 30px; padding: 0px; font-family: &quot;Hiragino Sans GB&quot;, &quot;Microsoft Yahei&quot;, 微软雅黑, Simsun, 宋体, Arial; font-size: 18px; letter-spacing: 1px; white-space: normal;\">　　之后地区法院法官泰格暂时阻止了这个禁令，并拒绝恢复，他认为，联邦法律已经非常明确，无论是否非法入境，移民都可以申请庇护。美国政府随后上诉到第9巡回法院。</p><p style=\"margin-top: 0px; margin-bottom: 30px; padding: 0px; font-family: &quot;Hiragino Sans GB&quot;, &quot;Microsoft Yahei&quot;, 微软雅黑, Simsun, 宋体, Arial; font-size: 18px; letter-spacing: 1px; white-space: normal;\">　　泰格的判决也引发了特朗普与最高法院首席大法官罗伯茨的公开对呛。特朗普称泰格是“奥巴马的法官”。罗伯茨则回应称，联邦司法制度中没有“奥巴马法官或特朗普法官，布什法官或克林顿法官”。</p><p style=\"margin-top: 0px; margin-bottom: 30px; padding: 0px; font-family: &quot;Hiragino Sans GB&quot;, &quot;Microsoft Yahei&quot;, 微软雅黑, Simsun, 宋体, Arial; font-size: 18px; letter-spacing: 1px; white-space: normal;\">　　据悉，7日的判决也是特朗普领导的美国政府最近一次遭遇的司法溃败，在其一系列政策都遭遇法院驳回后，特朗普11月称这是“不光彩的”。</p><p style=\"margin-top: 0px; margin-bottom: 30px; padding: 0px; font-family: &quot;Hiragino Sans GB&quot;, &quot;Microsoft Yahei&quot;, 微软雅黑, Simsun, 宋体, Arial; font-size: 18px; letter-spacing: 1px; white-space: normal;\">　　此外，特朗普还把败诉归咎到第9巡回法院。“如果你的案子在第9巡回法院，你就赢不了。”特朗普11月20号表示，“每一个案子到了第9巡回法院都会被打败，然后我们将不得不上诉到最高法院。”</p><p><br/></p>', 'http://n.sinaimg.cn/edu/crawl/116/w550h366/20181210/PZF7-hphsupy6466207.jpg', '2018-12-11 11:14:39');
INSERT INTO `article` VALUES ('9', '英国脱欧火了爱尔兰楼市:都柏林房价翻番成新宠', '第一财经', '&nbsp; &nbsp; &nbsp;当地时间11月13日，在经历了无数次拉锯战之后，英国终于与欧盟就“脱欧”协议内容达成一致。次日，英国首相特雷莎·梅宣布草案赢得了内阁支持，英国议会将于12月中旬对草案进行表决。　　在英国脱欧之后，爱尔兰作为唯一一个在陆地上和英国接壤的欧盟成员国，将成为连接英国与欧盟之间的特殊桥梁。　　行动敏锐者早已向爱尔兰投去了关注的目光。　　为了继续留在欧盟，部分对脱欧不满的英国人选择加入爱尔兰国籍。爱尔兰驻伦敦大使馆数据显示，2018年上半年，大使馆共收到约4.5万份护照申请，相比英国2016年公投脱欧前的数据几乎翻番。此外，原本驻伦敦的不少金融机构，比如美国银行也选择把欧盟总部搬迁到都柏林。谷歌欧洲总部位于都柏林。来源：网络　　史密斯咨询公司的联合创始人李敬利告诉第一财经记者，他近期刚接待过一位刚需客户——来自中国的客户打算明年开始在都柏林长居，并把孩子送过去上学。　　这位客户和一个英国人同时看中了一套三居室的公寓，为了拿下这套公寓，他们开始竞价，75万欧元的售价被抬高到了86.5万欧元（约合686万元人民币），最后他的客户如愿以偿。　　外来人口迁入和工作机会的增加，则助推了爱尔兰本来就已十分火热的房价。在今年11月初全球知名会计师事务所普华永道（PwC）发布的《2019年欧洲房地产新趋势》报告中，爱尔兰首都都柏林的房地产投资前景仅次于里斯本（葡萄牙）和柏林（德国）。　　海外房产网站居外网向第一财经提供的数据显示，当前都柏林的询盘热度正处于历年来的巅峰。　　近6年上涨逾九成　　与多数欧洲城市类似，2007~2008年都柏林房价达到了顶峰，但在2008年全球金融危机爆发后，都柏林房价出现了长达3~4年的下跌探底过程，均价几乎遭到腰斩。　　房地产服务商第一太平戴维斯（Savills）爱尔兰新房业务总监布朗（David Browne）对第一财经记者表示，都柏林房价自2012年初触底以后开始稳步上升，年均涨幅达8%；若考虑通胀因素，直到今年以来涨幅才有所放缓。　　爱尔兰中央统计局（CSO）数据显示，今年8月，都柏林住宅价格同比上涨6.1%，与2012年2月时的最低点相比，已累计上涨94.5%。　　居外网的都柏林询盘指数显示，2017年开始询盘数量增速明显，该年第二季度询盘量环比增加了三倍。2018年第三季度创下了统计以来的最高纪录，同比2017年第三季度翻了两番。　　就职于英国某知名房地产基金公司的Nina告诉第一财经记者，2008年金融危机造成了爱尔兰房地产开发商持续数年的资金短缺，无力兴建新房，同时爱尔兰人口保持持续增长，导致房地产市场严重供不应求。　　“在2012~2013年左右，爱尔兰经济逐渐复苏，当时是最佳投资期，我们公司正是在那个时候进入都柏林房地产市场的。”Nina说道。　　2013年7月，为刺激经济复苏，爱尔兰政府修正了移民法案，允许在爱尔兰境内投资一定数额（后在2016年12月修正为100万欧元，约合790万元人民币）的非欧盟国家公民获得居留许可，这吸引了不少外来的投资者。　　布朗表示，都柏林楼市最近几年中国买家人数明显增加，主要以自住的家庭式住宅为主。据他透露，当前都柏林市面上每套新房（含期房）均价为46.7万欧元，每平方米均价约6000欧元，其中最贵的是邓莱里-拉斯当区（Dún Laoghaire-Rathdown）超过60万欧元。　　Nina告诉第一财经记者，她有一位朋友，2014年花费几百万欧元在都柏林郊区投资了一家拥有100多个房间的小型酒店，目前经营状况良好，不计房价上涨，仅每年的租金回报率已超过了5%。　　“在过去两年，大量的中低端楼盘（包括社会福利房）进入市场，拉低了都柏林的均价。根据地区不同，新房价格平均要比二手房高出15%。”布朗说。　　梅林资本集团（Merrion Capital Group）的首席经济学家麦奎德（Alan McQuaid）认为，都柏林房价上涨的主要原因是供不应求，这一现象已经持续多年，并且不可能在一夜之间得以修正，因此房价很难停止上涨。　　人口红利是核心因素　　都柏林房地产市场的供不应求与当地人口红利密切相关。爱尔兰中央统计局数据显示，该国当前人口约485万，较10年前增加了35万，预计到2040年，爱尔兰人口将达到575万。　　爱尔兰是欧洲人口最年轻的国家，25岁以下人口占总人口的三分之一，34岁以下人口几乎占总人口的一半，而爱尔兰近40%的人口生活在都柏林及其周边地区。都柏林对爱尔兰人口的虹吸效应，除了由于它是首都之外，还因为都柏林有着“欧洲硅谷”之称。　　普华永道在报告中提到，世界领先的科技公司正在都柏林“快速扩张”，这是为什么这个相对较小的城市，在欧洲房地产投资前景中排名靠前的原因。　　11月8日，Facebook宣布计划扩大在都柏林的办公室区域，使办公面积翻两番，让该公司在当地的员工人数增加一倍以上。Facebook目前在爱尔兰雇用了4000名员工，但仍然不如苹果和谷歌，这两家公司在爱尔兰各自拥有6000名员工。　　美国科技巨头纷纷选择在都柏林扩张，这与当地较低的企业税率和低成本的避税措施有关。2015年，爱尔兰一度成为美国最大的海外投资（FDI）目的地。　　此外，英国选择脱欧也刺激了这一趋势。普华永道在报告称，都柏林机场、港口地区的物流行业增长势头强劲，英国脱欧促使爱尔兰的出口商和零售商重新配置物流供应链。　　李敬利表示，由于英国脱欧临近，过去一年中来自英国公民的咨询数量大幅增加。同时，爱尔兰对于海外投资者的态度也十分友好，并没有针对外国投资者的限购政策，也不存在额外的海外买家印花税。　　大量且质优的工作机会刺激了不少年轻人来都柏林学习、工作和生活。李敬利对第一财经记者表示，相对于爆发式的人口增长速度，新屋建成速度远远无法满足市场需求。2016年，爱尔兰新建住宅不到 1.5万套，仅是近20年平均水平的65%，同时爱尔兰住房库存较低，每年至少需要额外增加 5000 套住房才能勉强满足市场的需求，而在都柏林房屋供应不足的情况更为严重。　　Nina对第一财经记者表示，在英国脱欧之后，爱尔兰将成为欧盟唯一一个主要语言为英语的国家，因此有不少投行及其他金融机构选择把欧盟总部搬到都柏林，包括中国银行也于2017年6月在都柏林设立了分行。　　“经济复苏之后，不少爱尔兰人选择回到自己的祖国。近年来，去爱尔兰留学的数量也有所增加，其中包括不少来自中国的留学生。这些因素都直接推动了房价。”她说。　　据悉，目前约有3000名中国留学生在爱尔兰留学，其中大部分都在都柏林，较为知名的大学有圣三一学院（Trinity College）、都柏林大学（UCD）和都柏林城市大学（DCU）等。　　每年租金回报7%~10%　　世上没有只涨不跌的资产。都柏林的房价已连续快速上涨了5~6年，未来空间还有多大呢？　　三大评级机构之一的标准普尔今年9月发布的预测报告显示，爱尔兰的房屋供应量正在追赶需求量，预计未来三年内的房价增长将有所缓解。2018年的房价增速为9.5%，2019年放缓至8%，2020年为7%，2021年为6%。　　爱尔兰最大房产网站Draft.ie的数据显示，都柏林的房价几乎已恢复到了金融危机之前的水平，当前有5000多套房产在售，数量同比有所增加。　　Nina对第一财经记者表示，房产投资周期通常为10年左右，现在已进入中后期。她所在的基金公司当初投资都柏林时设定了5年的投资期，已全部退出。　　不过，Nina认为这并不意味着都柏林的房价将要下跌，未来仍有一定上涨空间，因为市场需求并没有减少太多。她表示：“现在的投资机会肯定没有前几年那么好，但如果有刚性需求，比如孩子在当地上学，仍然可以考虑，主要还是要看地段。”　　布朗也认为，保守估计，未来几年都柏林的房价仍将保持每年3%至5%的上涨，取决于当地市场的供求水平。　　李敬利则认为都柏林房产仍十分具有吸引力，尤其是其超高的租金回报比率。据统计，都柏林房地产每年的租金回报率在7%~10%。这与爱尔兰的人口红利和科技巨头抢滩入驻息息相关。他认为，如果想去都柏林投资房产，应优先考虑公寓或别墅，二者租售比较高，当然地段也很重要，在市中心或者较好的区域，出租率高，租金也高。　　“普遍来说，都柏林南区的住房无论质量还是环境相比北区都有很大优势。都柏林市北部1区、7区和南部2区、4区、6区、14区等都是当前投资的热点区域。” 李敬利如是说。', '<p style=\"margin-top: 0px; margin-bottom: 30px; padding: 0px; font-family: &quot;Hiragino Sans GB&quot;, &quot;Microsoft Yahei&quot;, 微软雅黑, Simsun, 宋体, Arial; font-size: 18px; letter-spacing: 1px; white-space: normal;\">&nbsp; &nbsp; &nbsp;当地时间11月13日，在经历了无数次拉锯战之后，英国终于与欧盟就“脱欧”协议内容达成一致。次日，英国首相特雷莎·梅宣布草案赢得了内阁支持，英国议会将于12月中旬对草案进行表决。</p><p style=\"margin-top: 0px; margin-bottom: 30px; padding: 0px; font-family: &quot;Hiragino Sans GB&quot;, &quot;Microsoft Yahei&quot;, 微软雅黑, Simsun, 宋体, Arial; font-size: 18px; letter-spacing: 1px; white-space: normal;\">　　在英国脱欧之后，爱尔兰作为唯一一个在陆地上和英国接壤的欧盟成员国，将成为连接英国与欧盟之间的特殊桥梁。</p><p style=\"margin-top: 0px; margin-bottom: 30px; padding: 0px; font-family: &quot;Hiragino Sans GB&quot;, &quot;Microsoft Yahei&quot;, 微软雅黑, Simsun, 宋体, Arial; font-size: 18px; letter-spacing: 1px; white-space: normal;\">　　行动敏锐者早已向爱尔兰投去了关注的目光。</p><p style=\"margin-top: 0px; margin-bottom: 30px; padding: 0px; font-family: &quot;Hiragino Sans GB&quot;, &quot;Microsoft Yahei&quot;, 微软雅黑, Simsun, 宋体, Arial; font-size: 18px; letter-spacing: 1px; white-space: normal;\">　　为了继续留在欧盟，部分对脱欧不满的英国人选择加入爱尔兰国籍。爱尔兰驻伦敦大使馆数据显示，2018年上半年，大使馆共收到约4.5万份护照申请，相比英国2016年公投脱欧前的数据几乎翻番。此外，原本驻伦敦的不少金融机构，比如美国银行也选择把欧盟总部搬迁到都柏林。</p><p style=\"text-align: center;\"><img src=\"http://n.sinaimg.cn/edu/crawl/110/w550h360/20181120/jXcg-hmhhnqt1955194.jpg\" alt=\"谷歌欧洲总部位于都柏林。来源：网络\"/></p><p style=\"text-align: center;\"><span class=\"img_descr\" style=\"line-height: 20px; padding: 6px 0px; font-size: 16px; margin: 5px auto; display: inline-block; zoom: 1; text-align: left; font-weight: 700;\">谷歌欧洲总部位于都柏林。来源：网络</span></p><p style=\"margin-top: 0px; margin-bottom: 30px; padding: 0px; font-family: &quot;Hiragino Sans GB&quot;, &quot;Microsoft Yahei&quot;, 微软雅黑, Simsun, 宋体, Arial; font-size: 18px; letter-spacing: 1px; white-space: normal;\">　　史密斯咨询公司的联合创始人李敬利告诉第一财经记者，他近期刚接待过一位刚需客户——来自中国的客户打算明年开始在都柏林长居，并把孩子送过去上学。</p><p style=\"margin-top: 0px; margin-bottom: 30px; padding: 0px; font-family: &quot;Hiragino Sans GB&quot;, &quot;Microsoft Yahei&quot;, 微软雅黑, Simsun, 宋体, Arial; font-size: 18px; letter-spacing: 1px; white-space: normal;\">　　这位客户和一个英国人同时看中了一套三居室的公寓，为了拿下这套公寓，他们开始竞价，75万欧元的售价被抬高到了86.5万欧元（约合686万元人民币），最后他的客户如愿以偿。</p><p style=\"margin-top: 0px; margin-bottom: 30px; padding: 0px; font-family: &quot;Hiragino Sans GB&quot;, &quot;Microsoft Yahei&quot;, 微软雅黑, Simsun, 宋体, Arial; font-size: 18px; letter-spacing: 1px; white-space: normal;\">　　外来人口迁入和工作机会的增加，则助推了爱尔兰本来就已十分火热的房价。在今年11月初全球知名会计师事务所普华永道（PwC）发布的《2019年欧洲房地产新趋势》报告中，爱尔兰首都都柏林的房地产投资前景仅次于里斯本（葡萄牙）和柏林（德国）。</p><p style=\"margin-top: 0px; margin-bottom: 30px; padding: 0px; font-family: &quot;Hiragino Sans GB&quot;, &quot;Microsoft Yahei&quot;, 微软雅黑, Simsun, 宋体, Arial; font-size: 18px; letter-spacing: 1px; white-space: normal;\">　　海外房产网站居外网向第一财经提供的数据显示，当前都柏林的询盘热度正处于历年来的巅峰。</p><p style=\"margin-top: 0px; margin-bottom: 30px; padding: 0px; font-family: &quot;Hiragino Sans GB&quot;, &quot;Microsoft Yahei&quot;, 微软雅黑, Simsun, 宋体, Arial; font-size: 18px; letter-spacing: 1px; white-space: normal;\">　　<strong>近6年上涨逾九成</strong></p><p style=\"margin-top: 0px; margin-bottom: 30px; padding: 0px; font-family: &quot;Hiragino Sans GB&quot;, &quot;Microsoft Yahei&quot;, 微软雅黑, Simsun, 宋体, Arial; font-size: 18px; letter-spacing: 1px; white-space: normal;\">　　与多数欧洲城市类似，2007~2008年都柏林房价达到了顶峰，但在2008年全球金融危机爆发后，都柏林房价出现了长达3~4年的下跌探底过程，均价几乎遭到腰斩。</p><p style=\"margin-top: 0px; margin-bottom: 30px; padding: 0px; font-family: &quot;Hiragino Sans GB&quot;, &quot;Microsoft Yahei&quot;, 微软雅黑, Simsun, 宋体, Arial; font-size: 18px; letter-spacing: 1px; white-space: normal;\">　　房地产服务商第一太平戴维斯（Savills）爱尔兰新房业务总监布朗（David Browne）对第一财经记者表示，都柏林房价自2012年初触底以后开始稳步上升，年均涨幅达8%；若考虑通胀因素，直到今年以来涨幅才有所放缓。</p><p style=\"text-align: center;\"><img src=\"http://n.sinaimg.cn/edu/crawl/768/w480h288/20181120/T4XN-hmhswin5681728.jpg\" alt=\"\"/><span class=\"img_descr\" style=\"line-height: 20px; padding: 6px 0px; font-size: 16px; margin: 5px auto; display: inline-block; zoom: 1; text-align: left; font-weight: 700;\"></span></p><p style=\"margin-top: 0px; margin-bottom: 30px; padding: 0px; font-family: &quot;Hiragino Sans GB&quot;, &quot;Microsoft Yahei&quot;, 微软雅黑, Simsun, 宋体, Arial; font-size: 18px; letter-spacing: 1px; white-space: normal;\">　　爱尔兰中央统计局（CSO）数据显示，今年8月，都柏林住宅价格同比上涨6.1%，与2012年2月时的最低点相比，已累计上涨94.5%。</p><p style=\"margin-top: 0px; margin-bottom: 30px; padding: 0px; font-family: &quot;Hiragino Sans GB&quot;, &quot;Microsoft Yahei&quot;, 微软雅黑, Simsun, 宋体, Arial; font-size: 18px; letter-spacing: 1px; white-space: normal;\">　　居外网的都柏林询盘指数显示，2017年开始询盘数量增速明显，该年第二季度询盘量环比增加了三倍。2018年第三季度创下了统计以来的最高纪录，同比2017年第三季度翻了两番。</p><p style=\"margin-top: 0px; margin-bottom: 30px; padding: 0px; font-family: &quot;Hiragino Sans GB&quot;, &quot;Microsoft Yahei&quot;, 微软雅黑, Simsun, 宋体, Arial; font-size: 18px; letter-spacing: 1px; white-space: normal;\">　　就职于英国某知名房地产基金公司的Nina告诉第一财经记者，2008年金融危机造成了爱尔兰房地产开发商持续数年的资金短缺，无力兴建新房，同时爱尔兰人口保持持续增长，导致房地产市场严重供不应求。</p><p style=\"margin-top: 0px; margin-bottom: 30px; padding: 0px; font-family: &quot;Hiragino Sans GB&quot;, &quot;Microsoft Yahei&quot;, 微软雅黑, Simsun, 宋体, Arial; font-size: 18px; letter-spacing: 1px; white-space: normal;\">　　“在2012~2013年左右，爱尔兰经济逐渐复苏，当时是最佳投资期，我们公司正是在那个时候进入都柏林房地产市场的。”Nina说道。</p><p style=\"margin-top: 0px; margin-bottom: 30px; padding: 0px; font-family: &quot;Hiragino Sans GB&quot;, &quot;Microsoft Yahei&quot;, 微软雅黑, Simsun, 宋体, Arial; font-size: 18px; letter-spacing: 1px; white-space: normal;\">　　2013年7月，为刺激经济复苏，爱尔兰政府修正了移民法案，允许在爱尔兰境内投资一定数额（后在2016年12月修正为100万欧元，约合790万元人民币）的非欧盟国家公民获得居留许可，这吸引了不少外来的投资者。</p><p style=\"margin-top: 0px; margin-bottom: 30px; padding: 0px; font-family: &quot;Hiragino Sans GB&quot;, &quot;Microsoft Yahei&quot;, 微软雅黑, Simsun, 宋体, Arial; font-size: 18px; letter-spacing: 1px; white-space: normal;\">　　布朗表示，都柏林楼市最近几年中国买家人数明显增加，主要以自住的家庭式住宅为主。据他透露，当前都柏林市面上每套新房（含期房）均价为46.7万欧元，每平方米均价约6000欧元，其中最贵的是邓莱里-拉斯当区（Dún Laoghaire-Rathdown）超过60万欧元。</p><p style=\"margin-top: 0px; margin-bottom: 30px; padding: 0px; font-family: &quot;Hiragino Sans GB&quot;, &quot;Microsoft Yahei&quot;, 微软雅黑, Simsun, 宋体, Arial; font-size: 18px; letter-spacing: 1px; white-space: normal;\">　　Nina告诉第一财经记者，她有一位朋友，2014年花费几百万欧元在都柏林郊区投资了一家拥有100多个房间的小型酒店，目前经营状况良好，不计房价上涨，仅每年的租金回报率已超过了5%。</p><p style=\"margin-top: 0px; margin-bottom: 30px; padding: 0px; font-family: &quot;Hiragino Sans GB&quot;, &quot;Microsoft Yahei&quot;, 微软雅黑, Simsun, 宋体, Arial; font-size: 18px; letter-spacing: 1px; white-space: normal;\">　　“在过去两年，大量的中低端楼盘（包括社会福利房）进入市场，拉低了都柏林的均价。根据地区不同，新房价格平均要比二手房高出15%。”布朗说。</p><p style=\"margin-top: 0px; margin-bottom: 30px; padding: 0px; font-family: &quot;Hiragino Sans GB&quot;, &quot;Microsoft Yahei&quot;, 微软雅黑, Simsun, 宋体, Arial; font-size: 18px; letter-spacing: 1px; white-space: normal;\">　　梅林资本集团（Merrion Capital Group）的首席经济学家麦奎德（Alan McQuaid）认为，都柏林房价上涨的主要原因是供不应求，这一现象已经持续多年，并且不可能在一夜之间得以修正，因此房价很难停止上涨。</p><p style=\"margin-top: 0px; margin-bottom: 30px; padding: 0px; font-family: &quot;Hiragino Sans GB&quot;, &quot;Microsoft Yahei&quot;, 微软雅黑, Simsun, 宋体, Arial; font-size: 18px; letter-spacing: 1px; white-space: normal;\">　　<strong>人口红利是核心因素</strong></p><p style=\"margin-top: 0px; margin-bottom: 30px; padding: 0px; font-family: &quot;Hiragino Sans GB&quot;, &quot;Microsoft Yahei&quot;, 微软雅黑, Simsun, 宋体, Arial; font-size: 18px; letter-spacing: 1px; white-space: normal;\">　　都柏林房地产市场的供不应求与当地人口红利密切相关。爱尔兰中央统计局数据显示，该国当前人口约485万，较10年前增加了35万，预计到2040年，爱尔兰人口将达到575万。</p><p style=\"margin-top: 0px; margin-bottom: 30px; padding: 0px; font-family: &quot;Hiragino Sans GB&quot;, &quot;Microsoft Yahei&quot;, 微软雅黑, Simsun, 宋体, Arial; font-size: 18px; letter-spacing: 1px; white-space: normal;\">　　爱尔兰是欧洲人口最年轻的国家，25岁以下人口占总人口的三分之一，34岁以下人口几乎占总人口的一半，而爱尔兰近40%的人口生活在都柏林及其周边地区。都柏林对爱尔兰人口的虹吸效应，除了由于它是首都之外，还因为都柏林有着“欧洲硅谷”之称。</p><p style=\"margin-top: 0px; margin-bottom: 30px; padding: 0px; font-family: &quot;Hiragino Sans GB&quot;, &quot;Microsoft Yahei&quot;, 微软雅黑, Simsun, 宋体, Arial; font-size: 18px; letter-spacing: 1px; white-space: normal;\">　　普华永道在报告中提到，世界领先的科技公司正在都柏林“快速扩张”，这是为什么这个相对较小的城市，在欧洲房地产投资前景中排名靠前的原因。</p><p style=\"margin-top: 0px; margin-bottom: 30px; padding: 0px; font-family: &quot;Hiragino Sans GB&quot;, &quot;Microsoft Yahei&quot;, 微软雅黑, Simsun, 宋体, Arial; font-size: 18px; letter-spacing: 1px; white-space: normal;\">　　11月8日，Facebook宣布计划扩大在都柏林的办公室区域，使办公面积翻两番，让该公司在当地的员工人数增加一倍以上。Facebook目前在爱尔兰雇用了4000名员工，但仍然不如苹果和谷歌，这两家公司在爱尔兰各自拥有6000名员工。</p><p style=\"margin-top: 0px; margin-bottom: 30px; padding: 0px; font-family: &quot;Hiragino Sans GB&quot;, &quot;Microsoft Yahei&quot;, 微软雅黑, Simsun, 宋体, Arial; font-size: 18px; letter-spacing: 1px; white-space: normal;\">　　美国科技巨头纷纷选择在都柏林扩张，这与当地较低的企业税率和低成本的避税措施有关。2015年，爱尔兰一度成为美国最大的海外投资（FDI）目的地。</p><p style=\"text-align: center;\"><img src=\"http://n.sinaimg.cn/edu/crawl/101/w550h351/20181120/y-0p-hmhswin5681734.jpg\" alt=\"\"/><span class=\"img_descr\" style=\"line-height: 20px; padding: 6px 0px; font-size: 16px; margin: 5px auto; display: inline-block; zoom: 1; text-align: left; font-weight: 700;\"></span></p><p style=\"margin-top: 0px; margin-bottom: 30px; padding: 0px; font-family: &quot;Hiragino Sans GB&quot;, &quot;Microsoft Yahei&quot;, 微软雅黑, Simsun, 宋体, Arial; font-size: 18px; letter-spacing: 1px; white-space: normal;\">　　此外，英国选择脱欧也刺激了这一趋势。普华永道在报告称，都柏林机场、港口地区的物流行业增长势头强劲，英国脱欧促使爱尔兰的出口商和零售商重新配置物流供应链。</p><p style=\"margin-top: 0px; margin-bottom: 30px; padding: 0px; font-family: &quot;Hiragino Sans GB&quot;, &quot;Microsoft Yahei&quot;, 微软雅黑, Simsun, 宋体, Arial; font-size: 18px; letter-spacing: 1px; white-space: normal;\">　　李敬利表示，由于英国脱欧临近，过去一年中来自英国公民的咨询数量大幅增加。同时，爱尔兰对于海外投资者的态度也十分友好，并没有针对外国投资者的限购政策，也不存在额外的海外买家印花税。</p><p style=\"margin-top: 0px; margin-bottom: 30px; padding: 0px; font-family: &quot;Hiragino Sans GB&quot;, &quot;Microsoft Yahei&quot;, 微软雅黑, Simsun, 宋体, Arial; font-size: 18px; letter-spacing: 1px; white-space: normal;\">　　大量且质优的工作机会刺激了不少年轻人来都柏林学习、工作和生活。李敬利对第一财经记者表示，相对于爆发式的人口增长速度，新屋建成速度远远无法满足市场需求。2016年，爱尔兰新建住宅不到 1.5万套，仅是近20年平均水平的65%，同时爱尔兰住房库存较低，每年至少需要额外增加 5000 套住房才能勉强满足市场的需求，而在都柏林房屋供应不足的情况更为严重。</p><p style=\"margin-top: 0px; margin-bottom: 30px; padding: 0px; font-family: &quot;Hiragino Sans GB&quot;, &quot;Microsoft Yahei&quot;, 微软雅黑, Simsun, 宋体, Arial; font-size: 18px; letter-spacing: 1px; white-space: normal;\">　　Nina对第一财经记者表示，在英国脱欧之后，爱尔兰将成为欧盟唯一一个主要语言为英语的国家，因此有不少投行及其他金融机构选择把欧盟总部搬到都柏林，包括中国银行也于2017年6月在都柏林设立了分行。</p><p style=\"margin-top: 0px; margin-bottom: 30px; padding: 0px; font-family: &quot;Hiragino Sans GB&quot;, &quot;Microsoft Yahei&quot;, 微软雅黑, Simsun, 宋体, Arial; font-size: 18px; letter-spacing: 1px; white-space: normal;\">　　“经济复苏之后，不少爱尔兰人选择回到自己的祖国。近年来，去爱尔兰留学的数量也有所增加，其中包括不少来自中国的留学生。这些因素都直接推动了房价。”她说。</p><p style=\"margin-top: 0px; margin-bottom: 30px; padding: 0px; font-family: &quot;Hiragino Sans GB&quot;, &quot;Microsoft Yahei&quot;, 微软雅黑, Simsun, 宋体, Arial; font-size: 18px; letter-spacing: 1px; white-space: normal;\">　　据悉，目前约有3000名中国留学生在爱尔兰留学，其中大部分都在都柏林，较为知名的大学有圣三一学院（Trinity College）、都柏林大学（UCD）和都柏林城市大学（DCU）等。</p><p style=\"margin-top: 0px; margin-bottom: 30px; padding: 0px; font-family: &quot;Hiragino Sans GB&quot;, &quot;Microsoft Yahei&quot;, 微软雅黑, Simsun, 宋体, Arial; font-size: 18px; letter-spacing: 1px; white-space: normal;\">　　<strong>每年租金回报7%~10%</strong></p><p style=\"margin-top: 0px; margin-bottom: 30px; padding: 0px; font-family: &quot;Hiragino Sans GB&quot;, &quot;Microsoft Yahei&quot;, 微软雅黑, Simsun, 宋体, Arial; font-size: 18px; letter-spacing: 1px; white-space: normal;\">　　世上没有只涨不跌的资产。都柏林的房价已连续快速上涨了5~6年，未来空间还有多大呢？</p><p style=\"margin-top: 0px; margin-bottom: 30px; padding: 0px; font-family: &quot;Hiragino Sans GB&quot;, &quot;Microsoft Yahei&quot;, 微软雅黑, Simsun, 宋体, Arial; font-size: 18px; letter-spacing: 1px; white-space: normal;\">　　三大评级机构之一的标准普尔今年9月发布的预测报告显示，爱尔兰的房屋供应量正在追赶需求量，预计未来三年内的房价增长将有所缓解。2018年的房价增速为9.5%，2019年放缓至8%，2020年为7%，2021年为6%。</p><p style=\"margin-top: 0px; margin-bottom: 30px; padding: 0px; font-family: &quot;Hiragino Sans GB&quot;, &quot;Microsoft Yahei&quot;, 微软雅黑, Simsun, 宋体, Arial; font-size: 18px; letter-spacing: 1px; white-space: normal;\">　　爱尔兰最大房产网站Draft.ie的数据显示，都柏林的房价几乎已恢复到了金融危机之前的水平，当前有5000多套房产在售，数量同比有所增加。</p><p style=\"margin-top: 0px; margin-bottom: 30px; padding: 0px; font-family: &quot;Hiragino Sans GB&quot;, &quot;Microsoft Yahei&quot;, 微软雅黑, Simsun, 宋体, Arial; font-size: 18px; letter-spacing: 1px; white-space: normal;\">　　Nina对第一财经记者表示，房产投资周期通常为10年左右，现在已进入中后期。她所在的基金公司当初投资都柏林时设定了5年的投资期，已全部退出。</p><p style=\"margin-top: 0px; margin-bottom: 30px; padding: 0px; font-family: &quot;Hiragino Sans GB&quot;, &quot;Microsoft Yahei&quot;, 微软雅黑, Simsun, 宋体, Arial; font-size: 18px; letter-spacing: 1px; white-space: normal;\">　　不过，Nina认为这并不意味着都柏林的房价将要下跌，未来仍有一定上涨空间，因为市场需求并没有减少太多。她表示：“现在的投资机会肯定没有前几年那么好，但如果有刚性需求，比如孩子在当地上学，仍然可以考虑，主要还是要看地段。”</p><p style=\"text-align: center;\"><img src=\"http://n.sinaimg.cn/edu/crawl/60/w524h336/20181120/W_BF-hmivixn4933733.jpg\" alt=\"\"/><span class=\"img_descr\" style=\"line-height: 20px; padding: 6px 0px; font-size: 16px; margin: 5px auto; display: inline-block; zoom: 1; text-align: left; font-weight: 700;\"></span></p><br/><p style=\"margin-top: 0px; margin-bottom: 30px; padding: 0px; font-family: &quot;Hiragino Sans GB&quot;, &quot;Microsoft Yahei&quot;, 微软雅黑, Simsun, 宋体, Arial; font-size: 18px; letter-spacing: 1px; white-space: normal;\">　　布朗也认为，保守估计，未来几年都柏林的房价仍将保持每年3%至5%的上涨，取决于当地市场的供求水平。</p><p style=\"margin-top: 0px; margin-bottom: 30px; padding: 0px; font-family: &quot;Hiragino Sans GB&quot;, &quot;Microsoft Yahei&quot;, 微软雅黑, Simsun, 宋体, Arial; font-size: 18px; letter-spacing: 1px; white-space: normal;\">　　李敬利则认为都柏林房产仍十分具有吸引力，尤其是其超高的租金回报比率。据统计，都柏林房地产每年的租金回报率在7%~10%。这与爱尔兰的人口红利和科技巨头抢滩入驻息息相关。他认为，如果想去都柏林投资房产，应优先考虑公寓或别墅，二者租售比较高，当然地段也很重要，在市中心或者较好的区域，出租率高，租金也高。</p><p style=\"margin-top: 0px; margin-bottom: 30px; padding: 0px; font-family: &quot;Hiragino Sans GB&quot;, &quot;Microsoft Yahei&quot;, 微软雅黑, Simsun, 宋体, Arial; font-size: 18px; letter-spacing: 1px; white-space: normal;\">　　“普遍来说，都柏林南区的住房无论质量还是环境相比北区都有很大优势。都柏林市北部1区、7区和南部2区、4区、6区、14区等都是当前投资的热点区域。” 李敬利如是说。<br/></p><p style=\"margin-top: 0px; margin-bottom: 30px; padding: 0px; font-family: &quot;Hiragino Sans GB&quot;, &quot;Microsoft Yahei&quot;, 微软雅黑, Simsun, 宋体, Arial; font-size: 18px; letter-spacing: 1px; white-space: normal;\"></p><p></p>', 'http://n.sinaimg.cn/edu/crawl/110/w550h360/20181120/jXcg-hmhhnqt1955194.jpg', '2018-12-11 12:24:14');
INSERT INTO `article` VALUES ('11', '澳总理宣布削减移民数量 不强迫移民定居次发达地区', '中新网', '据澳洲新闻网报道，澳大利亚总理莫里森近日表示，人口增长给悉尼和墨尔本带来了代价，将要求各州州长制定他们自己的人口政策，此举或将削减赴澳大利亚的移民数量。此外，莫里森还排除了强迫永久性移民定居在次发达地区的建议。澳大利亚总理斯科特·莫里森。（资料图）&nbsp;　　澳大利亚内阁正在起草一项新的人口政策，而总理莫里森预测，每年19万移民的数量上限将有所降低。　　莫里森说：“人口增长在我们经济成功中扮演了关键角色，但我也知道，大城市的澳大利亚人对人口问题感到很担忧，他们都在说，‘已经够了，真的够了，确实是够了’。我听到了你们的声音，我听得很清楚。”　　莫里森表示，移民给澳大利亚带来了经济益处，但他也承认，人口增长给悉尼和墨尔本带来了代价，它们成为了“成功的受害者”。　　“去年，移民占据了悉尼人口增长的近70%。这造成了一种压力，给住房和基础设施都带来了压力。”　　莫里森曾担任澳大利亚财长，当时的他极力反对联邦议员削减移民的提议。但19日晚上，他却提出除了经济影响之外，在有关移民的问题上还要注意到“社区情绪”。　　莫里森将要求各州州长制定他们自己的人口政策，将在12月12日的Council of Australian Governments会议上与他们进行讨论。　　“由堪培拉政府决定的旧模式已经不再适用了，我的方法是取消自上而下的讨论政策，制定属于你们的移民数量限制。我预计，这将导致移民数量的减少。”　　莫里森说：“州政府负责修建医院、审批住房开发、规划道路，只有他们才知道有多少孩子未来要上学。州政府和领地政府更了解现有的人口容量以及规划的基础设施和服务，所以我打算问问他们，之后再设置我们每年吸收移民的数量限制。截止到今年6月30日的一年内，澳大利亚共审批通过了16.2万个永居签证，远少于19万的上限。”　　此外，莫里森还排除了强迫永久性移民定居在次发达地区的建议。他指出，移民们搬到就业机会更高地方的能力是一种基本需求。　　人口和城市基础设施部长杜吉（Alan Tudge）19日表示，每年把全澳移民人数削减3万，不会导致澳大利亚出现财政收入暴跌。财政部当时预测，削减移民将导致预算未来四年损失50亿澳元。　　但杜吉表示，今年澳大利亚的移民人数已经下降了大约3万人，而这个数字已经被纳入预算。他承认，必须考虑削减移民对预算的影响，但表示移民人数减少3万的影响决不可与减少8万同日而语。　　“这是一个整体平衡，”他称，“移民带来了增长，带来了技能，它将年轻人带入人口，以更好地解决人口老龄化问题。因此，我们确认保持移民量非常重要，特别是技术移民摄入量。但就人口压力而言，尤其是墨尔本和悉尼所感受到的这种压力必须得到平衡。”　　新州州长贝姬莲希望将移民数量减半，但新数据显示，墨尔本才是世界上发展最快的城市之一。　　今年10月的相关调查显示，45%选民支持减少移民，近52%选民支持保持或增加移民。', '<p style=\"margin-top: 0px; margin-bottom: 30px; padding: 0px; font-family: &quot;Hiragino Sans GB&quot;, &quot;Microsoft Yahei&quot;, 微软雅黑, Simsun, 宋体, Arial; font-size: 18px; letter-spacing: 1px; white-space: normal;\">据澳洲新闻网报道，澳大利亚总理莫里森近日表示，人口增长给悉尼和墨尔本带来了代价，将要求各州州长制定他们自己的人口政策，此举或将削减赴澳大利亚的移民数量。此外，莫里森还排除了强迫永久性移民定居在次发达地区的建议。</p><p style=\"text-align: center;\"><img src=\"http://n.sinaimg.cn/edu/crawl/1/w500h301/20181120/yzHe-hnyuqhi4055665.jpg\" alt=\"澳大利亚总理斯科特·莫里森。（资料图）\"/></p><p style=\"text-align: center;\"><span class=\"img_descr\" style=\"line-height: 20px; padding: 6px 0px; font-size: 16px; margin: 5px auto; display: inline-block; zoom: 1; text-align: left; font-weight: 700;\">澳大利亚总理斯科特·莫里森。（资料图）&nbsp;</span></p><p style=\"margin-top: 0px; margin-bottom: 30px; padding: 0px; font-family: &quot;Hiragino Sans GB&quot;, &quot;Microsoft Yahei&quot;, 微软雅黑, Simsun, 宋体, Arial; font-size: 18px; letter-spacing: 1px; white-space: normal;\">　　澳大利亚内阁正在起草一项新的人口政策，而总理莫里森预测，每年19万移民的数量上限将有所降低。</p><p style=\"margin-top: 0px; margin-bottom: 30px; padding: 0px; font-family: &quot;Hiragino Sans GB&quot;, &quot;Microsoft Yahei&quot;, 微软雅黑, Simsun, 宋体, Arial; font-size: 18px; letter-spacing: 1px; white-space: normal;\">　　莫里森说：“人口增长在我们经济成功中扮演了关键角色，但我也知道，大城市的澳大利亚人对人口问题感到很担忧，他们都在说，‘已经够了，真的够了，确实是够了’。我听到了你们的声音，我听得很清楚。”</p><p style=\"margin-top: 0px; margin-bottom: 30px; padding: 0px; font-family: &quot;Hiragino Sans GB&quot;, &quot;Microsoft Yahei&quot;, 微软雅黑, Simsun, 宋体, Arial; font-size: 18px; letter-spacing: 1px; white-space: normal;\">　　莫里森表示，移民给澳大利亚带来了经济益处，但他也承认，人口增长给悉尼和墨尔本带来了代价，它们成为了“成功的受害者”。</p><p style=\"margin-top: 0px; margin-bottom: 30px; padding: 0px; font-family: &quot;Hiragino Sans GB&quot;, &quot;Microsoft Yahei&quot;, 微软雅黑, Simsun, 宋体, Arial; font-size: 18px; letter-spacing: 1px; white-space: normal;\">　　“去年，移民占据了悉尼人口增长的近70%。这造成了一种压力，给住房和基础设施都带来了压力。”</p><p style=\"margin-top: 0px; margin-bottom: 30px; padding: 0px; font-family: &quot;Hiragino Sans GB&quot;, &quot;Microsoft Yahei&quot;, 微软雅黑, Simsun, 宋体, Arial; font-size: 18px; letter-spacing: 1px; white-space: normal;\">　　莫里森曾担任澳大利亚财长，当时的他极力反对联邦议员削减移民的提议。但19日晚上，他却提出除了经济影响之外，在有关移民的问题上还要注意到“社区情绪”。</p><p style=\"margin-top: 0px; margin-bottom: 30px; padding: 0px; font-family: &quot;Hiragino Sans GB&quot;, &quot;Microsoft Yahei&quot;, 微软雅黑, Simsun, 宋体, Arial; font-size: 18px; letter-spacing: 1px; white-space: normal;\">　　莫里森将要求各州州长制定他们自己的人口政策，将在12月12日的Council of Australian Governments会议上与他们进行讨论。</p><p style=\"margin-top: 0px; margin-bottom: 30px; padding: 0px; font-family: &quot;Hiragino Sans GB&quot;, &quot;Microsoft Yahei&quot;, 微软雅黑, Simsun, 宋体, Arial; font-size: 18px; letter-spacing: 1px; white-space: normal;\">　　“由堪培拉政府决定的旧模式已经不再适用了，我的方法是取消自上而下的讨论政策，制定属于你们的移民数量限制。我预计，这将导致移民数量的减少。”</p><p style=\"margin-top: 0px; margin-bottom: 30px; padding: 0px; font-family: &quot;Hiragino Sans GB&quot;, &quot;Microsoft Yahei&quot;, 微软雅黑, Simsun, 宋体, Arial; font-size: 18px; letter-spacing: 1px; white-space: normal;\">　　莫里森说：“州政府负责修建医院、审批住房开发、规划道路，只有他们才知道有多少孩子未来要上学。州政府和领地政府更了解现有的人口容量以及规划的基础设施和服务，所以我打算问问他们，之后再设置我们每年吸收移民的数量限制。截止到今年6月30日的一年内，澳大利亚共审批通过了16.2万个永居签证，远少于19万的上限。”</p><p style=\"margin-top: 0px; margin-bottom: 30px; padding: 0px; font-family: &quot;Hiragino Sans GB&quot;, &quot;Microsoft Yahei&quot;, 微软雅黑, Simsun, 宋体, Arial; font-size: 18px; letter-spacing: 1px; white-space: normal;\">　　此外，莫里森还排除了强迫永久性移民定居在次发达地区的建议。他指出，移民们搬到就业机会更高地方的能力是一种基本需求。</p><br/><p style=\"margin-top: 0px; margin-bottom: 30px; padding: 0px; font-family: &quot;Hiragino Sans GB&quot;, &quot;Microsoft Yahei&quot;, 微软雅黑, Simsun, 宋体, Arial; font-size: 18px; letter-spacing: 1px; white-space: normal;\">　　人口和城市基础设施部长杜吉（Alan Tudge）19日表示，每年把全澳移民人数削减3万，不会导致澳大利亚出现财政收入暴跌。财政部当时预测，削减移民将导致预算未来四年损失50亿澳元。</p><p style=\"margin-top: 0px; margin-bottom: 30px; padding: 0px; font-family: &quot;Hiragino Sans GB&quot;, &quot;Microsoft Yahei&quot;, 微软雅黑, Simsun, 宋体, Arial; font-size: 18px; letter-spacing: 1px; white-space: normal;\">　　但杜吉表示，今年澳大利亚的移民人数已经下降了大约3万人，而这个数字已经被纳入预算。他承认，必须考虑削减移民对预算的影响，但表示移民人数减少3万的影响决不可与减少8万同日而语。</p><p style=\"margin-top: 0px; margin-bottom: 30px; padding: 0px; font-family: &quot;Hiragino Sans GB&quot;, &quot;Microsoft Yahei&quot;, 微软雅黑, Simsun, 宋体, Arial; font-size: 18px; letter-spacing: 1px; white-space: normal;\">　　“这是一个整体平衡，”他称，“移民带来了增长，带来了技能，它将年轻人带入人口，以更好地解决人口老龄化问题。因此，我们确认保持移民量非常重要，特别是技术移民摄入量。但就人口压力而言，尤其是墨尔本和悉尼所感受到的这种压力必须得到平衡。”</p><p style=\"margin-top: 0px; margin-bottom: 30px; padding: 0px; font-family: &quot;Hiragino Sans GB&quot;, &quot;Microsoft Yahei&quot;, 微软雅黑, Simsun, 宋体, Arial; font-size: 18px; letter-spacing: 1px; white-space: normal;\">　　新州州长贝姬莲希望将移民数量减半，但新数据显示，墨尔本才是世界上发展最快的城市之一。</p><p style=\"margin-top: 0px; margin-bottom: 30px; padding: 0px; font-family: &quot;Hiragino Sans GB&quot;, &quot;Microsoft Yahei&quot;, 微软雅黑, Simsun, 宋体, Arial; font-size: 18px; letter-spacing: 1px; white-space: normal;\">　　今年10月的相关调查显示，45%选民支持减少移民，近52%选民支持保持或增加移民。</p><p><br/></p>', 'http://n.sinaimg.cn/edu/crawl/1/w500h301/20181120/yzHe-hnyuqhi4055665.jpg', '2018-12-11 12:28:06');
INSERT INTO `article` VALUES ('12', '新兰西律师警告 移民注意别被财产法坑', '中新网', '新西兰《先驱报》中文网刊文称，不少移民对新西兰财产法缺乏足够了解，以致在发生财产纠纷时遭受巨额财产损失。新西兰律师们警告称，需要进行更多的工作以增进移民对新西兰财产法的了解。　　文章摘编如下：　　新西兰法律委员会已经发布了一些提案，希望使财产法变得更公平且更容易理解，这些修改可能需要一段时间才能生效。　　奥塔哥大学最近的一项调查显示，84%在新西兰出生的人都知道，作为夫妻三年后，所有的财产都会被视作共有财产，并在分手时以50%：50%的比率分配给双方。　　但是，那些不是在新西兰出生的人，只有67%的人知道这一点。　　同时，四分之三的新西兰人知道这条法律不仅适用于已婚夫妻，还适用于事实夫妻，但是只有一半的非新西兰出生的人知道这一点。　　财产律师Penny Liu说，每周她都会听到一次类似的故事。　　“客户会恐慌地来找我，他们担心他们根本拿不回他们的财产。”　　“有一位已经到了退休年龄的女性说，她担心她留不下任何财产。”　　Penny Liu描述了一位最近从中国向女儿和女婿汇款的客户，汇款的目的是购买房子，这对夫妻的关系在今年六月结束，而现在女儿的丈夫有权获得房子一半的所有权。　　“我的客户卖掉了房子，却只获得了40万新西兰元，这就是她得到的一切。”　　“她住在中国，在那里没有人能给她建议，她也不认为有必要得到任何建议，因为她信任她的女儿。”　　“客户最初的目的是帮助他们买一个不错的家，但是问题是没有办法证明这笔钱需要被偿还，所以在她知道这笔钱基本上算是蒸发了之后感到压力很大。”　　她说，父母送给孩子的一切都很常见，但是当孩子与伴侣结束关系后，一切都变得复杂了。　　“突然间，法律开始介入，当他们的关系结束时，父母会突然意识到，自己的钱有一半要进入一个他们甚至都没见过的人的口袋。”　　来自新西兰统计局9月份的季度报告显示，2%的房产是卖给没有公民身份或居民身份的人的。　　离婚律师Jeremy Sutton表示，涉及移民的关系纠纷约占纠纷总数的四分之一。　　“移民的案件占总数的20%至25%，在一些类型中，移民占的比例甚至要高的多，但是最终走上法庭的移民案件占比并不糟糕。”　　他表示，对财产法的一些拟议修改会在某些方面有所帮助。例如，产生关系前的财产不受平分财产法律的影响，但是即便如此，人们仍然可能会陷入困境。　　“有时双方之间已经进行过一些讨论，但是没有任何能够证明如何分割财产的文件留下。”　　上文提到的两位律师都认为，只有更好的教育才能改善现状。　　Sutton表示，房产中介、银行员工、抵押贷款经纪人和律师，都有机会在购房过程中对人的想法进行影响。　　Penny Liu在过去的两年中一直在移民社区举办研讨会。　　“移民社区在理解他们面临的情况方面还存在着很大的差距，这也是很多纠纷和诉讼产生的原因。”　　她说语言障碍阻止了很多移民寻求法律建议。　　“不幸的是，你不能仅仅从翻译那里获得帮助，因为如果你愿意，你会需要一个懂得法律以及懂你的语言的人，事实上这样的人并不多。”　　“法律行业尚未成长到能够满足移民的需求，这个群体一直处在黑暗中。”　　Penny Liu还表示，自从海外买家禁令实施以来，有更多的人进行咨询，虽然这是无意识的行为，但是结果很好。', '<p style=\"margin-top: 0px; margin-bottom: 30px; padding: 0px; font-family: &quot;Hiragino Sans GB&quot;, &quot;Microsoft Yahei&quot;, 微软雅黑, Simsun, 宋体, Arial; font-size: 18px; letter-spacing: 1px; white-space: normal;\">新西兰《先驱报》中文网刊文称，不少移民对新西兰财产法缺乏足够了解，以致在发生财产纠纷时遭受巨额财产损失。新西兰律师们警告称，需要进行更多的工作以增进移民对新西兰财产法的了解。</p><p style=\"margin-top: 0px; margin-bottom: 30px; padding: 0px; font-family: &quot;Hiragino Sans GB&quot;, &quot;Microsoft Yahei&quot;, 微软雅黑, Simsun, 宋体, Arial; font-size: 18px; letter-spacing: 1px; white-space: normal;\">　　文章摘编如下：</p><p style=\"margin-top: 0px; margin-bottom: 30px; padding: 0px; font-family: &quot;Hiragino Sans GB&quot;, &quot;Microsoft Yahei&quot;, 微软雅黑, Simsun, 宋体, Arial; font-size: 18px; letter-spacing: 1px; white-space: normal;\">　　新西兰法律委员会已经发布了一些提案，希望使财产法变得更公平且更容易理解，这些修改可能需要一段时间才能生效。</p><p style=\"margin-top: 0px; margin-bottom: 30px; padding: 0px; font-family: &quot;Hiragino Sans GB&quot;, &quot;Microsoft Yahei&quot;, 微软雅黑, Simsun, 宋体, Arial; font-size: 18px; letter-spacing: 1px; white-space: normal;\">　　奥塔哥大学最近的一项调查显示，84%在新西兰出生的人都知道，作为夫妻三年后，所有的财产都会被视作共有财产，并在分手时以50%：50%的比率分配给双方。</p><p style=\"margin-top: 0px; margin-bottom: 30px; padding: 0px; font-family: &quot;Hiragino Sans GB&quot;, &quot;Microsoft Yahei&quot;, 微软雅黑, Simsun, 宋体, Arial; font-size: 18px; letter-spacing: 1px; white-space: normal;\">　　但是，那些不是在新西兰出生的人，只有67%的人知道这一点。</p><p style=\"margin-top: 0px; margin-bottom: 30px; padding: 0px; font-family: &quot;Hiragino Sans GB&quot;, &quot;Microsoft Yahei&quot;, 微软雅黑, Simsun, 宋体, Arial; font-size: 18px; letter-spacing: 1px; white-space: normal;\">　　同时，四分之三的新西兰人知道这条法律不仅适用于已婚夫妻，还适用于事实夫妻，但是只有一半的非新西兰出生的人知道这一点。</p><p style=\"margin-top: 0px; margin-bottom: 30px; padding: 0px; font-family: &quot;Hiragino Sans GB&quot;, &quot;Microsoft Yahei&quot;, 微软雅黑, Simsun, 宋体, Arial; font-size: 18px; letter-spacing: 1px; white-space: normal;\">　　财产律师Penny Liu说，每周她都会听到一次类似的故事。</p><p style=\"margin-top: 0px; margin-bottom: 30px; padding: 0px; font-family: &quot;Hiragino Sans GB&quot;, &quot;Microsoft Yahei&quot;, 微软雅黑, Simsun, 宋体, Arial; font-size: 18px; letter-spacing: 1px; white-space: normal;\">　　“客户会恐慌地来找我，他们担心他们根本拿不回他们的财产。”</p><p style=\"margin-top: 0px; margin-bottom: 30px; padding: 0px; font-family: &quot;Hiragino Sans GB&quot;, &quot;Microsoft Yahei&quot;, 微软雅黑, Simsun, 宋体, Arial; font-size: 18px; letter-spacing: 1px; white-space: normal;\">　　“有一位已经到了退休年龄的女性说，她担心她留不下任何财产。”</p><p style=\"margin-top: 0px; margin-bottom: 30px; padding: 0px; font-family: &quot;Hiragino Sans GB&quot;, &quot;Microsoft Yahei&quot;, 微软雅黑, Simsun, 宋体, Arial; font-size: 18px; letter-spacing: 1px; white-space: normal;\">　　Penny Liu描述了一位最近从中国向女儿和女婿汇款的客户，汇款的目的是购买房子，这对夫妻的关系在今年六月结束，而现在女儿的丈夫有权获得房子一半的所有权。</p><p style=\"margin-top: 0px; margin-bottom: 30px; padding: 0px; font-family: &quot;Hiragino Sans GB&quot;, &quot;Microsoft Yahei&quot;, 微软雅黑, Simsun, 宋体, Arial; font-size: 18px; letter-spacing: 1px; white-space: normal;\">　　“我的客户卖掉了房子，却只获得了40万新西兰元，这就是她得到的一切。”</p><p style=\"margin-top: 0px; margin-bottom: 30px; padding: 0px; font-family: &quot;Hiragino Sans GB&quot;, &quot;Microsoft Yahei&quot;, 微软雅黑, Simsun, 宋体, Arial; font-size: 18px; letter-spacing: 1px; white-space: normal;\">　　“她住在中国，在那里没有人能给她建议，她也不认为有必要得到任何建议，因为她信任她的女儿。”</p><p style=\"margin-top: 0px; margin-bottom: 30px; padding: 0px; font-family: &quot;Hiragino Sans GB&quot;, &quot;Microsoft Yahei&quot;, 微软雅黑, Simsun, 宋体, Arial; font-size: 18px; letter-spacing: 1px; white-space: normal;\">　　“客户最初的目的是帮助他们买一个不错的家，但是问题是没有办法证明这笔钱需要被偿还，所以在她知道这笔钱基本上算是蒸发了之后感到压力很大。”</p><p style=\"margin-top: 0px; margin-bottom: 30px; padding: 0px; font-family: &quot;Hiragino Sans GB&quot;, &quot;Microsoft Yahei&quot;, 微软雅黑, Simsun, 宋体, Arial; font-size: 18px; letter-spacing: 1px; white-space: normal;\">　　她说，父母送给孩子的一切都很常见，但是当孩子与伴侣结束关系后，一切都变得复杂了。</p><p style=\"margin-top: 0px; margin-bottom: 30px; padding: 0px; font-family: &quot;Hiragino Sans GB&quot;, &quot;Microsoft Yahei&quot;, 微软雅黑, Simsun, 宋体, Arial; font-size: 18px; letter-spacing: 1px; white-space: normal;\">　　“突然间，法律开始介入，当他们的关系结束时，父母会突然意识到，自己的钱有一半要进入一个他们甚至都没见过的人的口袋。”</p><p style=\"margin-top: 0px; margin-bottom: 30px; padding: 0px; font-family: &quot;Hiragino Sans GB&quot;, &quot;Microsoft Yahei&quot;, 微软雅黑, Simsun, 宋体, Arial; font-size: 18px; letter-spacing: 1px; white-space: normal;\">　　来自新西兰统计局9月份的季度报告显示，2%的房产是卖给没有公民身份或居民身份的人的。</p><p style=\"margin-top: 0px; margin-bottom: 30px; padding: 0px; font-family: &quot;Hiragino Sans GB&quot;, &quot;Microsoft Yahei&quot;, 微软雅黑, Simsun, 宋体, Arial; font-size: 18px; letter-spacing: 1px; white-space: normal;\">　　离婚律师Jeremy Sutton表示，涉及移民的关系纠纷约占纠纷总数的四分之一。</p><p style=\"margin-top: 0px; margin-bottom: 30px; padding: 0px; font-family: &quot;Hiragino Sans GB&quot;, &quot;Microsoft Yahei&quot;, 微软雅黑, Simsun, 宋体, Arial; font-size: 18px; letter-spacing: 1px; white-space: normal;\">　　“移民的案件占总数的20%至25%，在一些类型中，移民占的比例甚至要高的多，但是最终走上法庭的移民案件占比并不糟糕。”</p><p style=\"margin-top: 0px; margin-bottom: 30px; padding: 0px; font-family: &quot;Hiragino Sans GB&quot;, &quot;Microsoft Yahei&quot;, 微软雅黑, Simsun, 宋体, Arial; font-size: 18px; letter-spacing: 1px; white-space: normal;\">　　他表示，对财产法的一些拟议修改会在某些方面有所帮助。例如，产生关系前的财产不受平分财产法律的影响，但是即便如此，人们仍然可能会陷入困境。</p><p style=\"margin-top: 0px; margin-bottom: 30px; padding: 0px; font-family: &quot;Hiragino Sans GB&quot;, &quot;Microsoft Yahei&quot;, 微软雅黑, Simsun, 宋体, Arial; font-size: 18px; letter-spacing: 1px; white-space: normal;\">　　“有时双方之间已经进行过一些讨论，但是没有任何能够证明如何分割财产的文件留下。”</p><br/><p style=\"margin-top: 0px; margin-bottom: 30px; padding: 0px; font-family: &quot;Hiragino Sans GB&quot;, &quot;Microsoft Yahei&quot;, 微软雅黑, Simsun, 宋体, Arial; font-size: 18px; letter-spacing: 1px; white-space: normal;\">　　上文提到的两位律师都认为，只有更好的教育才能改善现状。</p><p style=\"margin-top: 0px; margin-bottom: 30px; padding: 0px; font-family: &quot;Hiragino Sans GB&quot;, &quot;Microsoft Yahei&quot;, 微软雅黑, Simsun, 宋体, Arial; font-size: 18px; letter-spacing: 1px; white-space: normal;\">　　Sutton表示，房产中介、银行员工、抵押贷款经纪人和律师，都有机会在购房过程中对人的想法进行影响。</p><p style=\"margin-top: 0px; margin-bottom: 30px; padding: 0px; font-family: &quot;Hiragino Sans GB&quot;, &quot;Microsoft Yahei&quot;, 微软雅黑, Simsun, 宋体, Arial; font-size: 18px; letter-spacing: 1px; white-space: normal;\">　　Penny Liu在过去的两年中一直在移民社区举办研讨会。</p><p style=\"margin-top: 0px; margin-bottom: 30px; padding: 0px; font-family: &quot;Hiragino Sans GB&quot;, &quot;Microsoft Yahei&quot;, 微软雅黑, Simsun, 宋体, Arial; font-size: 18px; letter-spacing: 1px; white-space: normal;\">　　“移民社区在理解他们面临的情况方面还存在着很大的差距，这也是很多纠纷和诉讼产生的原因。”</p><p style=\"margin-top: 0px; margin-bottom: 30px; padding: 0px; font-family: &quot;Hiragino Sans GB&quot;, &quot;Microsoft Yahei&quot;, 微软雅黑, Simsun, 宋体, Arial; font-size: 18px; letter-spacing: 1px; white-space: normal;\">　　她说语言障碍阻止了很多移民寻求法律建议。</p><p style=\"margin-top: 0px; margin-bottom: 30px; padding: 0px; font-family: &quot;Hiragino Sans GB&quot;, &quot;Microsoft Yahei&quot;, 微软雅黑, Simsun, 宋体, Arial; font-size: 18px; letter-spacing: 1px; white-space: normal;\">　　“不幸的是，你不能仅仅从翻译那里获得帮助，因为如果你愿意，你会需要一个懂得法律以及懂你的语言的人，事实上这样的人并不多。”</p><p style=\"margin-top: 0px; margin-bottom: 30px; padding: 0px; font-family: &quot;Hiragino Sans GB&quot;, &quot;Microsoft Yahei&quot;, 微软雅黑, Simsun, 宋体, Arial; font-size: 18px; letter-spacing: 1px; white-space: normal;\">　　“法律行业尚未成长到能够满足移民的需求，这个群体一直处在黑暗中。”</p><p style=\"margin-top: 0px; margin-bottom: 30px; padding: 0px; font-family: &quot;Hiragino Sans GB&quot;, &quot;Microsoft Yahei&quot;, 微软雅黑, Simsun, 宋体, Arial; font-size: 18px; letter-spacing: 1px; white-space: normal;\">　　Penny Liu还表示，自从海外买家禁令实施以来，有更多的人进行咨询，虽然这是无意识的行为，但是结果很好。</p><p><br/></p>', '/imgfile/tmp/default.jpg', '2018-12-11 12:29:23');
INSERT INTO `article` VALUES ('13', '美移民局简化官网页面 实现信息共享过程现代化', '美移民局简化官网页面 实现信息共享过程现代化', '据美国中文网报道，美国公民及移民服务局（以下简称“USCIS”）16日宣布，它已整合其网站上的数据页面，将所有数据包含在一个页面上。新的“移民和公民身份数据”页面使用户可以更轻松地访问信息。美国移民局网站截图。（图片来源：美国移民局网站）　　除了重新设计的数据页面，USCIS还发布了“了解我们的数据”页面，以帮助用户了解该机构发布的数据。　　“我们代理网站上的这个新的和改进的数据页面是我们为实现信息共享过程现代化，提供透明度以及更多地了解USCIS使命所采取的另一个步骤，”USCIS主任主任弗朗西斯•西斯纳（L。 Francis Cissna）说。　　“我们在线发布的大量数据被大量地搜索和访问，包括政策制定者、学者、利益相关方社区和公众。这一最新进展将有助于确保用户更轻松地访问数据，这将有助于他们更加准确地了解我们复杂的移民系统。”　　据悉，USCIS网站包含各种形式的移民福利和请求的各种数据。虽然数据集先前按主题驻留在各个页面上，但用户现在可以按类别过滤或使用搜索框从单个页面查找数据。该页面还包括有关每个数据集的其他信息，例如按季度日期范围和数据描述来搜索。　　以前在电子阅览室（ERR）中发布的包含数据的文件，包括对包含数据的国会查询的回复，现在将在新数据页面上提供。新文件将在生成时添加。　　此外，15日，美国国土安全部（DHS）与劳工部（DOL）联合发布了一份本法规制定提案通告（NPRM），该通知将使寻求H-2B非移民临时工人的雇主的招聘广告更现代化，以便更容易让美国本土工人找到并填补这些空缺职位。　　“H-2B计划”允许符合特定监管要求的美国雇主或美国代理人将外国公民带到美国，以填补临时非农业工作，它要求工作的性质必须是季节性的。　　拟议的规则要求寻求H-2B临时工的雇主，在互联网上发布电子广告，为期至少14天，取代法规目前要求的纸质广告和报纸广告。DHS和DOL认为，这是向美国工人传播职位空缺信息的更有效和高效的方式。该部门认为，在美国劳工通常使用的网站上发布电子广告，能保障本土工人充分了解在哪些工作领域正有招聘机会。　　联合规则建议，在有限的过渡期内逐步淘汰当前纸媒广告。在过渡期间，雇主仍可以选择印刷或者电子广告。该规定应为可能已购买印刷广告或已签订广告合同的雇主提供灵活性。USCIS鼓励公众在2018年12月10日评议期结束前就拟议规则提出反馈意见。', '<p style=\"margin-top: 0px; margin-bottom: 30px; padding: 0px; font-family: &quot;Hiragino Sans GB&quot;, &quot;Microsoft Yahei&quot;, 微软雅黑, Simsun, 宋体, Arial; font-size: 18px; letter-spacing: 1px; white-space: normal;\">据美国中文网报道，美国公民及移民服务局（以下简称“USCIS”）16日宣布，它已整合其网站上的数据页面，将所有数据包含在一个页面上。新的“移民和公民身份数据”页面使用户可以更轻松地访问信息。</p><p style=\"text-align: center;\"><img src=\"http://n.sinaimg.cn/edu/crawl/28/w500h328/20181119/UXOj-hnyuqhi1328096.jpg\" alt=\"美国移民局网站截图。（图片来源：美国移民局网站）\"/></p><p style=\"text-align: center;\"><span class=\"img_descr\" style=\"line-height: 20px; padding: 6px 0px; font-size: 16px; margin: 5px auto; display: inline-block; zoom: 1; text-align: left; font-weight: 700;\">美国移民局网站截图。（图片来源：美国移民局网站）</span></p><p style=\"margin-top: 0px; margin-bottom: 30px; padding: 0px; font-family: &quot;Hiragino Sans GB&quot;, &quot;Microsoft Yahei&quot;, 微软雅黑, Simsun, 宋体, Arial; font-size: 18px; letter-spacing: 1px; white-space: normal;\">　　除了重新设计的数据页面，USCIS还发布了“了解我们的数据”页面，以帮助用户了解该机构发布的数据。</p><p style=\"margin-top: 0px; margin-bottom: 30px; padding: 0px; font-family: &quot;Hiragino Sans GB&quot;, &quot;Microsoft Yahei&quot;, 微软雅黑, Simsun, 宋体, Arial; font-size: 18px; letter-spacing: 1px; white-space: normal;\">　　“我们代理网站上的这个新的和改进的数据页面是我们为实现信息共享过程现代化，提供透明度以及更多地了解USCIS使命所采取的另一个步骤，”USCIS主任主任弗朗西斯•西斯纳（L。 Francis Cissna）说。</p><p style=\"margin-top: 0px; margin-bottom: 30px; padding: 0px; font-family: &quot;Hiragino Sans GB&quot;, &quot;Microsoft Yahei&quot;, 微软雅黑, Simsun, 宋体, Arial; font-size: 18px; letter-spacing: 1px; white-space: normal;\">　　“我们在线发布的大量数据被大量地搜索和访问，包括政策制定者、学者、利益相关方社区和公众。这一最新进展将有助于确保用户更轻松地访问数据，这将有助于他们更加准确地了解我们复杂的移民系统。”</p><p style=\"margin-top: 0px; margin-bottom: 30px; padding: 0px; font-family: &quot;Hiragino Sans GB&quot;, &quot;Microsoft Yahei&quot;, 微软雅黑, Simsun, 宋体, Arial; font-size: 18px; letter-spacing: 1px; white-space: normal;\">　　据悉，USCIS网站包含各种形式的移民福利和请求的各种数据。虽然数据集先前按主题驻留在各个页面上，但用户现在可以按类别过滤或使用搜索框从单个页面查找数据。该页面还包括有关每个数据集的其他信息，例如按季度日期范围和数据描述来搜索。</p><p style=\"margin-top: 0px; margin-bottom: 30px; padding: 0px; font-family: &quot;Hiragino Sans GB&quot;, &quot;Microsoft Yahei&quot;, 微软雅黑, Simsun, 宋体, Arial; font-size: 18px; letter-spacing: 1px; white-space: normal;\">　　以前在电子阅览室（ERR）中发布的包含数据的文件，包括对包含数据的国会查询的回复，现在将在新数据页面上提供。新文件将在生成时添加。</p><p style=\"margin-top: 0px; margin-bottom: 30px; padding: 0px; font-family: &quot;Hiragino Sans GB&quot;, &quot;Microsoft Yahei&quot;, 微软雅黑, Simsun, 宋体, Arial; font-size: 18px; letter-spacing: 1px; white-space: normal;\">　　此外，15日，美国国土安全部（DHS）与劳工部（DOL）联合发布了一份本法规制定提案通告（NPRM），该通知将使寻求H-2B非移民临时工人的雇主的招聘广告更现代化，以便更容易让美国本土工人找到并填补这些空缺职位。</p><p style=\"margin-top: 0px; margin-bottom: 30px; padding: 0px; font-family: &quot;Hiragino Sans GB&quot;, &quot;Microsoft Yahei&quot;, 微软雅黑, Simsun, 宋体, Arial; font-size: 18px; letter-spacing: 1px; white-space: normal;\">　　“H-2B计划”允许符合特定监管要求的美国雇主或美国代理人将外国公民带到美国，以填补临时非农业工作，它要求工作的性质必须是季节性的。</p><p style=\"margin-top: 0px; margin-bottom: 30px; padding: 0px; font-family: &quot;Hiragino Sans GB&quot;, &quot;Microsoft Yahei&quot;, 微软雅黑, Simsun, 宋体, Arial; font-size: 18px; letter-spacing: 1px; white-space: normal;\">　　拟议的规则要求寻求H-2B临时工的雇主，在互联网上发布电子广告，为期至少14天，取代法规目前要求的纸质广告和报纸广告。DHS和DOL认为，这是向美国工人传播职位空缺信息的更有效和高效的方式。该部门认为，在美国劳工通常使用的网站上发布电子广告，能保障本土工人充分了解在哪些工作领域正有招聘机会。</p><p style=\"margin-top: 0px; margin-bottom: 30px; padding: 0px; font-family: &quot;Hiragino Sans GB&quot;, &quot;Microsoft Yahei&quot;, 微软雅黑, Simsun, 宋体, Arial; font-size: 18px; letter-spacing: 1px; white-space: normal;\">　　联合规则建议，在有限的过渡期内逐步淘汰当前纸媒广告。在过渡期间，雇主仍可以选择印刷或者电子广告。该规定应为可能已购买印刷广告或已签订广告合同的雇主提供灵活性。USCIS鼓励公众在2018年12月10日评议期结束前就拟议规则提出反馈意见。</p><p><br/></p>', 'http://n.sinaimg.cn/edu/crawl/28/w500h328/20181119/UXOj-hnyuqhi1328096.jpg', '2018-12-11 12:32:12');
INSERT INTO `article` VALUES ('14', '英媒：中印留学生助推英国净移民人数创新高', '参考消息网', '英媒称，大量来自欧洲以外的人前往英国留学是推动英国净移民人数达到14年来最高水平的一个重要因素。据英国《泰晤士报》网站11月29日报道，英国国家统计办公室11月29日公布的移民统计数据揭示了这种移民人数增加的现象。与此同时，英国内政部公布的数据显示英国向欧盟以外国家公民发放的留学签证数量大幅增长。截至今年9月份，向非欧盟国民及其受抚养人发放的留学签证数量增加了7%达到23.9万份，其中向中国公民发放的签证增加12%至将近10万份，向印度人发放的签证增加33%至1.87万份。高等院校曾抱怨说，特雷莎·梅首相在英国内政部任职期间对签证的打压，使英国显得对海外学生充满敌意。报道称，在雇主对技术熟练工人短缺表示担忧的背景下，英国发放给工人的签证数量也急剧增加。针对技术熟练工人的签证增加了5%（即7400份），达到了17.1万份，是2009年以来的最高水平。向印度人、尼日利亚人、巴基斯坦人和菲律宾人发放的签证也有所增加。报道称，英国向已经在该国境内的非欧盟公民发放探亲签证的数量出现上升。数据显示，向欧洲经济区以外国民出于家庭原因发放的签证增加了14%，达到14.7万份，其中向前往英国团聚的伴侣、子女和其他受抚养人发放的签证增加20%，达到4.47万份。主张减少接受移民的人士说，他们对29日公布的数字感到震惊，因为来自欧盟以外的移民是政府目前可以控制的一个领域。他们还指出，内政部的数据显示，寻求避难失败者和非法移民被强制遣返和自愿离境的人数有所下降。至今年9月，前者从一年前的1.23万人减至1.01万人，同期，自愿离境人数从2.2万人减至1.5万人。还有些人认为，非欧盟净移民数字表明，英国的低失业率正迫使企业到海外寻找技术熟练工人。来自毕马威公司的就业和移民事务合伙人普南·伯利说：“重新加强控制英国边境一直是英国脱欧争论中的一个重要问题。现在又有一批来自欧盟以外地区，尤其是南亚的工人和学生涌入英国，在这种情况下，英国脱欧争论专注于欧盟公民的做法恐怕显得相当狭隘。”刘易斯·西尔金律师事务所的管理助理乔安娜·亨特说：“英国的失业率持续走低而英国雇主迫切需要从国外寻找技术熟练工人的情况始终存在。这揭示了雇主目前为填补劳动力大军中的技能缺口愿意付出多大努力，尤其是考虑到赞助费的行政负担、申请费的连续上涨以及承担技能税和移民医疗附加费的额外要求。”报道称，随着欧盟的净移民人数下降，29日公布的其他数字还显示，数以千计已经在英国境内的欧盟成员国公民通过取得英国国籍来确保自身地位。从2015年到去年，取得国籍的人数增加了一倍多，从1.26万人上升到3.12万人。来自欧盟成员国公民的申请数量在过去一年增加了32%，达到43545份。（编译/何金娥）', '<p style=\"margin-top: 28px; margin-bottom: 0px; padding: 0px; font-variant-numeric: normal; font-variant-east-asian: normal; font-stretch: normal; line-height: 28px; font-family: &quot;Microsoft Yahei&quot;; text-indent: 2em; color: rgb(64, 64, 64); text-align: justify; white-space: normal; background-color: rgb(255, 255, 255);\">英媒称，大量来自欧洲以外的人前往英国留学是推动英国净<a href=\"http://edu.163.com/yimin/\" title=\"网易移民频道\" target=\"_blank\" style=\"color: rgb(15, 107, 153);\">移民</a>人数达到14年来最高水平的一个重要因素。</p><p style=\"margin-top: 28px; margin-bottom: 0px; padding: 0px; font-variant-numeric: normal; font-variant-east-asian: normal; font-stretch: normal; line-height: 28px; font-family: &quot;Microsoft Yahei&quot;; text-indent: 2em; color: rgb(64, 64, 64); text-align: justify; white-space: normal; background-color: rgb(255, 255, 255);\">据英国《泰晤士报》网站11月29日报道，英国国家统计办公室11月29日公布的移民统计数据揭示了这种移民人数增加的现象。与此同时，英国内政部公布的数据显示英国向欧盟以外国家公民发放的留学签证数量大幅增长。</p><p style=\"margin-top: 28px; margin-bottom: 0px; padding: 0px; font-variant-numeric: normal; font-variant-east-asian: normal; font-stretch: normal; line-height: 28px; font-family: &quot;Microsoft Yahei&quot;; text-indent: 2em; color: rgb(64, 64, 64); text-align: justify; white-space: normal; background-color: rgb(255, 255, 255);\">截至今年9月份，向非欧盟国民及其受抚养人发放的留学签证数量增加了7%达到23.9万份，其中向中国公民发放的签证增加12%至将近10万份，向印度人发放的签证增加33%至1.87万份。</p><p style=\"margin-top: 28px; margin-bottom: 0px; padding: 0px; font-variant-numeric: normal; font-variant-east-asian: normal; font-stretch: normal; line-height: 28px; font-family: &quot;Microsoft Yahei&quot;; text-indent: 2em; color: rgb(64, 64, 64); text-align: justify; white-space: normal; background-color: rgb(255, 255, 255);\">高等院校曾抱怨说，特雷莎·梅首相在英国内政部任职期间对签证的打压，使英国显得对海外学生充满敌意。</p><p style=\"margin-top: 28px; margin-bottom: 0px; padding: 0px; font-variant-numeric: normal; font-variant-east-asian: normal; font-stretch: normal; line-height: 28px; font-family: &quot;Microsoft Yahei&quot;; text-indent: 2em; color: rgb(64, 64, 64); text-align: justify; white-space: normal; background-color: rgb(255, 255, 255);\">报道称，在雇主对技术熟练工人短缺表示担忧的背景下，英国发放给工人的签证数量也急剧增加。针对技术熟练工人的签证增加了5%（即7400份），达到了17.1万份，是2009年以来的最高水平。向印度人、尼日利亚人、巴基斯坦人和菲律宾人发放的签证也有所增加。</p><p style=\"margin-top: 28px; margin-bottom: 0px; padding: 0px; font-variant-numeric: normal; font-variant-east-asian: normal; font-stretch: normal; line-height: 28px; font-family: &quot;Microsoft Yahei&quot;; text-indent: 2em; color: rgb(64, 64, 64); text-align: justify; white-space: normal; background-color: rgb(255, 255, 255);\">报道称，英国向已经在该国境内的非欧盟公民发放探亲签证的数量出现上升。数据显示，向欧洲经济区以外国民出于家庭原因发放的签证增加了14%，达到14.7万份，其中向前往英国团聚的伴侣、子女和其他受抚养人发放的签证增加20%，达到4.47万份。</p><p style=\"margin-top: 28px; margin-bottom: 0px; padding: 0px; font-variant-numeric: normal; font-variant-east-asian: normal; font-stretch: normal; line-height: 28px; font-family: &quot;Microsoft Yahei&quot;; text-indent: 2em; color: rgb(64, 64, 64); text-align: justify; white-space: normal; background-color: rgb(255, 255, 255);\">主张减少接受移民的人士说，他们对29日公布的数字感到震惊，因为来自欧盟以外的移民是政府目前可以控制的一个领域。</p><p style=\"margin-top: 28px; margin-bottom: 0px; padding: 0px; font-variant-numeric: normal; font-variant-east-asian: normal; font-stretch: normal; line-height: 28px; font-family: &quot;Microsoft Yahei&quot;; text-indent: 2em; color: rgb(64, 64, 64); text-align: justify; white-space: normal; background-color: rgb(255, 255, 255);\">他们还指出，内政部的数据显示，寻求避难失败者和非法移民被强制遣返和自愿离境的人数有所下降。至今年9月，前者从一年前的1.23万人减至1.01万人，同期，自愿离境人数从2.2万人减至1.5万人。</p><p style=\"margin-top: 28px; margin-bottom: 0px; padding: 0px; font-variant-numeric: normal; font-variant-east-asian: normal; font-stretch: normal; line-height: 28px; font-family: &quot;Microsoft Yahei&quot;; text-indent: 2em; color: rgb(64, 64, 64); text-align: justify; white-space: normal; background-color: rgb(255, 255, 255);\">还有些人认为，非欧盟净移民数字表明，英国的低失业率正迫使企业到海外寻找技术熟练工人。</p><p style=\"margin-top: 28px; margin-bottom: 0px; padding: 0px; font-variant-numeric: normal; font-variant-east-asian: normal; font-stretch: normal; line-height: 28px; font-family: &quot;Microsoft Yahei&quot;; text-indent: 2em; color: rgb(64, 64, 64); text-align: justify; white-space: normal; background-color: rgb(255, 255, 255);\">来自毕马威公司的就业和移民事务合伙人普南·伯利说：“重新加强控制英国边境一直是英国脱欧争论中的一个重要问题。现在又有一批来自欧盟以外地区，尤其是南亚的工人和学生涌入英国，在这种情况下，英国脱欧争论专注于欧盟公民的做法恐怕显得相当狭隘。”</p><p style=\"margin-top: 28px; margin-bottom: 0px; padding: 0px; font-variant-numeric: normal; font-variant-east-asian: normal; font-stretch: normal; line-height: 28px; font-family: &quot;Microsoft Yahei&quot;; text-indent: 2em; color: rgb(64, 64, 64); text-align: justify; white-space: normal; background-color: rgb(255, 255, 255);\">刘易斯·西尔金律师事务所的管理助理乔安娜·亨特说：“英国的失业率持续走低而英国雇主迫切需要从国外寻找技术熟练工人的情况始终存在。这揭示了雇主目前为填补劳动力大军中的技能缺口愿意付出多大努力，尤其是考虑到赞助费的行政负担、申请费的连续上涨以及承担技能税和移民医疗附加费的额外要求。”</p><p style=\"margin-top: 28px; margin-bottom: 0px; padding: 0px; font-variant-numeric: normal; font-variant-east-asian: normal; font-stretch: normal; line-height: 28px; font-family: &quot;Microsoft Yahei&quot;; text-indent: 2em; color: rgb(64, 64, 64); text-align: justify; white-space: normal; background-color: rgb(255, 255, 255);\">报道称，随着欧盟的净移民人数下降，29日公布的其他数字还显示，数以千计已经在英国境内的欧盟成员国公民通过取得英国国籍来确保自身地位。</p><p style=\"margin-top: 28px; margin-bottom: 0px; padding: 0px; font-variant-numeric: normal; font-variant-east-asian: normal; font-stretch: normal; line-height: 28px; font-family: &quot;Microsoft Yahei&quot;; text-indent: 2em; color: rgb(64, 64, 64); text-align: justify; white-space: normal; background-color: rgb(255, 255, 255);\">从2015年到去年，取得国籍的人数增加了一倍多，从1.26万人上升到3.12万人。来自欧盟成员国公民的申请数量在过去一年增加了32%，达到43545份。（编译/何金娥）</p><p><br/></p>', '/imgfile/tmp/default.jpg', '2018-12-13 14:09:23');
INSERT INTO `article` VALUES ('15', '赴日本留学审查严格化 中国学生获签率较为稳定', '海外邦', '面向东南亚国家留学生的“在留资格”签发率也明显下降。尼泊尔从约48%锐减至8%左右，斯里兰卡从约51%骤降至3%，孟加拉国从约58%降至约3%，缅甸也从74%减至约20%。日本作为发达国家之一，一直以其强大的科研能力、较高的社会文明程度和独特的文化魅力吸引着越来越多的亚洲留学生。近日，日本留学流程也趋于严格化，但中国留学生获签证率稳定。据东京入国管理局公布的语言学校的相关资料显示，2018年4月，申请前往日本语言学校留学的外国留学生共计29801人，77.7%通过审查，顺利拿到了“在留资格”；而2018年10月申请赴日留学的16495名外国留学生中，只有65.6%的人通过审查，比4月份减少了12.1%。面向东南亚国家留学生的“在留资格”签发率也明显下降。尼泊尔从约48%锐减至8%左右，斯里兰卡从约51%骤降至3%，孟加拉国从约58%降至约3%，缅甸也从74%减至约20%。而另一方面，中国和越南的签发率则没有太大波动，依然维持在9成左右。对此，包括缅甸等国家在内的留学中介机构负责人表示不满，认为日本各地入国管理局是根据国籍“一刀切”，把这部分国家的留学生都拒之门外。', '<p style=\"margin-top: 28px; margin-bottom: 0px; padding: 0px; font-variant-numeric: normal; font-variant-east-asian: normal; font-stretch: normal; line-height: 28px; font-family: &quot;Microsoft Yahei&quot;; text-indent: 2em; color: rgb(64, 64, 64); text-align: justify; white-space: normal; background-color: rgb(255, 255, 255);\">面向东南亚国家留学生的“在留资格”签发率也明显下降。尼泊尔从约48%锐减至8%左右，斯里兰卡从约51%骤降至3%，孟加拉国从约58%降至约3%，缅甸也从74%减至约20%。</p><p style=\"margin-top: 28px; margin-bottom: 0px; padding: 0px; font-variant-numeric: normal; font-variant-east-asian: normal; font-stretch: normal; line-height: 28px; font-family: &quot;Microsoft Yahei&quot;; text-indent: 2em; color: rgb(64, 64, 64); text-align: justify; white-space: normal; background-color: rgb(255, 255, 255);\">日本作为发达国家之一，一直以其强大的科研能力、较高的社会文明程度和独特的文化魅力吸引着越来越多的亚洲留学生。近日，日本留学流程也趋于严格化，但中国留学生获签证率稳定。</p><p style=\"margin-top: 28px; margin-bottom: 0px; padding: 0px; font-variant-numeric: normal; font-variant-east-asian: normal; font-stretch: normal; line-height: 28px; font-family: &quot;Microsoft Yahei&quot;; text-indent: 2em; color: rgb(64, 64, 64); text-align: justify; white-space: normal; background-color: rgb(255, 255, 255);\"><ins><ins><a href=\"http://saxn.sina.com.cn/mfp/click?type=3&t=MjAxOC0xMi0wMyAxNDowMToyOQkyMjAuMTgxLjEwMi4xNzYJMTAuMTMuMjQwLjk2XzE1MzI2NTU5MjQuMTk2ODE5CWh0dHA6Ly9lZHUuc2luYS5jb20uY24vYS8yMDE4LTEyLTAzL2RvYy1paHBya252czc4NTAzODQuc2h0bWw%2FY3JlPXRpYW55aSZtb2Q9cGNlZHUmbG9jPTE4JnI9MCZkb2N0PTAmcmZ1bmM9MTEmdGo9bm9uZSZ0cj0xMglQRFBTMDAwMDAwMDU2MDUzCWMyNDJkMzNiLTNkY2QtNDVlZS04ZTU0LWQwNzk1NjE1NzE1OAlEMUM4RTY1QTM2NTcJRDFDOEU2NUEzNjU3CWF1dG9fbGV2ZWw6MTgwMTAwfHVzZXJfZ3JvdXA6OTA3LDkwMSw5MTIsOTAyLDkwMyw5MDZ8dXNlcl90YWc6MjAwMDYsMjAwMDEsMjAwMDIsMjAwMDMsMjAwMDQsMjAwMDUsMjA5NTUsMjEwNjAsMjEwNjEsMjA0MjQsMjEzODAsMjEzODEsMjEzNzYsMjEzNzcsMjEzNzgsMjEzNzksMjA0MjUsMjA2MzQsMjA2MzV8d2FwX29zOjcwMHx1c2VyX2FnZTo2MDIsNjAxLDYwM3x1c2VyX2dlbmRlcjo1MDJ8YXV0b19wcmljZToxODAyMDB8X3Zfem9uZTozMDIwMDAsMzAyMDAwfG1vYmlsZV9icmFuZDoxMjA5fGNhcnJpZXI6MTgwNDAwfHBvczpQRFBTMDAwMDAwMDU2MDUzfHZfem9uZTozMDIwMDAsMzAyMDAwfG1vYmlsZV9icm93c2VyOjgwNXxhZF9jcm93ZHM6MTgwNTAwfHZlcnNpb246d2J2X2JtMV8xCQkzMDIwMDB8MzAyMDAwCUQxQzhFNjVBMzY1NwlOQjE4MDMxNTA5LTAwOQkJRDFDOEU2NUEzNjU3CUFFCTE1NzIwMDUyMDUJNDAJLQktCS0JLQktCS0JLQktCS0JMQktCTAJMAljaGFubmVsMjplZHVfYXxtZDU6YmFiOWQ3OTEzZDcwNTI4NDFhZTQzM2JjMTI5ZDY1OTJ8UlRCOmZhbHNlfGFnZW50Om51bGx8bW9yZUltcHJlc3M6MHxjb250cmFjdDoxMDEsMHxvczp3aW5kb3dzbnQ2fGNwZFRvY3BtOmZhbHNlfGJ1Y2tldElkOjB8Y3JlYXRpdmU6RDFDOEU2NUEzNjU3LEQxQzhFNjVBMzY1NyxEMUM4RTY1QTM2NTd8YWRQbGF0Rm9ybTowfGFsZ29Sb3RhdGU6ZmFsc2V8YnJvd3NlcjpjaHJvbWV8c2VydmVySVA6MTAuMTMuODguMTA4fGJpZFZhbHVlOjAuMHxwbGF0Zm9ybTpvdGhlcnxkZXZpY2U6b3RoZXIJMAkt&url=http%3A%2F%2Ftest.m.cscdf.org%2Flxgonglue.aspx%3FcountryId%3D1&captcha=-9135230070199895017&viewlog=false&userid=10.13.240.96_1532655924.196819\" target=\"_blank\" class=\"f_center\" style=\"color: rgb(15, 107, 153); text-decoration-line: none; text-align: center; text-indent: 0px; outline: 0px; display: block; line-height: 0;\"><br/></a></ins></ins></p><p style=\"margin-top: 28px; margin-bottom: 0px; padding: 0px; font-variant-numeric: normal; font-variant-east-asian: normal; font-stretch: normal; line-height: 28px; font-family: &quot;Microsoft Yahei&quot;; text-indent: 2em; color: rgb(64, 64, 64); text-align: justify; white-space: normal; background-color: rgb(255, 255, 255);\">据东京入国管理局公布的语言学校的相关资料显示，2018年4月，申请前往日本语言学校留学的外国留学生共计29801人，77.7%通过审查，顺利拿到了“在留资格”；而2018年10月申请赴日留学的16495名外国留学生中，只有65.6%的人通过审查，比4月份减少了12.1%。</p><p style=\"margin-top: 28px; margin-bottom: 0px; padding: 0px; font-variant-numeric: normal; font-variant-east-asian: normal; font-stretch: normal; line-height: 28px; font-family: &quot;Microsoft Yahei&quot;; text-indent: 2em; color: rgb(64, 64, 64); text-align: justify; white-space: normal; background-color: rgb(255, 255, 255);\">面向东南亚国家留学生的“在留资格”签发率也明显下降。尼泊尔从约48%锐减至8%左右，斯里兰卡从约51%骤降至3%，孟加拉国从约58%降至约3%，缅甸也从74%减至约20%。而另一方面，中国和越南的签发率则没有太大波动，依然维持在9成左右。</p><p style=\"margin-top: 28px; margin-bottom: 0px; padding: 0px; font-variant-numeric: normal; font-variant-east-asian: normal; font-stretch: normal; line-height: 28px; font-family: &quot;Microsoft Yahei&quot;; text-indent: 2em; color: rgb(64, 64, 64); text-align: justify; white-space: normal; background-color: rgb(255, 255, 255);\">对此，包括缅甸等国家在内的留学中介机构负责人表示不满，认为日本各地入国管理局是根据国籍“一刀切”，把这部分国家的留学生都拒之门外。</p><p><br/></p>', '/imgfile/tmp/default.jpg', '2018-12-13 14:09:57');
INSERT INTO `article` VALUES ('16', '英国新政惠及欧盟留学生', '中国教育报', '近日，英国教育大臣达米安·海因兹宣布，在2019至2020学年，欧盟学生将继续获得英国财政资助和费用支持。当日，英国威尔士教育大臣柯尔斯蒂·威廉姆斯为计划在威尔士学习的欧盟学生做出了类似的保证。英国苏格兰于此前已制定政策，也保证2019至2020学年的资助和学费支持。这是英国政府连续第三年确认欧盟学生将继续有资格获得学生贷款和英国本土学生待遇。这意味着欧盟学生将继续获得与英国本土学生相同的经济支持和学费政策，并且意味着即使英国于2019年3月29日脱欧之后，欧盟学生仍将获得相应的资助以继续其学业。对此，达米安·海因兹表示：“欧盟学生为英国大学机构做出了重要贡献，而且许多来自国外的学生都选择留学英国，证明了我们的教育体系。如今，我们要在他们学业期间提供明确的资金支持。”据悉，这一决定是在英国教育工作者和学生团体不断施压的情况下做出的，这些人员敦促政府消除欧盟学生访学的不确定性。之前，英国大学联盟在一份官方声明中曾表示，虽然英国各大学已收到欧盟学生关于明年开学的课程询问，但大多数欧盟学生和大学仍然对欧盟学生的收费状况和财政支持感到茫然。这项工作的紧迫性，部分因为目前有超过13万名欧盟学生在英国大学学习，相当于在英所有国际学生的30％。声明发布之后，英国大学联盟首席执行官阿利斯泰尔·贾维斯表示，声明为欧盟学生和大学明确了政策。罗素大学集团首席执行官蒂姆·布拉德肖认为，这项声明来得有点晚。据悉，罗素大学集团每年从欧盟学生那里收到10万份留学申请。', '<p class=\"f_center\" style=\"margin-top: 28px; margin-bottom: 0px; padding: 0px; font-variant-numeric: normal; font-variant-east-asian: normal; font-stretch: normal; line-height: 28px; font-family: &quot;Microsoft Yahei&quot;; color: rgb(64, 64, 64); text-align: center; white-space: normal; background-color: rgb(255, 255, 255);\"><img alt=\"英国新政惠及欧盟留学生\" src=\"http://cms-bucket.nosdn.127.net/2018/11/30/28bc93c502464d04959f1ac9a5c2df14.jpeg?imageView&thumbnail=550x0\"/><br/></p><p style=\"margin-top: 28px; margin-bottom: 0px; padding: 0px; font-variant-numeric: normal; font-variant-east-asian: normal; font-stretch: normal; line-height: 28px; font-family: &quot;Microsoft Yahei&quot;; text-indent: 2em; color: rgb(64, 64, 64); text-align: justify; white-space: normal; background-color: rgb(255, 255, 255);\">近日，英国<a href=\"http://edu.163.com/\" title=\"网易教育频道\" target=\"_blank\" style=\"color: rgb(15, 107, 153);\">教育</a>大臣达米安·海因兹宣布，在2019至2020学年，欧盟学生将继续获得英国财政资助和费用支持。当日，英国威尔士教育大臣柯尔斯蒂·威廉姆斯为计划在威尔士学习的欧盟学生做出了类似的保证。英国苏格兰于此前已制定政策，也保证2019至2020学年的资助和学费支持。</p><p style=\"margin-top: 28px; margin-bottom: 0px; padding: 0px; font-variant-numeric: normal; font-variant-east-asian: normal; font-stretch: normal; line-height: 28px; font-family: &quot;Microsoft Yahei&quot;; text-indent: 2em; color: rgb(64, 64, 64); text-align: justify; white-space: normal; background-color: rgb(255, 255, 255);\">这是英国政府连续第三年确认欧盟学生将继续有资格获得学生贷款和英国本土学生待遇。这意味着欧盟学生将继续获得与英国本土学生相同的经济支持和学费政策，并且意味着即使英国于2019年3月29日脱欧之后，欧盟学生仍将获得相应的资助以继续其学业。对此，达米安·海因兹表示：“欧盟学生为英国大学机构做出了重要贡献，而且许多来自国外的学生都选择留学英国，证明了我们的教育体系。如今，我们要在他们学业期间提供明确的资金支持。”</p><p style=\"margin-top: 28px; margin-bottom: 0px; padding: 0px; font-variant-numeric: normal; font-variant-east-asian: normal; font-stretch: normal; line-height: 28px; font-family: &quot;Microsoft Yahei&quot;; text-indent: 2em; color: rgb(64, 64, 64); text-align: justify; white-space: normal; background-color: rgb(255, 255, 255);\">据悉，这一决定是在英国教育工作者和学生团体不断施压的情况下做出的，这些人员敦促政府消除欧盟学生访学的不确定性。之前，英国大学联盟在一份官方声明中曾表示，虽然英国各大学已收到欧盟学生关于明年开学的课程询问，但大多数欧盟学生和大学仍然对欧盟学生的收费状况和财政支持感到茫然。这项工作的紧迫性，部分因为目前有超过13万名欧盟学生在英国大学学习，相当于在英所有国际学生的30％。</p><p style=\"margin-top: 28px; margin-bottom: 0px; padding: 0px; font-variant-numeric: normal; font-variant-east-asian: normal; font-stretch: normal; line-height: 28px; font-family: &quot;Microsoft Yahei&quot;; text-indent: 2em; color: rgb(64, 64, 64); text-align: justify; white-space: normal; background-color: rgb(255, 255, 255);\">声明发布之后，英国大学联盟首席执行官阿利斯泰尔·贾维斯表示，声明为欧盟学生和大学明确了政策。罗素大学集团首席执行官蒂姆·布拉德肖认为，这项声明来得有点晚。据悉，罗素大学集团每年从欧盟学生那里收到10万份<a href=\"http://edu.163.com/special/lxzhidaolist/\" title=\"网易留学频道\" target=\"_blank\" style=\"color: rgb(15, 107, 153);\">留学申请</a>。</p><p><br/></p>', 'http://cms-bucket.nosdn.127.net/2018/11/30/28bc93c502464d04959f1ac9a5c2df14.jpeg?imageView&thumbnail=550x0', '2018-12-13 14:10:42');
INSERT INTO `article` VALUES ('17', '12月21日起 中国和卡塔尔将全面互免签证', '中国新闻网', '据领事直通车微信公众号消息，中国政府和卡塔尔国政府已于2018年7月9日签署《中华人民共和国政府和卡塔尔国政府关于互免签证的协定》。该协定将于2018年12月21日生效。生效之前，双方公民前往对方国家，仍需按现有规定办理。图片来源：领事直通车微信公众号。　　该协定生效后，中国公民持有效的中国护照因旅游、商务、探亲、过境等短期事由拟在卡塔尔停留不超过30天，免办签证。　　拟入境卡塔尔从事工作、定居、新闻报道等需该国主管部门事先批准的活动，应在入境前办妥有关手续。', '<p style=\"margin-top: 0px; margin-bottom: 30px; padding: 0px; font-family: &quot;Hiragino Sans GB&quot;, &quot;Microsoft Yahei&quot;, 微软雅黑, Simsun, 宋体, Arial; font-size: 18px; letter-spacing: 1px; white-space: normal;\">据领事直通车微信公众号消息，中国政府和卡塔尔国政府已于2018年7月9日签署《中华人民共和国政府和卡塔尔国政府关于互免签证的协定》。该协定将于2018年12月21日生效。生效之前，双方公民前往对方国家，仍需按现有规定办理。</p><p style=\"text-align: center;\"><img src=\"http://n.sinaimg.cn/edu/crawl/11/w550h261/20181214/tQ_T-hqackac4416000.jpg\" alt=\"图片来源：领事直通车微信公众号。\"/></p><p style=\"text-align: center;\"><span class=\"img_descr\" style=\"line-height: 20px; padding: 6px 0px; font-size: 16px; margin: 5px auto; display: inline-block; zoom: 1; text-align: left; font-weight: 700;\">图片来源：领事直通车微信公众号。</span></p><br/><p style=\"margin-top: 0px; margin-bottom: 30px; padding: 0px; font-family: &quot;Hiragino Sans GB&quot;, &quot;Microsoft Yahei&quot;, 微软雅黑, Simsun, 宋体, Arial; font-size: 18px; letter-spacing: 1px; white-space: normal;\">　　该协定生效后，中国公民持有效的中国护照因旅游、商务、探亲、过境等短期事由拟在卡塔尔停留不超过30天，免办签证。</p><p style=\"margin-top: 0px; margin-bottom: 30px; padding: 0px; font-family: &quot;Hiragino Sans GB&quot;, &quot;Microsoft Yahei&quot;, 微软雅黑, Simsun, 宋体, Arial; font-size: 18px; letter-spacing: 1px; white-space: normal;\">　　拟入境卡塔尔从事工作、定居、新闻报道等需该国主管部门事先批准的活动，应在入境前办妥有关手续。</p><p><br/></p>', 'http://n.sinaimg.cn/edu/crawl/11/w550h261/20181214/tQ_T-hqackac4416000.jpg', '2018-12-14 13:41:59');
INSERT INTO `article` VALUES ('18', '2018加拿大向8万余人发出移民申请邀请 或破纪录', '中国新闻网', '&nbsp;据加拿大《明报》报道，当地时间12月12日，加拿大联邦移民部“快速信道”移民项目进行最新一轮网上抽签。截至本轮抽签，联邦移民部2018年已经向85900申请人发出移民申请邀请（ITA）。如果此趋势持续到2018年年底，有望打破2017年签发ITA数量的最高纪录。　　资料图片：加拿大新移民在多伦多著名地标建筑、加拿大国家电视塔（CN Tower）上体验“极限边缘漫步”，在距离地面356米的高空以特殊方式举行入籍仪式。中新社发 加拿大移民部供图 摄　　当地时间12月12日，联邦移民部“快速信道”移民项目进行了最新一轮网上随机抽签，共向3900名申请人签发ITA。被抽中申请人最低移民分数（CRS）要求为445分，比前一轮抽签CRS分数小幅下降，但依然维持在2018年抽签最低分值440分以上。　　截至本轮抽签，联邦移民部2018年已经向85900申请人发出移民申请邀请（ITA）。不仅大大超出2018年计划引进的联邦高技术经济类移民的目标，而且有望打破2017年签发ITA数量的最高纪录。　　联邦移民部2017年计划引进高技术经济类移民71700人，但实际签发ITA数量达86023个，创造引进此类移民数量历史最高纪录。2018年，移民部计划引进此类移民74900人，目前已大大超出计划目标。如果到年底前继续按照当前的抽签节奏，即每两周进行一轮抽签、每轮抽签签发ITA数量在3000个左右，将打破2017年签发ITA数量的最高纪录。　　联邦移民部早前表示，2017年多签发ITA引进的1万多移民申请人，算作2018年的移民名额。2018年通过“快速信道”移民项目引进的移民数量，会按照2018年移民计划执行。　　移民顾问吴冰表示：“不要混淆移民部签发ITA数量与实际引进移民人数。考虑到移民部申请处理申请人递交的案子需要一定时间，年底前几轮抽签获得ITA的申请人，他们接到移民申请批准通知通常要到下一年。所以，移民部说多出的ITA数量算作下一年移民名额。”　　吴冰称，移民部每年实际引进的移民人数依然按照移民计划执行。据吴冰判断，由于申请‘快速信道’移民项目的人数较多，每年移民部签发ITA数量都会超出它当年的计划。', '<p style=\"margin-top: 0px; margin-bottom: 30px; padding: 0px; font-family: &quot;Hiragino Sans GB&quot;, &quot;Microsoft Yahei&quot;, 微软雅黑, Simsun, 宋体, Arial; font-size: 18px; letter-spacing: 1px; white-space: normal;\">&nbsp;据加拿大《明报》报道，当地时间12月12日，加拿大联邦移民部“快速信道”移民项目进行最新一轮网上抽签。截至本轮抽签，联邦移民部2018年已经向85900申请人发出移民申请邀请（ITA）。如果此趋势持续到2018年年底，有望打破2017年签发ITA数量的最高纪录。</p><p style=\"text-align: center;\"><img src=\"http://n.sinaimg.cn/edu/crawl/153/w550h403/20181214/qh7q-hqackac5804023.jpg\" alt=\"资料图片：加拿大新移民在多伦多著名地标建筑、加拿大国家电视塔（CN Tower）上体验“极限边缘漫步”，在距离地面356米的高空以特殊方式举行入籍仪式。中新社发 加拿大移民部供图 摄\"/><span class=\"img_descr\" style=\"line-height: 20px; padding: 6px 0px; font-size: 16px; margin: 5px auto; display: inline-block; zoom: 1; text-align: left; font-weight: 700;\">　　资料图片：加拿大新移民在多伦多著名地标建筑、加拿大国家电视塔（CN Tower）上体验“极限边缘漫步”，在距离地面356米的高空以特殊方式举行入籍仪式。中新社发 加拿大移民部供图 摄</span></p><p style=\"margin-top: 0px; margin-bottom: 30px; padding: 0px; font-family: &quot;Hiragino Sans GB&quot;, &quot;Microsoft Yahei&quot;, 微软雅黑, Simsun, 宋体, Arial; font-size: 18px; letter-spacing: 1px; white-space: normal;\">　　当地时间12月12日，联邦移民部“快速信道”移民项目进行了最新一轮网上随机抽签，共向3900名申请人签发ITA。被抽中申请人最低移民分数（CRS）要求为445分，比前一轮抽签CRS分数小幅下降，但依然维持在2018年抽签最低分值440分以上。</p><p style=\"margin-top: 0px; margin-bottom: 30px; padding: 0px; font-family: &quot;Hiragino Sans GB&quot;, &quot;Microsoft Yahei&quot;, 微软雅黑, Simsun, 宋体, Arial; font-size: 18px; letter-spacing: 1px; white-space: normal;\">　　截至本轮抽签，联邦移民部2018年已经向85900申请人发出移民申请邀请（ITA）。不仅大大超出2018年计划引进的联邦高技术经济类移民的目标，而且有望打破2017年签发ITA数量的最高纪录。</p><br/><p style=\"margin-top: 0px; margin-bottom: 30px; padding: 0px; font-family: &quot;Hiragino Sans GB&quot;, &quot;Microsoft Yahei&quot;, 微软雅黑, Simsun, 宋体, Arial; font-size: 18px; letter-spacing: 1px; white-space: normal;\">　　联邦移民部2017年计划引进高技术经济类移民71700人，但实际签发ITA数量达86023个，创造引进此类移民数量历史最高纪录。2018年，移民部计划引进此类移民74900人，目前已大大超出计划目标。如果到年底前继续按照当前的抽签节奏，即每两周进行一轮抽签、每轮抽签签发ITA数量在3000个左右，将打破2017年签发ITA数量的最高纪录。</p><p style=\"margin-top: 0px; margin-bottom: 30px; padding: 0px; font-family: &quot;Hiragino Sans GB&quot;, &quot;Microsoft Yahei&quot;, 微软雅黑, Simsun, 宋体, Arial; font-size: 18px; letter-spacing: 1px; white-space: normal;\">　　联邦移民部早前表示，2017年多签发ITA引进的1万多移民申请人，算作2018年的移民名额。2018年通过“快速信道”移民项目引进的移民数量，会按照2018年移民计划执行。</p><p style=\"margin-top: 0px; margin-bottom: 30px; padding: 0px; font-family: &quot;Hiragino Sans GB&quot;, &quot;Microsoft Yahei&quot;, 微软雅黑, Simsun, 宋体, Arial; font-size: 18px; letter-spacing: 1px; white-space: normal;\">　　移民顾问吴冰表示：“不要混淆移民部签发ITA数量与实际引进移民人数。考虑到移民部申请处理申请人递交的案子需要一定时间，年底前几轮抽签获得ITA的申请人，他们接到移民申请批准通知通常要到下一年。所以，移民部说多出的ITA数量算作下一年移民名额。”</p><p style=\"margin-top: 0px; margin-bottom: 30px; padding: 0px; font-family: &quot;Hiragino Sans GB&quot;, &quot;Microsoft Yahei&quot;, 微软雅黑, Simsun, 宋体, Arial; font-size: 18px; letter-spacing: 1px; white-space: normal;\">　　吴冰称，移民部每年实际引进的移民人数依然按照移民计划执行。据吴冰判断，由于申请‘快速信道’移民项目的人数较多，每年移民部签发ITA数量都会超出它当年的计划。</p><p><br/></p>', 'http://n.sinaimg.cn/edu/crawl/153/w550h403/20181214/qh7q-hqackac5804023.jpg', '2018-12-14 13:42:47');
INSERT INTO `article` VALUES ('19', '美2019年1月绿卡排期出炉 亲属移民各类均小幅前进', '中国新闻网', '&nbsp;当地时间12月13日，美国国务院公布了2019年1月份的移民排期，中国大陆申请者在亲属移民各类绿卡批准排期上均小幅前进14天或1个月，职业移民绿卡批准排期上各类前进幅度在1至3个多月。　　一。表A：绿卡可被签发日期　　亲属移民　　优先序列 大陆 港澳台及其他　　第一优先 2011年8月22日 2011年8月22日　　第二优先A 2016年11月8日 2016年11月8日　　第二优先B 2012年3月15日 2012年3月15日　　第三优先 2006年8月15日 2006年8月15日　　第四优先 2005年5月22日 2005年5月22日　　职业移民　　第一优先 2016年12月15日 2017年10月1日　　第二优先 2015年8月1日 有名额　　第三优先一般类 2015年6月8日 有名额　　第三优先其他类 2007年7月1 日 有名额　　第四优先 有名额 有名额　　第五优先（非区域中心）2014年9月1日 有名额　　第五优先（区域中心）未授权 未授权　　二。表B： 最早可以开始提交绿卡申请表的日期　　亲属移民　　优先序列 大陆 港澳台及其他　　第一优先 2012年3月8日 2012年3月8日　　第二优先A 2017年12月1日 2017年12月1日　　第二优先B 2014年3月22日 2014年3月22日　　第三优先 2007年1月8日 2007年1月8日　　第四优先 2006年5月15日 2006年5月15日　　职业移民　　第一优先 2017年10月1日 2018年6月1日　　第二优先 2015年9月8日 有名额　　第三优先一般类 2016年1月1日 有名额　　第三优先其他类 2008年6月1 日 有名额　　第四优先 有名额 有名额　　第五优先（非区域中心）2014年10月1日 有名额　　第五优先（区域中心） 2014年10月1日 有名额　　总的来说，亲属移民类别，在绿卡最后批准排期方面，中国大陆申请者在第一优先类和第三优先类前进14天，第二A类、第二B类和第四类都前进1个月；在递件提交排期方面，中国大陆申请者除了在第四类前进4个半月外，其他各类保持不变。　　职业移民类别，在绿卡最后批准排期方面，中国大陆申请者在第一优先类前进3个半月，第二优先类前进1个月，第三优先类保持不变，第三优先其他（非技术）劳工前进1个月，第四优先类有名额，第五优先类前进10天，第四优先（宗教劳工）和第五优先（区域中心）都没有名额。　　在递件提交排期方面，中国大陆申请者除了在第三优先类前进1个月外，其他各类都保持不变。', '<p>&nbsp;</p><p style=\"margin-top: 0px; margin-bottom: 30px; padding: 0px; font-family: &quot;Hiragino Sans GB&quot;, &quot;Microsoft Yahei&quot;, 微软雅黑, Simsun, 宋体, Arial; font-size: 18px; letter-spacing: 1px; white-space: normal;\">当地时间12月13日，美国国务院公布了2019年1月份的移民排期，中国大陆申请者在亲属移民各类绿卡批准排期上均小幅前进14天或1个月，职业移民绿卡批准排期上各类前进幅度在1至3个多月。</p><p style=\"margin-top: 0px; margin-bottom: 30px; padding: 0px; font-family: &quot;Hiragino Sans GB&quot;, &quot;Microsoft Yahei&quot;, 微软雅黑, Simsun, 宋体, Arial; font-size: 18px; letter-spacing: 1px; white-space: normal;\">　　<strong>一。表A：绿卡可被签发日期</strong></p><p style=\"margin-top: 0px; margin-bottom: 30px; padding: 0px; font-family: &quot;Hiragino Sans GB&quot;, &quot;Microsoft Yahei&quot;, 微软雅黑, Simsun, 宋体, Arial; font-size: 18px; letter-spacing: 1px; white-space: normal;\">　　亲属移民</p><p style=\"margin-top: 0px; margin-bottom: 30px; padding: 0px; font-family: &quot;Hiragino Sans GB&quot;, &quot;Microsoft Yahei&quot;, 微软雅黑, Simsun, 宋体, Arial; font-size: 18px; letter-spacing: 1px; white-space: normal;\">　　优先序列 大陆 港澳台及其他</p><p style=\"margin-top: 0px; margin-bottom: 30px; padding: 0px; font-family: &quot;Hiragino Sans GB&quot;, &quot;Microsoft Yahei&quot;, 微软雅黑, Simsun, 宋体, Arial; font-size: 18px; letter-spacing: 1px; white-space: normal;\">　　第一优先 2011年8月22日 2011年8月22日</p><p style=\"margin-top: 0px; margin-bottom: 30px; padding: 0px; font-family: &quot;Hiragino Sans GB&quot;, &quot;Microsoft Yahei&quot;, 微软雅黑, Simsun, 宋体, Arial; font-size: 18px; letter-spacing: 1px; white-space: normal;\">　　第二优先A 2016年11月8日 2016年11月8日</p><p style=\"margin-top: 0px; margin-bottom: 30px; padding: 0px; font-family: &quot;Hiragino Sans GB&quot;, &quot;Microsoft Yahei&quot;, 微软雅黑, Simsun, 宋体, Arial; font-size: 18px; letter-spacing: 1px; white-space: normal;\">　　第二优先B 2012年3月15日 2012年3月15日</p><p style=\"margin-top: 0px; margin-bottom: 30px; padding: 0px; font-family: &quot;Hiragino Sans GB&quot;, &quot;Microsoft Yahei&quot;, 微软雅黑, Simsun, 宋体, Arial; font-size: 18px; letter-spacing: 1px; white-space: normal;\">　　第三优先 2006年8月15日 2006年8月15日</p><p style=\"margin-top: 0px; margin-bottom: 30px; padding: 0px; font-family: &quot;Hiragino Sans GB&quot;, &quot;Microsoft Yahei&quot;, 微软雅黑, Simsun, 宋体, Arial; font-size: 18px; letter-spacing: 1px; white-space: normal;\">　　第四优先 2005年5月22日 2005年5月22日</p><p style=\"margin-top: 0px; margin-bottom: 30px; padding: 0px; font-family: &quot;Hiragino Sans GB&quot;, &quot;Microsoft Yahei&quot;, 微软雅黑, Simsun, 宋体, Arial; font-size: 18px; letter-spacing: 1px; white-space: normal;\">　　职业移民</p><p style=\"margin-top: 0px; margin-bottom: 30px; padding: 0px; font-family: &quot;Hiragino Sans GB&quot;, &quot;Microsoft Yahei&quot;, 微软雅黑, Simsun, 宋体, Arial; font-size: 18px; letter-spacing: 1px; white-space: normal;\">　　第一优先 2016年12月15日 2017年10月1日</p><p style=\"margin-top: 0px; margin-bottom: 30px; padding: 0px; font-family: &quot;Hiragino Sans GB&quot;, &quot;Microsoft Yahei&quot;, 微软雅黑, Simsun, 宋体, Arial; font-size: 18px; letter-spacing: 1px; white-space: normal;\">　　第二优先 2015年8月1日 有名额</p><p style=\"margin-top: 0px; margin-bottom: 30px; padding: 0px; font-family: &quot;Hiragino Sans GB&quot;, &quot;Microsoft Yahei&quot;, 微软雅黑, Simsun, 宋体, Arial; font-size: 18px; letter-spacing: 1px; white-space: normal;\">　　第三优先一般类 2015年6月8日 有名额</p><p style=\"margin-top: 0px; margin-bottom: 30px; padding: 0px; font-family: &quot;Hiragino Sans GB&quot;, &quot;Microsoft Yahei&quot;, 微软雅黑, Simsun, 宋体, Arial; font-size: 18px; letter-spacing: 1px; white-space: normal;\">　　第三优先其他类 2007年7月1 日 有名额</p><p style=\"margin-top: 0px; margin-bottom: 30px; padding: 0px; font-family: &quot;Hiragino Sans GB&quot;, &quot;Microsoft Yahei&quot;, 微软雅黑, Simsun, 宋体, Arial; font-size: 18px; letter-spacing: 1px; white-space: normal;\">　　第四优先 有名额 有名额</p><p style=\"margin-top: 0px; margin-bottom: 30px; padding: 0px; font-family: &quot;Hiragino Sans GB&quot;, &quot;Microsoft Yahei&quot;, 微软雅黑, Simsun, 宋体, Arial; font-size: 18px; letter-spacing: 1px; white-space: normal;\">　　第五优先（非区域中心）2014年9月1日 有名额</p><p style=\"margin-top: 0px; margin-bottom: 30px; padding: 0px; font-family: &quot;Hiragino Sans GB&quot;, &quot;Microsoft Yahei&quot;, 微软雅黑, Simsun, 宋体, Arial; font-size: 18px; letter-spacing: 1px; white-space: normal;\">　　第五优先（区域中心）未授权 未授权</p><p style=\"margin-top: 0px; margin-bottom: 30px; padding: 0px; font-family: &quot;Hiragino Sans GB&quot;, &quot;Microsoft Yahei&quot;, 微软雅黑, Simsun, 宋体, Arial; font-size: 18px; letter-spacing: 1px; white-space: normal;\">　　<strong>二。表B： 最早可以开始提交绿卡申请表的日期</strong></p><p style=\"margin-top: 0px; margin-bottom: 30px; padding: 0px; font-family: &quot;Hiragino Sans GB&quot;, &quot;Microsoft Yahei&quot;, 微软雅黑, Simsun, 宋体, Arial; font-size: 18px; letter-spacing: 1px; white-space: normal;\">　　亲属移民</p><p style=\"margin-top: 0px; margin-bottom: 30px; padding: 0px; font-family: &quot;Hiragino Sans GB&quot;, &quot;Microsoft Yahei&quot;, 微软雅黑, Simsun, 宋体, Arial; font-size: 18px; letter-spacing: 1px; white-space: normal;\">　　优先序列 大陆 港澳台及其他</p><p style=\"margin-top: 0px; margin-bottom: 30px; padding: 0px; font-family: &quot;Hiragino Sans GB&quot;, &quot;Microsoft Yahei&quot;, 微软雅黑, Simsun, 宋体, Arial; font-size: 18px; letter-spacing: 1px; white-space: normal;\">　　第一优先 2012年3月8日 2012年3月8日</p><p style=\"margin-top: 0px; margin-bottom: 30px; padding: 0px; font-family: &quot;Hiragino Sans GB&quot;, &quot;Microsoft Yahei&quot;, 微软雅黑, Simsun, 宋体, Arial; font-size: 18px; letter-spacing: 1px; white-space: normal;\">　　第二优先A 2017年12月1日 2017年12月1日</p><p style=\"margin-top: 0px; margin-bottom: 30px; padding: 0px; font-family: &quot;Hiragino Sans GB&quot;, &quot;Microsoft Yahei&quot;, 微软雅黑, Simsun, 宋体, Arial; font-size: 18px; letter-spacing: 1px; white-space: normal;\">　　第二优先B 2014年3月22日 2014年3月22日</p><p style=\"margin-top: 0px; margin-bottom: 30px; padding: 0px; font-family: &quot;Hiragino Sans GB&quot;, &quot;Microsoft Yahei&quot;, 微软雅黑, Simsun, 宋体, Arial; font-size: 18px; letter-spacing: 1px; white-space: normal;\">　　第三优先 2007年1月8日 2007年1月8日</p><p style=\"margin-top: 0px; margin-bottom: 30px; padding: 0px; font-family: &quot;Hiragino Sans GB&quot;, &quot;Microsoft Yahei&quot;, 微软雅黑, Simsun, 宋体, Arial; font-size: 18px; letter-spacing: 1px; white-space: normal;\">　　第四优先 2006年5月15日 2006年5月15日</p><p style=\"margin-top: 0px; margin-bottom: 30px; padding: 0px; font-family: &quot;Hiragino Sans GB&quot;, &quot;Microsoft Yahei&quot;, 微软雅黑, Simsun, 宋体, Arial; font-size: 18px; letter-spacing: 1px; white-space: normal;\">　　职业移民</p><p style=\"margin-top: 0px; margin-bottom: 30px; padding: 0px; font-family: &quot;Hiragino Sans GB&quot;, &quot;Microsoft Yahei&quot;, 微软雅黑, Simsun, 宋体, Arial; font-size: 18px; letter-spacing: 1px; white-space: normal;\">　　第一优先 2017年10月1日 2018年6月1日</p><p style=\"margin-top: 0px; margin-bottom: 30px; padding: 0px; font-family: &quot;Hiragino Sans GB&quot;, &quot;Microsoft Yahei&quot;, 微软雅黑, Simsun, 宋体, Arial; font-size: 18px; letter-spacing: 1px; white-space: normal;\">　　第二优先 2015年9月8日 有名额</p><p style=\"margin-top: 0px; margin-bottom: 30px; padding: 0px; font-family: &quot;Hiragino Sans GB&quot;, &quot;Microsoft Yahei&quot;, 微软雅黑, Simsun, 宋体, Arial; font-size: 18px; letter-spacing: 1px; white-space: normal;\">　　第三优先一般类 2016年1月1日 有名额</p><p style=\"margin-top: 0px; margin-bottom: 30px; padding: 0px; font-family: &quot;Hiragino Sans GB&quot;, &quot;Microsoft Yahei&quot;, 微软雅黑, Simsun, 宋体, Arial; font-size: 18px; letter-spacing: 1px; white-space: normal;\">　　第三优先其他类 2008年6月1 日 有名额</p><p style=\"margin-top: 0px; margin-bottom: 30px; padding: 0px; font-family: &quot;Hiragino Sans GB&quot;, &quot;Microsoft Yahei&quot;, 微软雅黑, Simsun, 宋体, Arial; font-size: 18px; letter-spacing: 1px; white-space: normal;\">　　第四优先 有名额 有名额</p><p style=\"margin-top: 0px; margin-bottom: 30px; padding: 0px; font-family: &quot;Hiragino Sans GB&quot;, &quot;Microsoft Yahei&quot;, 微软雅黑, Simsun, 宋体, Arial; font-size: 18px; letter-spacing: 1px; white-space: normal;\">　　第五优先（非区域中心）2014年10月1日 有名额</p><p style=\"margin-top: 0px; margin-bottom: 30px; padding: 0px; font-family: &quot;Hiragino Sans GB&quot;, &quot;Microsoft Yahei&quot;, 微软雅黑, Simsun, 宋体, Arial; font-size: 18px; letter-spacing: 1px; white-space: normal;\">　　第五优先（区域中心） 2014年10月1日 有名额</p><p style=\"margin-top: 0px; margin-bottom: 30px; padding: 0px; font-family: &quot;Hiragino Sans GB&quot;, &quot;Microsoft Yahei&quot;, 微软雅黑, Simsun, 宋体, Arial; font-size: 18px; letter-spacing: 1px; white-space: normal;\">　　总的来说，亲属移民类别，在绿卡最后批准排期方面，中国大陆申请者在第一优先类和第三优先类前进14天，第二A类、第二B类和第四类都前进1个月；在递件提交排期方面，中国大陆申请者除了在第四类前进4个半月外，其他各类保持不变。</p><p style=\"margin-top: 0px; margin-bottom: 30px; padding: 0px; font-family: &quot;Hiragino Sans GB&quot;, &quot;Microsoft Yahei&quot;, 微软雅黑, Simsun, 宋体, Arial; font-size: 18px; letter-spacing: 1px; white-space: normal;\">　　职业移民类别，在绿卡最后批准排期方面，中国大陆申请者在第一优先类前进3个半月，第二优先类前进1个月，第三优先类保持不变，第三优先其他（非技术）劳工前进1个月，第四优先类有名额，第五优先类前进10天，第四优先（宗教劳工）和第五优先（区域中心）都没有名额。</p><p style=\"margin-top: 0px; margin-bottom: 30px; padding: 0px; font-family: &quot;Hiragino Sans GB&quot;, &quot;Microsoft Yahei&quot;, 微软雅黑, Simsun, 宋体, Arial; font-size: 18px; letter-spacing: 1px; white-space: normal;\">　　在递件提交排期方面，中国大陆申请者除了在第三优先类前进1个月外，其他各类都保持不变。</p><p><br/></p>', '/imgfile/tmp/default.jpg', '2018-12-14 13:43:31');
INSERT INTO `article` VALUES ('20', '暂停“黄金签证”被批违法 英内政部将研究替代方案', '中国新闻网', '据欧洲《星岛日报》微信公众号报道，当地时间12月7日，英国政府暂停发放被称为“黄金签证”的第一级投资者签证（Tier 1），但已提交的人不受影响。但当地时间12月11日，英国内政部发言人透露，目前尚未暂停该计划。　　此前，内政部发表新闻稿，宣布暂停发放投资移民Tier 1 签证。本可以“卖”给有钱的外国人的新签证模式，于12月7日子夜停止操作。内政部解释，该措施是为了配合政府“打击金融犯罪”而决定的。　　据悉，在英国暂停“黄金签证”不久，内政部收到一群移民律师的警告信，指暂停第一级投资签证违法，将引发法律挑战。　　11日，内政部发言人发表简短声明，承认该项打击反贪污、金融罪案的方针并未有效落实。不过，政府“仍会研究出更好的反贪污舞弊方案”。　　专家指，政府在Tier 1 签证尚未成熟的情况下，强行快速施行，违背了英国政府反贪污方针的原意。　　反贪官员对内政部的做法感到失望。“愚蠢、荒谬、可笑的转軚行为，证明了英国坚定不移地为超级富豪打开国门。富豪们能洋洋洒洒用200万英镑买房子，仅是利息都已经是一般人眼中的天文数字。”一家反洗钱组织的发言人表示。　　据悉，第一级投资者签证规定，任何投资至少200万英镑政府债券的人，可在英国工作或学习；投资500万英镑，3年后可以申请英国绿卡；投资1000万英镑，可在2年内拿到绿卡。截至9月，英国2018年已发放超过1000个第一级投资者签证，主要为中国和俄罗斯人。　　2015年之前，英国当局并不对第一级投资者签证申请人的资金来源进行审查，因此饱受批评。英国当局为了防止签证被用于洗钱等非法行为，才于近期决定暂停发放“黄金签证”。', '<p style=\"margin-top: 0px; margin-bottom: 30px; padding: 0px; font-family: &quot;Hiragino Sans GB&quot;, &quot;Microsoft Yahei&quot;, 微软雅黑, Simsun, 宋体, Arial; font-size: 18px; letter-spacing: 1px; white-space: normal;\">据欧洲《星岛日报》微信公众号报道，当地时间12月7日，英国政府暂停发放被称为“黄金签证”的第一级投资者签证（Tier 1），但已提交的人不受影响。但当地时间12月11日，英国内政部发言人透露，目前尚未暂停该计划。</p><p style=\"margin-top: 0px; margin-bottom: 30px; padding: 0px; font-family: &quot;Hiragino Sans GB&quot;, &quot;Microsoft Yahei&quot;, 微软雅黑, Simsun, 宋体, Arial; font-size: 18px; letter-spacing: 1px; white-space: normal;\">　　此前，内政部发表新闻稿，宣布暂停发放投资移民Tier 1 签证。本可以“卖”给有钱的外国人的新签证模式，于12月7日子夜停止操作。内政部解释，该措施是为了配合政府“打击金融犯罪”而决定的。</p><p style=\"margin-top: 0px; margin-bottom: 30px; padding: 0px; font-family: &quot;Hiragino Sans GB&quot;, &quot;Microsoft Yahei&quot;, 微软雅黑, Simsun, 宋体, Arial; font-size: 18px; letter-spacing: 1px; white-space: normal;\">　　据悉，在英国暂停“黄金签证”不久，内政部收到一群移民律师的警告信，指暂停第一级投资签证违法，将引发法律挑战。</p><p style=\"margin-top: 0px; margin-bottom: 30px; padding: 0px; font-family: &quot;Hiragino Sans GB&quot;, &quot;Microsoft Yahei&quot;, 微软雅黑, Simsun, 宋体, Arial; font-size: 18px; letter-spacing: 1px; white-space: normal;\">　　11日，内政部发言人发表简短声明，承认该项打击反贪污、金融罪案的方针并未有效落实。不过，政府“仍会研究出更好的反贪污舞弊方案”。</p><p style=\"margin-top: 0px; margin-bottom: 30px; padding: 0px; font-family: &quot;Hiragino Sans GB&quot;, &quot;Microsoft Yahei&quot;, 微软雅黑, Simsun, 宋体, Arial; font-size: 18px; letter-spacing: 1px; white-space: normal;\">　　专家指，政府在Tier 1 签证尚未成熟的情况下，强行快速施行，违背了英国政府反贪污方针的原意。</p><p style=\"margin-top: 0px; margin-bottom: 30px; padding: 0px; font-family: &quot;Hiragino Sans GB&quot;, &quot;Microsoft Yahei&quot;, 微软雅黑, Simsun, 宋体, Arial; font-size: 18px; letter-spacing: 1px; white-space: normal;\">　　反贪官员对内政部的做法感到失望。“愚蠢、荒谬、可笑的转軚行为，证明了英国坚定不移地为超级富豪打开国门。富豪们能洋洋洒洒用200万英镑买房子，仅是利息都已经是一般人眼中的天文数字。”一家反洗钱组织的发言人表示。</p><p style=\"margin-top: 0px; margin-bottom: 30px; padding: 0px; font-family: &quot;Hiragino Sans GB&quot;, &quot;Microsoft Yahei&quot;, 微软雅黑, Simsun, 宋体, Arial; font-size: 18px; letter-spacing: 1px; white-space: normal;\">　　据悉，第一级投资者签证规定，任何投资至少200万英镑政府债券的人，可在英国工作或学习；投资500万英镑，3年后可以申请英国绿卡；投资1000万英镑，可在2年内拿到绿卡。截至9月，英国2018年已发放超过1000个第一级投资者签证，主要为中国和俄罗斯人。</p><p style=\"margin-top: 0px; margin-bottom: 30px; padding: 0px; font-family: &quot;Hiragino Sans GB&quot;, &quot;Microsoft Yahei&quot;, 微软雅黑, Simsun, 宋体, Arial; font-size: 18px; letter-spacing: 1px; white-space: normal;\">　　2015年之前，英国当局并不对第一级投资者签证申请人的资金来源进行审查，因此饱受批评。英国当局为了防止签证被用于洗钱等非法行为，才于近期决定暂停发放“黄金签证”。</p><p><br/></p>', '/imgfile/tmp/default.jpg', '2018-12-14 13:44:45');
INSERT INTO `article` VALUES ('21', '美“梦想生”恐DACA生变忙重新申请 通过率超96%', '中国新闻网', '&nbsp;据美国中文网报道，根据美国移民局的数据，由于担心“童年来美暂缓遣返”政策（DACA）随时可能发生改变，许多受益者抓紧时间重新申请，严峻的移民形势对DACA影响似乎不大，超过9成申请者都获得了通过。　　资料图：当地时间2017年9月5日下午，成百上千人集聚在美国旧金山第七街和米逊街交界的联邦大厦前，抗议特朗普政府废除前总统奥巴马推出的DACA（Deferred Action for Childhood Arrivals，童年入境暂缓遣返）计划。 中新社记者 刘丹 摄　　据悉，DACA是美国前总统奥巴马在任时推出的计划，一直是特朗普紧缩移民政策下的目标之一。　　DACA每申请一次两年有效，一般来讲如果前一年申请人数多，第二天就会降低。但移民局的数据显示，2018年的DACA申请者并不明显少于2017年的高峰期，也远远多于2016年和2015年的人数。　　移民研究中心认为2018年申请者的情况很不寻常，但原因很简单：2017年特朗普宣布废除DACA以后，尽管被联邦法官裁定禁止废除，但DACA前景仍不明朗，因此各移民组织都鼓励DACA受益者抓紧重新申请，以重新获得两年有效期。　　移民局表示，目前共有69万9350人已申请DACA并获得通过，平均年龄为25岁左右。　　移民局还公布了DACA受益者的来源国情况，来自墨西哥的占了绝大多数，为55万8050人，紧随其后的则是萨尔瓦多、危地马拉、洪都拉斯及秘鲁几个中美、南美国家。', '<p>&nbsp;</p><p style=\"margin-top: 0px; margin-bottom: 30px; padding: 0px; font-family: &quot;Hiragino Sans GB&quot;, &quot;Microsoft Yahei&quot;, 微软雅黑, Simsun, 宋体, Arial; font-size: 18px; letter-spacing: 1px; white-space: normal;\">据美国中文网报道，根据美国移民局的数据，由于担心“童年来美暂缓遣返”政策（DACA）随时可能发生改变，许多受益者抓紧时间重新申请，严峻的移民形势对DACA影响似乎不大，超过9成申请者都获得了通过。</p><p style=\"text-align: center;\"><img src=\"http://n.sinaimg.cn/edu/crawl/w550h366/20171205/IXOG-fypikwt9098339.jpg\" alt=\"资料图：当地时间2017年9月5日下午，成百上千人集聚在美国旧金山第七街和米逊街交界的联邦大厦前，抗议特朗普政府废除前总统奥巴马推出的DACA（Deferred Action for Childhood Arrivals，童年入境暂缓遣返）计划。 中新社记者 刘丹 摄\"/><span class=\"img_descr\" style=\"line-height: 20px; padding: 6px 0px; font-size: 16px; margin: 5px auto; display: inline-block; zoom: 1; text-align: left; font-weight: 700;\">　　资料图：当地时间2017年9月5日下午，成百上千人集聚在美国旧金山第七街和米逊街交界的联邦大厦前，抗议特朗普政府废除前总统奥巴马推出的DACA（Deferred Action for Childhood Arrivals，童年入境暂缓遣返）计划。 中新社记者 刘丹 摄</span></p><br/><p style=\"margin-top: 0px; margin-bottom: 30px; padding: 0px; font-family: &quot;Hiragino Sans GB&quot;, &quot;Microsoft Yahei&quot;, 微软雅黑, Simsun, 宋体, Arial; font-size: 18px; letter-spacing: 1px; white-space: normal;\">　　据悉，DACA是美国前总统奥巴马在任时推出的计划，一直是特朗普紧缩移民政策下的目标之一。</p><p style=\"margin-top: 0px; margin-bottom: 30px; padding: 0px; font-family: &quot;Hiragino Sans GB&quot;, &quot;Microsoft Yahei&quot;, 微软雅黑, Simsun, 宋体, Arial; font-size: 18px; letter-spacing: 1px; white-space: normal;\">　　DACA每申请一次两年有效，一般来讲如果前一年申请人数多，第二天就会降低。但移民局的数据显示，2018年的DACA申请者并不明显少于2017年的高峰期，也远远多于2016年和2015年的人数。</p><p style=\"margin-top: 0px; margin-bottom: 30px; padding: 0px; font-family: &quot;Hiragino Sans GB&quot;, &quot;Microsoft Yahei&quot;, 微软雅黑, Simsun, 宋体, Arial; font-size: 18px; letter-spacing: 1px; white-space: normal;\">　　移民研究中心认为2018年申请者的情况很不寻常，但原因很简单：2017年特朗普宣布废除DACA以后，尽管被联邦法官裁定禁止废除，但DACA前景仍不明朗，因此各移民组织都鼓励DACA受益者抓紧重新申请，以重新获得两年有效期。</p><p style=\"margin-top: 0px; margin-bottom: 30px; padding: 0px; font-family: &quot;Hiragino Sans GB&quot;, &quot;Microsoft Yahei&quot;, 微软雅黑, Simsun, 宋体, Arial; font-size: 18px; letter-spacing: 1px; white-space: normal;\">　　移民局表示，目前共有69万9350人已申请DACA并获得通过，平均年龄为25岁左右。</p><p style=\"margin-top: 0px; margin-bottom: 30px; padding: 0px; font-family: &quot;Hiragino Sans GB&quot;, &quot;Microsoft Yahei&quot;, 微软雅黑, Simsun, 宋体, Arial; font-size: 18px; letter-spacing: 1px; white-space: normal;\">　　移民局还公布了DACA受益者的来源国情况，来自墨西哥的占了绝大多数，为55万8050人，紧随其后的则是萨尔瓦多、危地马拉、洪都拉斯及秘鲁几个中美、南美国家。</p><p><br/></p>', 'http://n.sinaimg.cn/edu/crawl/w550h366/20171205/IXOG-fypikwt9098339.jpg', '2018-12-14 13:45:45');
INSERT INTO `article` VALUES ('22', '英国脱欧变数陡增 伦敦楼市还值得投资吗？', '第一财经', '英国脱欧的进程，并没有按照原定的计划上演。　　当地时间10日下午，英国首相特蕾莎·梅发布声明，确认政府推迟原定于12月11日举行的脱欧协议投票。她承认，若如期投票，脱欧协议会以“相当大的（票数）差距被否决”。由此，英国议会将取代内阁主导后续脱欧程序进度，不排除在英国出现“二次公投”，甚至重新选举的可能。而谈判的另一方，欧盟已先于特蕾莎·梅发表声明前，给了挣扎于脱欧泥淖中的英国政府一个“台阶”：欧盟最高法院称，英国有权撤回根据《里斯本条约》第50条做出的脱欧决定，且无需其他成员国同意。　　英国政府推迟脱欧协议投票的消息传出后，英国资本市场全面告急。英镑对美元应声下跌超0.9%，触及日内低点1.2616，跌至一年半低点。英国5年期、10年期和30年期国债收益率纷纷创下新低。　　不仅仅是资本市场，楼市也在观望，充斥着不确定的英国脱欧究竟会掀起多大的涟漪。　　12月6日，“莱坊房产盛会”在上海举办。会议期间，聚集了来自英国、美国、德国、爱尔兰、日本以及中国香港地区的莱坊代表及开发商，聚焦各地区楼市未来的发展以及特点。精耕于英国楼市的莱坊中国国际投资部董事程怿在接受第一财经记者采访时表示，脱欧不确定性会在短期内给英国楼市带来波动，但从长远来看，影响不会很大。他对于包括伦敦在内的英国楼市的未来，还是较为乐观。　　或波及英国楼市　　莱坊的最新研究《2018伦敦报告》显示，伦敦已重新成为全球最活跃商业地产投资的市场，比任何一个全球城市都吸引更多的海外资本。莱坊提供的数据显示，伦敦房地产市场的交易额较去年上升33%，达至170亿英镑，其中海外资本占83%（约合142亿英镑）。在15个不同国家的资金中，大中华区的买家占比达40%。　　对于英国楼市在海外卖家中的受宠，程怿指出，人口是否有净流入、当地的基建如何以及教育环境和就业条件是否成熟，是判断一个地区楼市是否值得投资的三大评判标准，“伦敦，具备上述所有特点。而且，与欧洲其他国家以及地区相比，作为全球金融中心，伦敦的流动性要更快。”　　在回顾了英国楼市自2008年金融危机以来的周期后，程怿并不否认，2016年6月23日，也就是英国举行脱欧公投给投资者带来的不确定性。“有投资者认为，（英国）脱欧是个好机会。毕竟英镑当前兑人民币汇率较脱欧前相比，下跌了18%。”程怿说道，“当然，有些投资者担心，脱欧会导致英国楼市价格下行、英镑汇率继续下跌等，因此持观望态度。”英国央行此前发出警告，“硬脱欧”比金融危机给英国经济造成的影响更可怕，不仅英镑价值将下跌25%，楼市也将下跌30%。　　尽管当前的英国楼市因英国的脱欧进程存在诸多不确定性，但程怿还是对英国楼市的未来相当看好，“这就相当于一个健康的中年人，打了个喷嚏，会迅速恢复。”鉴于伦敦市场在2007~2008年金融危机期间出现的抗跌性，程怿认为，脱欧之后的1~2年，英国楼市以及英镑都会迅速回调，甚至超过之前的表现。　　就在英国与欧盟就脱欧谈判进行拉锯战时，作为欧盟中唯一一个与英国陆上接壤的国家爱尔兰，也正准备从英国脱欧所产生的诸多不确定性中分一杯羹。爱尔兰中央统计办公室（CSO）最新数据显示，目前爱尔兰房价以3年来几乎最高水平持续上涨。截至今年2月，爱尔兰全国房价比去年同期上涨了13%，平均单月1%以上的涨幅对于房市交易淡季的2月也难得一见。　　在爱尔兰楼市火爆的背后，程怿告诉第一财经记者，这不仅仅是英国脱欧造成的。“从全球范围内的主流移民目的地来说，美国、澳大利亚、加拿大等热门移民目的地的移民政策近来纷纷收紧。而爱尔兰的投资移民门槛近年来虽有提高，但资金需求与上述目的地相比并不是那么高。”程怿说道。　　伦敦房价虚高？　　英国最大房地产门户网站Rightmove的最新数据显示，英国11月房价平均环比下跌1.7%，跌幅超5000英镑。这是自2012年以来，房价跌幅最大的11月。其中，伦敦房价下滑最快，卖方出价已下降2.4%。在伦敦众多区域中，市中心交通一区的房价跌幅最大，今年以来已下跌6.9%，平均每套房屋的售价为130万英镑。　　英国皇家特许测量师学会（Royal Institution of Chartered Surveyors）9月在月度调查报告中表示，英国房价的未来3个月和12个月的预期价格将达到自2016年6月以来的新低，“脱欧”影响是买家关注的主要问题，特别是伦敦的买家。房地产数据公司LonRes的数据显示，在2018年第三季度，200万英镑以上的房产供给数量同比下降25%。　　一直以来，伦敦房价是否虚高，是各方关注的焦点。对此，程怿对第一财经记者表示，不能笼统地评判伦敦地区房价是否存在泡沫，“以国际上惯用的衡量标准，即3%的租售比来看（低于3%，房产投资价值较小；高于3%，投资潜力巨大），伦敦核心区域租售比仅在2%左右，可能存在些许泡沫。但是在非核心区，租售比能达到3%~4.5%。”此外，程怿认为，英国伦敦的银行能够给客户提供贷款，说明当地的物业还是有价值的。　　“当然，投资伦敦楼市，享受的是资本增值。”程怿说道。他不否认伦敦楼市的投资门槛比较高，因此，这一点会促使当前很多买家会把目光投向英国的其他地区，比如伯明翰、曼彻斯特，甚至更小的城市等。“这些地区的投资特点便是资金的租售比比较高，有些地区甚至能达到6%、7%，但涨幅有限。毕竟，（地区）流动性不如伦敦那么强。”程怿说道。', '<p style=\"margin-top: 0px; margin-bottom: 30px; padding: 0px; font-family: &quot;Hiragino Sans GB&quot;, &quot;Microsoft Yahei&quot;, 微软雅黑, Simsun, 宋体, Arial; font-size: 18px; letter-spacing: 1px; white-space: normal;\">英国脱欧的进程，并没有按照原定的计划上演。</p><p style=\"margin-top: 0px; margin-bottom: 30px; padding: 0px; font-family: &quot;Hiragino Sans GB&quot;, &quot;Microsoft Yahei&quot;, 微软雅黑, Simsun, 宋体, Arial; font-size: 18px; letter-spacing: 1px; white-space: normal;\">　　当地时间10日下午，英国首相特蕾莎·梅发布声明，确认政府推迟原定于12月11日举行的脱欧协议投票。她承认，若如期投票，脱欧协议会以“相当大的（票数）差距被否决”。由此，英国议会将取代内阁主导后续脱欧程序进度，不排除在英国出现“二次公投”，甚至重新选举的可能。而谈判的另一方，欧盟已先于特蕾莎·梅发表声明前，给了挣扎于脱欧泥淖中的英国政府一个“台阶”：欧盟最高法院称，英国有权撤回根据《里斯本条约》第50条做出的脱欧决定，且无需其他成员国同意。</p><p style=\"margin-top: 0px; margin-bottom: 30px; padding: 0px; font-family: &quot;Hiragino Sans GB&quot;, &quot;Microsoft Yahei&quot;, 微软雅黑, Simsun, 宋体, Arial; font-size: 18px; letter-spacing: 1px; white-space: normal;\">　　英国政府推迟脱欧协议投票的消息传出后，英国资本市场全面告急。英镑对美元应声下跌超0.9%，触及日内低点1.2616，跌至一年半低点。英国5年期、10年期和30年期国债收益率纷纷创下新低。</p><p style=\"margin-top: 0px; margin-bottom: 30px; padding: 0px; font-family: &quot;Hiragino Sans GB&quot;, &quot;Microsoft Yahei&quot;, 微软雅黑, Simsun, 宋体, Arial; font-size: 18px; letter-spacing: 1px; white-space: normal;\">　　不仅仅是资本市场，楼市也在观望，充斥着不确定的英国脱欧究竟会掀起多大的涟漪。</p><p style=\"margin-top: 0px; margin-bottom: 30px; padding: 0px; font-family: &quot;Hiragino Sans GB&quot;, &quot;Microsoft Yahei&quot;, 微软雅黑, Simsun, 宋体, Arial; font-size: 18px; letter-spacing: 1px; white-space: normal;\">　　12月6日，“莱坊房产盛会”在上海举办。会议期间，聚集了来自英国、美国、德国、爱尔兰、日本以及中国香港地区的莱坊代表及开发商，聚焦各地区楼市未来的发展以及特点。精耕于英国楼市的莱坊中国国际投资部董事程怿在接受第一财经记者采访时表示，脱欧不确定性会在短期内给英国楼市带来波动，但从长远来看，影响不会很大。他对于包括伦敦在内的英国楼市的未来，还是较为乐观。</p><p style=\"margin-top: 0px; margin-bottom: 30px; padding: 0px; font-family: &quot;Hiragino Sans GB&quot;, &quot;Microsoft Yahei&quot;, 微软雅黑, Simsun, 宋体, Arial; font-size: 18px; letter-spacing: 1px; white-space: normal;\">　　<strong>或波及英国楼市</strong></p><p style=\"margin-top: 0px; margin-bottom: 30px; padding: 0px; font-family: &quot;Hiragino Sans GB&quot;, &quot;Microsoft Yahei&quot;, 微软雅黑, Simsun, 宋体, Arial; font-size: 18px; letter-spacing: 1px; white-space: normal;\">　　莱坊的最新研究《2018伦敦报告》显示，伦敦已重新成为全球最活跃商业地产投资的市场，比任何一个全球城市都吸引更多的海外资本。莱坊提供的数据显示，伦敦房地产市场的交易额较去年上升33%，达至170亿英镑，其中海外资本占83%（约合142亿英镑）。在15个不同国家的资金中，大中华区的买家占比达40%。</p><p style=\"margin-top: 0px; margin-bottom: 30px; padding: 0px; font-family: &quot;Hiragino Sans GB&quot;, &quot;Microsoft Yahei&quot;, 微软雅黑, Simsun, 宋体, Arial; font-size: 18px; letter-spacing: 1px; white-space: normal;\">　　对于英国楼市在海外卖家中的受宠，程怿指出，人口是否有净流入、当地的基建如何以及教育环境和就业条件是否成熟，是判断一个地区楼市是否值得投资的三大评判标准，“伦敦，具备上述所有特点。而且，与欧洲其他国家以及地区相比，作为全球金融中心，伦敦的流动性要更快。”</p><p style=\"margin-top: 0px; margin-bottom: 30px; padding: 0px; font-family: &quot;Hiragino Sans GB&quot;, &quot;Microsoft Yahei&quot;, 微软雅黑, Simsun, 宋体, Arial; font-size: 18px; letter-spacing: 1px; white-space: normal;\">　　在回顾了英国楼市自2008年金融危机以来的周期后，程怿并不否认，2016年6月23日，也就是英国举行脱欧公投给投资者带来的不确定性。“有投资者认为，（英国）脱欧是个好机会。毕竟英镑当前兑人民币汇率较脱欧前相比，下跌了18%。”程怿说道，“当然，有些投资者担心，脱欧会导致英国楼市价格下行、英镑汇率继续下跌等，因此持观望态度。”英国央行此前发出警告，“硬脱欧”比金融危机给英国经济造成的影响更可怕，不仅英镑价值将下跌25%，楼市也将下跌30%。</p><p style=\"margin-top: 0px; margin-bottom: 30px; padding: 0px; font-family: &quot;Hiragino Sans GB&quot;, &quot;Microsoft Yahei&quot;, 微软雅黑, Simsun, 宋体, Arial; font-size: 18px; letter-spacing: 1px; white-space: normal;\">　　尽管当前的英国楼市因英国的脱欧进程存在诸多不确定性，但程怿还是对英国楼市的未来相当看好，“这就相当于一个健康的中年人，打了个喷嚏，会迅速恢复。”鉴于伦敦市场在2007~2008年金融危机期间出现的抗跌性，程怿认为，脱欧之后的1~2年，英国楼市以及英镑都会迅速回调，甚至超过之前的表现。</p><p style=\"margin-top: 0px; margin-bottom: 30px; padding: 0px; font-family: &quot;Hiragino Sans GB&quot;, &quot;Microsoft Yahei&quot;, 微软雅黑, Simsun, 宋体, Arial; font-size: 18px; letter-spacing: 1px; white-space: normal;\">　　就在英国与欧盟就脱欧谈判进行拉锯战时，作为欧盟中唯一一个与英国陆上接壤的国家爱尔兰，也正准备从英国脱欧所产生的诸多不确定性中分一杯羹。爱尔兰中央统计办公室（CSO）最新数据显示，目前爱尔兰房价以3年来几乎最高水平持续上涨。截至今年2月，爱尔兰全国房价比去年同期上涨了13%，平均单月1%以上的涨幅对于房市交易淡季的2月也难得一见。</p><p style=\"margin-top: 0px; margin-bottom: 30px; padding: 0px; font-family: &quot;Hiragino Sans GB&quot;, &quot;Microsoft Yahei&quot;, 微软雅黑, Simsun, 宋体, Arial; font-size: 18px; letter-spacing: 1px; white-space: normal;\">　　在爱尔兰楼市火爆的背后，程怿告诉第一财经记者，这不仅仅是英国脱欧造成的。“从全球范围内的主流移民目的地来说，美国、澳大利亚、加拿大等热门移民目的地的移民政策近来纷纷收紧。而爱尔兰的投资移民门槛近年来虽有提高，但资金需求与上述目的地相比并不是那么高。”程怿说道。</p><p style=\"margin-top: 0px; margin-bottom: 30px; padding: 0px; font-family: &quot;Hiragino Sans GB&quot;, &quot;Microsoft Yahei&quot;, 微软雅黑, Simsun, 宋体, Arial; font-size: 18px; letter-spacing: 1px; white-space: normal;\">　　<strong>伦敦房价虚高？</strong></p><p style=\"margin-top: 0px; margin-bottom: 30px; padding: 0px; font-family: &quot;Hiragino Sans GB&quot;, &quot;Microsoft Yahei&quot;, 微软雅黑, Simsun, 宋体, Arial; font-size: 18px; letter-spacing: 1px; white-space: normal;\">　　英国最大房地产门户网站Rightmove的最新数据显示，英国11月房价平均环比下跌1.7%，跌幅超5000英镑。这是自2012年以来，房价跌幅最大的11月。其中，伦敦房价下滑最快，卖方出价已下降2.4%。在伦敦众多区域中，市中心交通一区的房价跌幅最大，今年以来已下跌6.9%，平均每套房屋的售价为130万英镑。</p><p style=\"margin-top: 0px; margin-bottom: 30px; padding: 0px; font-family: &quot;Hiragino Sans GB&quot;, &quot;Microsoft Yahei&quot;, 微软雅黑, Simsun, 宋体, Arial; font-size: 18px; letter-spacing: 1px; white-space: normal;\">　　英国皇家特许测量师学会（Royal Institution of Chartered Surveyors）9月在月度调查报告中表示，英国房价的未来3个月和12个月的预期价格将达到自2016年6月以来的新低，“脱欧”影响是买家关注的主要问题，特别是伦敦的买家。房地产数据公司LonRes的数据显示，在2018年第三季度，200万英镑以上的房产供给数量同比下降25%。</p><p style=\"margin-top: 0px; margin-bottom: 30px; padding: 0px; font-family: &quot;Hiragino Sans GB&quot;, &quot;Microsoft Yahei&quot;, 微软雅黑, Simsun, 宋体, Arial; font-size: 18px; letter-spacing: 1px; white-space: normal;\">　　一直以来，伦敦房价是否虚高，是各方关注的焦点。对此，程怿对第一财经记者表示，不能笼统地评判伦敦地区房价是否存在泡沫，“以国际上惯用的衡量标准，即3%的租售比来看（低于3%，房产投资价值较小；高于3%，投资潜力巨大），伦敦核心区域租售比仅在2%左右，可能存在些许泡沫。但是在非核心区，租售比能达到3%~4.5%。”此外，程怿认为，英国伦敦的银行能够给客户提供贷款，说明当地的物业还是有价值的。</p><p style=\"margin-top: 0px; margin-bottom: 30px; padding: 0px; font-family: &quot;Hiragino Sans GB&quot;, &quot;Microsoft Yahei&quot;, 微软雅黑, Simsun, 宋体, Arial; font-size: 18px; letter-spacing: 1px; white-space: normal;\">　　“当然，投资伦敦楼市，享受的是资本增值。”程怿说道。他不否认伦敦楼市的投资门槛比较高，因此，这一点会促使当前很多买家会把目光投向英国的其他地区，比如伯明翰、曼彻斯特，甚至更小的城市等。“这些地区的投资特点便是资金的租售比比较高，有些地区甚至能达到6%、7%，但涨幅有限。毕竟，（地区）流动性不如伦敦那么强。”程怿说道。</p><p><br/></p>', '/imgfile/tmp/default.jpg', '2018-12-16 11:57:32');
INSERT INTO `article` VALUES ('23', '美移民局修订I-751豁免政策 符合条件无需面试', '中国新闻网', '当地时间10日，美国移民局（USCIS）发布了一份政策备忘录（PM），为移民局官员提供新政策指导，说明何时考虑可以豁免I-751表格的申请人的面谈。本备忘录于2018年12月10日生效，适用于12月10日或之后收到的所有I-751表格申请。图片来源：美国移民局网站截图I-751表格旨在移除美国移民局对婚姻绿卡所设的有效期仅为2年的条件限制，全称为“取消居留条件的申请”，也常被称为临时绿卡转正申请。一般而言，除非个别豁免，移民局官员必须面试每一个I-751表格的主要请愿人。备忘录解释说，如果官员认为申请案例已经满足了以下条件，可以免除面试程序：官员可以根据现有文件做出判定，因为文件已包含有关婚姻真实性的充分证据，并且申请人并非为了逃避美国的移民法订立婚姻；对于2018年12月10日或之后收到的I-751表格，移民局先前已与主要申请人进行了面谈；I-751表或支持文件中没有任何欺诈或虚假陈述的迹象；没有复杂的事实或问题需要面试来解决。在确定是否豁免面谈时，无论I-751表格是作为联合申请提出，还是作为申请豁免联合申请临时绿卡转正，这些政策备忘指南都适用。该备忘录适用于所有审查I-751表格的USCIS官员，并完全取代2005年6月24日起采用的备忘录“I-751表格的修改面试豁免标准，取消居留条件的申请”。', '<p style=\"margin-top: 28px; margin-bottom: 0px; padding: 0px; font-variant-numeric: normal; font-variant-east-asian: normal; font-stretch: normal; line-height: 28px; font-family: &quot;Microsoft Yahei&quot;; text-indent: 2em; color: rgb(64, 64, 64); text-align: justify; white-space: normal; background-color: rgb(255, 255, 255);\">当地时间10日，<a href=\"http://edu.163.com/special/ymmeiguo/\" title=\"美国移民\" target=\"_blank\" style=\"color: rgb(15, 107, 153);\">美国移民</a>局（USCIS）发布了一份政策备忘录（PM），为移民局官员提供新政策指导，说明何时考虑可以豁免I-751表格的申请人的面谈。本备忘录于2018年12月10日生效，适用于12月10日或之后收到的所有I-751表格申请。</p><p class=\"f_center\" style=\"margin-top: 28px; margin-bottom: 0px; padding: 0px; font-variant-numeric: normal; font-variant-east-asian: normal; font-stretch: normal; line-height: 28px; font-family: &quot;Microsoft Yahei&quot;; color: rgb(64, 64, 64); text-align: center; white-space: normal; background-color: rgb(255, 255, 255);\"><img src=\"http://cms-bucket.nosdn.127.net/2018/12/12/67fc3c56dc264cf1a9f1073a1233180b.jpeg?imageView&thumbnail=550x0\" alt=\"图片来源：美国移民局网站截图\"/><br/>图片来源：美国移民局网站截图</p><p style=\"margin-top: 28px; margin-bottom: 0px; padding: 0px; font-variant-numeric: normal; font-variant-east-asian: normal; font-stretch: normal; line-height: 28px; font-family: &quot;Microsoft Yahei&quot;; text-indent: 2em; color: rgb(64, 64, 64); text-align: justify; white-space: normal; background-color: rgb(255, 255, 255);\">I-751表格旨在移除美国移民局对婚姻绿卡所设的有效期仅为2年的条件限制，全称为“取消居留条件的申请”，也常被称为临时绿卡转正申请。一般而言，除非个别豁免，移民局官员必须面试每一个I-751表格的主要请愿人。</p><p style=\"margin-top: 28px; margin-bottom: 0px; padding: 0px; font-variant-numeric: normal; font-variant-east-asian: normal; font-stretch: normal; line-height: 28px; font-family: &quot;Microsoft Yahei&quot;; text-indent: 2em; color: rgb(64, 64, 64); text-align: justify; white-space: normal; background-color: rgb(255, 255, 255);\">备忘录解释说，如果官员认为申请案例已经满足了以下条件，可以免除面试程序：</p><p style=\"margin-top: 28px; margin-bottom: 0px; padding: 0px; font-variant-numeric: normal; font-variant-east-asian: normal; font-stretch: normal; line-height: 28px; font-family: &quot;Microsoft Yahei&quot;; text-indent: 2em; color: rgb(64, 64, 64); text-align: justify; white-space: normal; background-color: rgb(255, 255, 255);\">官员可以根据现有文件做出判定，因为文件已包含有关婚姻真实性的充分证据，并且申请人并非为了逃避美国的移民法订立婚姻；</p><p style=\"margin-top: 28px; margin-bottom: 0px; padding: 0px; font-variant-numeric: normal; font-variant-east-asian: normal; font-stretch: normal; line-height: 28px; font-family: &quot;Microsoft Yahei&quot;; text-indent: 2em; color: rgb(64, 64, 64); text-align: justify; white-space: normal; background-color: rgb(255, 255, 255);\">对于2018年12月10日或之后收到的I-751表格，移民局先前已与主要申请人进行了面谈；</p><p style=\"margin-top: 28px; margin-bottom: 0px; padding: 0px; font-variant-numeric: normal; font-variant-east-asian: normal; font-stretch: normal; line-height: 28px; font-family: &quot;Microsoft Yahei&quot;; text-indent: 2em; color: rgb(64, 64, 64); text-align: justify; white-space: normal; background-color: rgb(255, 255, 255);\">I-751表或支持文件中没有任何欺诈或虚假陈述的迹象；</p><p style=\"margin-top: 28px; margin-bottom: 0px; padding: 0px; font-variant-numeric: normal; font-variant-east-asian: normal; font-stretch: normal; line-height: 28px; font-family: &quot;Microsoft Yahei&quot;; text-indent: 2em; color: rgb(64, 64, 64); text-align: justify; white-space: normal; background-color: rgb(255, 255, 255);\">没有复杂的事实或问题需要面试来解决。</p><p style=\"margin-top: 28px; margin-bottom: 0px; padding: 0px; font-variant-numeric: normal; font-variant-east-asian: normal; font-stretch: normal; line-height: 28px; font-family: &quot;Microsoft Yahei&quot;; text-indent: 2em; color: rgb(64, 64, 64); text-align: justify; white-space: normal; background-color: rgb(255, 255, 255);\">在确定是否豁免面谈时，无论I-751表格是作为联合申请提出，还是作为申请豁免联合申请临时绿卡转正，这些政策备忘指南都适用。</p><p style=\"margin-top: 28px; margin-bottom: 0px; padding: 0px; font-variant-numeric: normal; font-variant-east-asian: normal; font-stretch: normal; line-height: 28px; font-family: &quot;Microsoft Yahei&quot;; text-indent: 2em; color: rgb(64, 64, 64); text-align: justify; white-space: normal; background-color: rgb(255, 255, 255);\">该备忘录适用于所有审查I-751表格的USCIS官员，并完全取代2005年6月24日起采用的备忘录“I-751表格的修改面试豁免标准，取消居留条件的申请”。</p><p style=\"margin-top: 28px; margin-bottom: 0px; padding: 0px; font-variant-numeric: normal; font-variant-east-asian: normal; font-stretch: normal; line-height: 28px; font-family: &quot;Microsoft Yahei&quot;; text-indent: 2em; color: rgb(64, 64, 64); text-align: justify; white-space: normal; background-color: rgb(255, 255, 255);\"><br/></p><p style=\"margin-top: 28px; margin-bottom: 0px; padding: 0px; font-variant-numeric: normal; font-variant-east-asian: normal; font-stretch: normal; line-height: 28px; font-family: &quot;Microsoft Yahei&quot;; text-indent: 2em; color: rgb(64, 64, 64); text-align: justify; white-space: normal; background-color: rgb(255, 255, 255);\"><br/></p><p style=\"margin-top: 28px; margin-bottom: 0px; padding: 0px; font-variant-numeric: normal; font-variant-east-asian: normal; font-stretch: normal; line-height: 28px; font-family: &quot;Microsoft Yahei&quot;; text-indent: 2em; color: rgb(64, 64, 64); text-align: justify; white-space: normal; background-color: rgb(255, 255, 255);\"><br/></p><div class=\"gg200x300\" style=\"padding: 19px; margin: 0px 40px 0px 0px; overflow: hidden; text-align: center; font-size: 0px; line-height: 0; float: left; border: 1px solid rgb(229, 229, 229); position: relative; color: rgb(64, 64, 64); font-family: &quot;Microsoft Yahei&quot;; white-space: normal; background-color: rgb(255, 255, 255);\"></div><p><br/></p>', 'http://cms-bucket.nosdn.127.net/2018/12/12/67fc3c56dc264cf1a9f1073a1233180b.jpeg?imageView&thumbnail=550x0', '2018-12-16 11:59:36');
INSERT INTO `article` VALUES ('24', '澳严审学生签证项目 上万名留学生被取消签证', '环球时报-环球网', '【环球网教育综合报道】据澳大利亚“新快网”报道，在澳政府打击移民诈骗期间，有超过3000名留学生被取消签证，另有1.3万人被禁止进入澳大利亚。据《每日电讯报》报道，澳大利亚内政部(Home Affairs Department)每周都会审查留学生名单，以确保移民系统没有被想在澳拥有工作权利的外国人所利用。该部门会对那些不再参与课程学习的学生进行调查，这些学生距离上一次的学习时间已经超过2个月，但签证还剩下6个月以上才过期。澳大利亚移民、公民和多元文化事务部长高民(David Coleman)表示，学生签证项目必须符合国家利益。留学生想要在澳大利亚求学，必须是受澳大利亚世界级的教育体系所鼓舞。他指出，虽然留学生有在澳工作的权利，但如果违反这些权利，其签证将会被取消。据澳大利亚内政部的最新数据显示，有3182名在留学生在澳时签证被取消，另有13398名留学生签证被取消时正身处国外。这些人中，有19人因为袭击或毒品犯罪等行为被取消签证。高民表示，澳政府正在对所有签证项目进行全面审查。学生签证项目对澳大利亚经济发展有积极作用，任何可能的改革都会在与教育行业进行磋商的情况下进行，以确保该项目能够继续符合所有澳人利益。此前，澳大利亚总理斯科特·莫里森(Scott Morrison)已经宣布要对包括学生签证在内的临时移民签证进行限制，使一些外国人去往偏远地区或小城市。莫瑞信确认，澳政府考虑使悉尼的高校减少留学生入学人数，以支持偏远地区高校。据澳大利亚内政部的数据显示，截至今年6月底，澳大利亚的学生签证持者近48.7万人，其中23%来自中国，14%来自印度。', '<p class=\"f_center\" style=\"margin-top: 28px; margin-bottom: 0px; padding: 0px; font-variant-numeric: normal; font-variant-east-asian: normal; font-stretch: normal; line-height: 28px; font-family: &quot;Microsoft Yahei&quot;; color: rgb(64, 64, 64); text-align: center; white-space: normal; background-color: rgb(255, 255, 255);\"><img alt=\"澳严审学生签证项目 上万名留学生被取消签证\" src=\"http://cms-bucket.nosdn.127.net/2018/12/10/cecb9b0ada8a44b7b98ef388734fadec.jpeg?imageView&thumbnail=550x0\"/><br/></p><p style=\"margin-top: 28px; margin-bottom: 0px; padding: 0px; font-variant-numeric: normal; font-variant-east-asian: normal; font-stretch: normal; line-height: 28px; font-family: &quot;Microsoft Yahei&quot;; text-indent: 2em; color: rgb(64, 64, 64); text-align: justify; white-space: normal; background-color: rgb(255, 255, 255);\">【环球网<a href=\"http://edu.163.com/\" title=\"网易教育频道\" target=\"_blank\" style=\"color: rgb(15, 107, 153);\">教育</a>综合报道】据澳大利亚“新快网”报道，在澳政府打击<a href=\"http://edu.163.com/yimin/\" title=\"网易移民频道\" target=\"_blank\" style=\"color: rgb(15, 107, 153);\">移民</a>诈骗期间，有超过3000名留学生被取消签证，另有1.3万人被禁止进入澳大利亚。</p><p style=\"margin-top: 28px; margin-bottom: 0px; padding: 0px; font-variant-numeric: normal; font-variant-east-asian: normal; font-stretch: normal; line-height: 28px; font-family: &quot;Microsoft Yahei&quot;; text-indent: 2em; color: rgb(64, 64, 64); text-align: justify; white-space: normal; background-color: rgb(255, 255, 255);\">据《每日电讯报》报道，澳大利亚内政部(Home Affairs Department)每周都会审查留学生名单，以确保移民系统没有被想在澳拥有工作权利的外国人所利用。该部门会对那些不再参与课程学习的学生进行调查，这些学生距离上一次的学习时间已经超过2个月，但签证还剩下6个月以上才过期。</p><p style=\"margin-top: 28px; margin-bottom: 0px; padding: 0px; font-variant-numeric: normal; font-variant-east-asian: normal; font-stretch: normal; line-height: 28px; font-family: &quot;Microsoft Yahei&quot;; text-indent: 2em; color: rgb(64, 64, 64); text-align: justify; white-space: normal; background-color: rgb(255, 255, 255);\">澳大利亚移民、公民和多元文化事务部长高民(David Coleman)表示，学生签证项目必须符合国家利益。留学生想要在澳大利亚求学，必须是受澳大利亚世界级的教育体系所鼓舞。他指出，虽然留学生有在澳工作的权利，但如果违反这些权利，其签证将会被取消。</p><p style=\"margin-top: 28px; margin-bottom: 0px; padding: 0px; font-variant-numeric: normal; font-variant-east-asian: normal; font-stretch: normal; line-height: 28px; font-family: &quot;Microsoft Yahei&quot;; text-indent: 2em; color: rgb(64, 64, 64); text-align: justify; white-space: normal; background-color: rgb(255, 255, 255);\">据澳大利亚内政部的最新数据显示，有3182名在留学生在澳时签证被取消，另有13398名留学生签证被取消时正身处国外。这些人中，有19人因为袭击或毒品犯罪等行为被取消签证。</p><p style=\"margin-top: 28px; margin-bottom: 0px; padding: 0px; font-variant-numeric: normal; font-variant-east-asian: normal; font-stretch: normal; line-height: 28px; font-family: &quot;Microsoft Yahei&quot;; text-indent: 2em; color: rgb(64, 64, 64); text-align: justify; white-space: normal; background-color: rgb(255, 255, 255);\">高民表示，澳政府正在对所有签证项目进行全面审查。学生签证项目对澳大利亚经济发展有积极作用，任何可能的改革都会在与教育行业进行磋商的情况下进行，以确保该项目能够继续符合所有澳人利益。</p><p style=\"margin-top: 28px; margin-bottom: 0px; padding: 0px; font-variant-numeric: normal; font-variant-east-asian: normal; font-stretch: normal; line-height: 28px; font-family: &quot;Microsoft Yahei&quot;; text-indent: 2em; color: rgb(64, 64, 64); text-align: justify; white-space: normal; background-color: rgb(255, 255, 255);\">此前，澳大利亚总理斯科特·莫里森(Scott Morrison)已经宣布要对包括学生签证在内的临时移民签证进行限制，使一些外国人去往偏远地区或小城市。莫瑞信确认，澳政府考虑使悉尼的高校减少留学生入学人数，以支持偏远地区高校。</p><p style=\"margin-top: 28px; margin-bottom: 0px; padding: 0px; font-variant-numeric: normal; font-variant-east-asian: normal; font-stretch: normal; line-height: 28px; font-family: &quot;Microsoft Yahei&quot;; text-indent: 2em; color: rgb(64, 64, 64); text-align: justify; white-space: normal; background-color: rgb(255, 255, 255);\"><span style=\"text-indent: 2em;\">据澳大利亚内政部的数据显示，截至今年6月底，澳大利亚的学生签证持者近48.7万人，其中23%来自中国，14%来自印度。</span><br/></p><p><br/></p>', 'http://cms-bucket.nosdn.127.net/2018/12/10/cecb9b0ada8a44b7b98ef388734fadec.jpeg?imageView&thumbnail=550x0', '2018-12-16 12:00:16');
INSERT INTO `article` VALUES ('25', '拿“绿卡”就高枕无忧？犯了这些 一样会被驱逐', '中国新闻网', '新西兰天维网刊文称，申请居民签证是一个艰辛的过程，不少朋友认为，只要拿到了居民签证，就可以高枕无忧了。殊不知，即便你拿到了绿卡，一旦触犯了某些条例或犯下了哪怕是像酒驾一样看似轻微的罪行，移民局一样可以吊销你的居民签证，直接将你驱逐出境。文章摘编如下：新西兰移民局的业务支持经理Jock Gilray表示，居民或永久居民签证的持有者在某些情况下可能会面临被驱逐出境，比如犯罪或在此前的申请中提交了虚假信息。Jock Gilray表示，自2010年来，已经有317名新西兰居民收到了驱逐通知令。“最常见的原因是由于刑事定罪而被驱逐出境，在这些情况下，此人还会被永久禁止返回新西兰。”作为一名新西兰居民签证（Resident Visa）持有者或永久回头居民签证（Permanent Resident Visa）的持有者，可能会因为以下几个原因被驱逐：1。 犯罪：无论你是在新西兰还是在其他国家，A。如果犯罪且被判入狱3个月或以上，且你在犯罪时是持有临时入境签证，或非法滞留新西兰，或是在拿到居民签证的前两年内，则都有可能被驱逐出境；B。如果犯罪且被判入狱2年或以上，且你在犯罪时是在拿到居民签证的5年以内，则有可能被驱逐出境；C。如果犯罪且被判入狱5年或以上，且你在犯罪时是在拿到居民签证的10年以内，则有可能被驱逐出境；2。 违反签证条件——如果你违反了签证条件，则可能会被驱逐出境；3。 提交欺诈、伪造、误导信息：如果移民局发现你在申请时给他们提供了虚假、欺诈、伪造或误导信息，或者你在申请签证时隐瞒了相关信息，则可能会被驱逐出境；4。 虚假身份：如果你是用过虚假身份获得的签证，则可能会被驱逐出境；5。 品行信息：如果在你获得首个居留签证后的五年内，移民局又发现了你的一些品行信息，而这些信息在移民局批准你签证的时候就已经存在，且这些信息会让你没资格拿到签证，那么你可能会被驱逐出境；6。 失误（“行政错误”）：如果新西兰移民局错误地批准了你的签证，则你可能会被驱逐出境；7。 安全风险：如果你目前威胁到新西兰的国防或安全，包括恐怖主义、间谍和有组织犯罪等，那么你可能会被驱逐出境。重要的是，法庭和移民局可以对你做些什么！大家需要知道的是，最重要的不是法庭或移民局已经给你了什么判定或决定，而是它们能够对你做些什么。就拿酒驾来说，根据新西兰《道路交通法》的规定，酒驾处理对20岁以下的司机是零容忍态度。对于20岁以上的司机，如果你被查到呼吸中的酒精含量超过了400毫克/升，那么你将面临刑事起诉。此时，法庭就有权判处你高达3个月的监禁。该处罚与上面提到的被驱逐条例完美重叠，因为被驱逐的最低限度正是3个月。因此，一个看起来不起眼的酒驾，可能会让你千辛万苦拿到的局面签证作废！即便你运气好没有被判驱逐，但是一旦你有了这样一个犯罪记录，那么被驱逐的风险将时时刻刻伴随着你。因此，移民局和法庭传达给你的信息显而易见：在拿到居民身份的前几年，别让自己惹上任何麻烦。被驱逐的后果很严重！被签发驱逐令后，你可以选择上诉，但赢得这样的上诉并非易事。移民和保护法庭2014/2015的年度报告显示，69%的非居民的上诉被驳回，56%的居民上诉被驳回。律师Simon Laurent表示，想要赢得上诉，必须证明你有“特殊的人道主义环境”，这能让你保住你的居民签证。另外，如果你没有进行上诉也没有离境，移民局可以带着驱逐令到你家里或公司，当面交给你并逮捕你。他们可以把你关进监狱，直到订好了航班送你回家。在这一阶段的诉讼中，基本上没有什么现实可行的办法来拯救你自己。此时的你会不会很后悔，当初不应该喝酒，或者喝完酒没有请人送你回家？另外，Jock Gilray还表示，一旦一个人被判处驱逐但却没有自愿离境，那么他可能面临高达5年的禁止期。在一些情况下，被驱逐者甚至会面临永远禁止返回新西兰的禁令。同时还要支付驱逐产生的相关费用。最后，移民局还提醒大家：新西兰移民操作手册规定，未来任何签证审批都会把过去的申请记录考虑在内。所以每一个人的移民历史都将被纳入未来的审批考核中，即便被驱逐的人在当时是自愿离开新西兰的。', '<p class=\"f_center\" style=\"margin-top: 28px; margin-bottom: 0px; padding: 0px; font-variant-numeric: normal; font-variant-east-asian: normal; font-stretch: normal; line-height: 28px; font-family: &quot;Microsoft Yahei&quot;; color: rgb(64, 64, 64); text-align: center; white-space: normal; background-color: rgb(255, 255, 255);\"><img src=\"http://cms-bucket.nosdn.127.net/2018/12/06/fb5965cc2bca4ca29e171a62cc132f09.jpeg?imageView&thumbnail=550x0\"/><br/></p><p style=\"margin-top: 28px; margin-bottom: 0px; padding: 0px; font-variant-numeric: normal; font-variant-east-asian: normal; font-stretch: normal; line-height: 28px; font-family: &quot;Microsoft Yahei&quot;; text-indent: 2em; color: rgb(64, 64, 64); text-align: justify; white-space: normal; background-color: rgb(255, 255, 255);\">新西兰天维网刊文称，申请居民签证是一个艰辛的过程，不少朋友认为，只要拿到了居民签证，就可以高枕无忧了。殊不知，即便你拿到了绿卡，一旦触犯了某些条例或犯下了哪怕是像酒驾一样看似轻微的罪行，<a href=\"http://edu.163.com/yimin/\" title=\"网易移民频道\" target=\"_blank\" style=\"color: rgb(15, 107, 153);\">移民</a>局一样可以吊销你的居民签证，直接将你驱逐出境。</p><p style=\"margin-top: 28px; margin-bottom: 0px; padding: 0px; font-variant-numeric: normal; font-variant-east-asian: normal; font-stretch: normal; line-height: 28px; font-family: &quot;Microsoft Yahei&quot;; text-indent: 2em; color: rgb(64, 64, 64); text-align: justify; white-space: normal; background-color: rgb(255, 255, 255);\">文章摘编如下：</p><p style=\"margin-top: 28px; margin-bottom: 0px; padding: 0px; font-variant-numeric: normal; font-variant-east-asian: normal; font-stretch: normal; line-height: 28px; font-family: &quot;Microsoft Yahei&quot;; text-indent: 2em; color: rgb(64, 64, 64); text-align: justify; white-space: normal; background-color: rgb(255, 255, 255);\"><a href=\"http://edu.163.com/special/ymxinxilan/\" title=\"新西兰移民\" target=\"_blank\" style=\"color: rgb(15, 107, 153);\">新西兰移民</a>局的业务支持经理Jock Gilray表示，居民或永久居民签证的持有者在某些情况下可能会面临被驱逐出境，比如犯罪或在此前的申请中提交了虚假信息。</p><p style=\"margin-top: 28px; margin-bottom: 0px; padding: 0px; font-variant-numeric: normal; font-variant-east-asian: normal; font-stretch: normal; line-height: 28px; font-family: &quot;Microsoft Yahei&quot;; text-indent: 2em; color: rgb(64, 64, 64); text-align: justify; white-space: normal; background-color: rgb(255, 255, 255);\">Jock Gilray表示，自2010年来，已经有317名新西兰居民收到了驱逐通知令。“最常见的原因是由于刑事定罪而被驱逐出境，在这些情况下，此人还会被永久禁止返回新西兰。”</p><p style=\"margin-top: 28px; margin-bottom: 0px; padding: 0px; font-variant-numeric: normal; font-variant-east-asian: normal; font-stretch: normal; line-height: 28px; font-family: &quot;Microsoft Yahei&quot;; text-indent: 2em; color: rgb(64, 64, 64); text-align: justify; white-space: normal; background-color: rgb(255, 255, 255);\">作为一名新西兰居民签证（Resident Visa）持有者或永久回头居民签证（Permanent Resident Visa）的持有者，可能会因为以下几个原因被驱逐：</p><p style=\"margin-top: 28px; margin-bottom: 0px; padding: 0px; font-variant-numeric: normal; font-variant-east-asian: normal; font-stretch: normal; line-height: 28px; font-family: &quot;Microsoft Yahei&quot;; text-indent: 2em; color: rgb(64, 64, 64); text-align: justify; white-space: normal; background-color: rgb(255, 255, 255);\">1。 犯罪：无论你是在新西兰还是在其他国家，</p><p style=\"margin-top: 28px; margin-bottom: 0px; padding: 0px; font-variant-numeric: normal; font-variant-east-asian: normal; font-stretch: normal; line-height: 28px; font-family: &quot;Microsoft Yahei&quot;; text-indent: 2em; color: rgb(64, 64, 64); text-align: justify; white-space: normal; background-color: rgb(255, 255, 255);\">A。如果犯罪且被判入狱3个月或以上，且你在犯罪时是持有临时入境签证，或非法滞留新西兰，或是在拿到居民签证的前两年内，则都有可能被驱逐出境；</p><p style=\"margin-top: 28px; margin-bottom: 0px; padding: 0px; font-variant-numeric: normal; font-variant-east-asian: normal; font-stretch: normal; line-height: 28px; font-family: &quot;Microsoft Yahei&quot;; text-indent: 2em; color: rgb(64, 64, 64); text-align: justify; white-space: normal; background-color: rgb(255, 255, 255);\">B。如果犯罪且被判入狱2年或以上，且你在犯罪时是在拿到居民签证的5年以内，则有可能被驱逐出境；</p><p style=\"margin-top: 28px; margin-bottom: 0px; padding: 0px; font-variant-numeric: normal; font-variant-east-asian: normal; font-stretch: normal; line-height: 28px; font-family: &quot;Microsoft Yahei&quot;; text-indent: 2em; color: rgb(64, 64, 64); text-align: justify; white-space: normal; background-color: rgb(255, 255, 255);\">C。如果犯罪且被判入狱5年或以上，且你在犯罪时是在拿到居民签证的10年以内，则有可能被驱逐出境；</p><p style=\"margin-top: 28px; margin-bottom: 0px; padding: 0px; font-variant-numeric: normal; font-variant-east-asian: normal; font-stretch: normal; line-height: 28px; font-family: &quot;Microsoft Yahei&quot;; text-indent: 2em; color: rgb(64, 64, 64); text-align: justify; white-space: normal; background-color: rgb(255, 255, 255);\">2。 违反签证条件——如果你违反了签证条件，则可能会被驱逐出境；</p><p style=\"margin-top: 28px; margin-bottom: 0px; padding: 0px; font-variant-numeric: normal; font-variant-east-asian: normal; font-stretch: normal; line-height: 28px; font-family: &quot;Microsoft Yahei&quot;; text-indent: 2em; color: rgb(64, 64, 64); text-align: justify; white-space: normal; background-color: rgb(255, 255, 255);\">3。 提交欺诈、伪造、误导信息：如果移民局发现你在申请时给他们提供了虚假、欺诈、伪造或误导信息，或者你在申请签证时隐瞒了相关信息，则可能会被驱逐出境；</p><p style=\"margin-top: 28px; margin-bottom: 0px; padding: 0px; font-variant-numeric: normal; font-variant-east-asian: normal; font-stretch: normal; line-height: 28px; font-family: &quot;Microsoft Yahei&quot;; text-indent: 2em; color: rgb(64, 64, 64); text-align: justify; white-space: normal; background-color: rgb(255, 255, 255);\">4。 虚假身份：如果你是用过虚假身份获得的签证，则可能会被驱逐出境；</p><p style=\"margin-top: 28px; margin-bottom: 0px; padding: 0px; font-variant-numeric: normal; font-variant-east-asian: normal; font-stretch: normal; line-height: 28px; font-family: &quot;Microsoft Yahei&quot;; text-indent: 2em; color: rgb(64, 64, 64); text-align: justify; white-space: normal; background-color: rgb(255, 255, 255);\">5。 品行信息：如果在你获得首个居留签证后的五年内，移民局又发现了你的一些品行信息，而这些信息在移民局批准你签证的时候就已经存在，且这些信息会让你没资格拿到签证，那么你可能会被驱逐出境；</p><p style=\"margin-top: 28px; margin-bottom: 0px; padding: 0px; font-variant-numeric: normal; font-variant-east-asian: normal; font-stretch: normal; line-height: 28px; font-family: &quot;Microsoft Yahei&quot;; text-indent: 2em; color: rgb(64, 64, 64); text-align: justify; white-space: normal; background-color: rgb(255, 255, 255);\">6。 失误（“行政错误”）：如果新西兰移民局错误地批准了你的签证，则你可能会被驱逐出境；</p><p style=\"margin-top: 28px; margin-bottom: 0px; padding: 0px; font-variant-numeric: normal; font-variant-east-asian: normal; font-stretch: normal; line-height: 28px; font-family: &quot;Microsoft Yahei&quot;; text-indent: 2em; color: rgb(64, 64, 64); text-align: justify; white-space: normal; background-color: rgb(255, 255, 255);\">7。 安全风险：如果你目前威胁到新西兰的国防或安全，包括恐怖主义、间谍和有组织犯罪等，那么你可能会被驱逐出境。</p><p style=\"margin-top: 28px; margin-bottom: 0px; padding: 0px; font-variant-numeric: normal; font-variant-east-asian: normal; font-stretch: normal; line-height: 28px; font-family: &quot;Microsoft Yahei&quot;; text-indent: 2em; color: rgb(64, 64, 64); text-align: justify; white-space: normal; background-color: rgb(255, 255, 255);\">重要的是，法庭和移民局可以对你做些什么！</p><p style=\"margin-top: 28px; margin-bottom: 0px; padding: 0px; font-variant-numeric: normal; font-variant-east-asian: normal; font-stretch: normal; line-height: 28px; font-family: &quot;Microsoft Yahei&quot;; text-indent: 2em; color: rgb(64, 64, 64); text-align: justify; white-space: normal; background-color: rgb(255, 255, 255);\">大家需要知道的是，最重要的不是法庭或移民局已经给你了什么判定或决定，而是它们能够对你做些什么。</p><p style=\"margin-top: 28px; margin-bottom: 0px; padding: 0px; font-variant-numeric: normal; font-variant-east-asian: normal; font-stretch: normal; line-height: 28px; font-family: &quot;Microsoft Yahei&quot;; text-indent: 2em; color: rgb(64, 64, 64); text-align: justify; white-space: normal; background-color: rgb(255, 255, 255);\">就拿酒驾来说，根据新西兰《道路交通法》的规定，酒驾处理对20岁以下的司机是零容忍态度。对于20岁以上的司机，如果你被查到呼吸中的酒精含量超过了400毫克/升，那么你将面临刑事起诉。</p><p style=\"margin-top: 28px; margin-bottom: 0px; padding: 0px; font-variant-numeric: normal; font-variant-east-asian: normal; font-stretch: normal; line-height: 28px; font-family: &quot;Microsoft Yahei&quot;; text-indent: 2em; color: rgb(64, 64, 64); text-align: justify; white-space: normal; background-color: rgb(255, 255, 255);\">此时，法庭就有权判处你高达3个月的监禁。该处罚与上面提到的被驱逐条例完美重叠，因为被驱逐的最低限度正是3个月。</p><p style=\"margin-top: 28px; margin-bottom: 0px; padding: 0px; font-variant-numeric: normal; font-variant-east-asian: normal; font-stretch: normal; line-height: 28px; font-family: &quot;Microsoft Yahei&quot;; text-indent: 2em; color: rgb(64, 64, 64); text-align: justify; white-space: normal; background-color: rgb(255, 255, 255);\">因此，一个看起来不起眼的酒驾，可能会让你千辛万苦拿到的局面签证作废！</p><p style=\"margin-top: 28px; margin-bottom: 0px; padding: 0px; font-variant-numeric: normal; font-variant-east-asian: normal; font-stretch: normal; line-height: 28px; font-family: &quot;Microsoft Yahei&quot;; text-indent: 2em; color: rgb(64, 64, 64); text-align: justify; white-space: normal; background-color: rgb(255, 255, 255);\">即便你运气好没有被判驱逐，但是一旦你有了这样一个犯罪记录，那么被驱逐的风险将时时刻刻伴随着你。因此，移民局和法庭传达给你的信息显而易见：在拿到居民身份的前几年，别让自己惹上任何麻烦。</p><p style=\"margin-top: 28px; margin-bottom: 0px; padding: 0px; font-variant-numeric: normal; font-variant-east-asian: normal; font-stretch: normal; line-height: 28px; font-family: &quot;Microsoft Yahei&quot;; text-indent: 2em; color: rgb(64, 64, 64); text-align: justify; white-space: normal; background-color: rgb(255, 255, 255);\">被驱逐的后果很严重！</p><p style=\"margin-top: 28px; margin-bottom: 0px; padding: 0px; font-variant-numeric: normal; font-variant-east-asian: normal; font-stretch: normal; line-height: 28px; font-family: &quot;Microsoft Yahei&quot;; text-indent: 2em; color: rgb(64, 64, 64); text-align: justify; white-space: normal; background-color: rgb(255, 255, 255);\">被签发驱逐令后，你可以选择上诉，但赢得这样的上诉并非易事。移民和保护法庭2014/2015的年度报告显示，69%的非居民的上诉被驳回，56%的居民上诉被驳回。</p><p style=\"margin-top: 28px; margin-bottom: 0px; padding: 0px; font-variant-numeric: normal; font-variant-east-asian: normal; font-stretch: normal; line-height: 28px; font-family: &quot;Microsoft Yahei&quot;; text-indent: 2em; color: rgb(64, 64, 64); text-align: justify; white-space: normal; background-color: rgb(255, 255, 255);\">律师Simon Laurent表示，想要赢得上诉，必须证明你有“特殊的人道主义环境”，这能让你保住你的居民签证。</p><p style=\"margin-top: 28px; margin-bottom: 0px; padding: 0px; font-variant-numeric: normal; font-variant-east-asian: normal; font-stretch: normal; line-height: 28px; font-family: &quot;Microsoft Yahei&quot;; text-indent: 2em; color: rgb(64, 64, 64); text-align: justify; white-space: normal; background-color: rgb(255, 255, 255);\">另外，如果你没有进行上诉也没有离境，移民局可以带着驱逐令到你家里或公司，当面交给你并逮捕你。他们可以把你关进监狱，直到订好了航班送你回家。在这一阶段的诉讼中，基本上没有什么现实可行的办法来拯救你自己。</p><p style=\"margin-top: 28px; margin-bottom: 0px; padding: 0px; font-variant-numeric: normal; font-variant-east-asian: normal; font-stretch: normal; line-height: 28px; font-family: &quot;Microsoft Yahei&quot;; text-indent: 2em; color: rgb(64, 64, 64); text-align: justify; white-space: normal; background-color: rgb(255, 255, 255);\">此时的你会不会很后悔，当初不应该喝酒，或者喝完酒没有请人送你回家？</p><p style=\"margin-top: 28px; margin-bottom: 0px; padding: 0px; font-variant-numeric: normal; font-variant-east-asian: normal; font-stretch: normal; line-height: 28px; font-family: &quot;Microsoft Yahei&quot;; text-indent: 2em; color: rgb(64, 64, 64); text-align: justify; white-space: normal; background-color: rgb(255, 255, 255);\">另外，Jock Gilray还表示，一旦一个人被判处驱逐但却没有自愿离境，那么他可能面临高达5年的禁止期。在一些情况下，被驱逐者甚至会面临永远禁止返回新西兰的禁令。同时还要支付驱逐产生的相关费用。</p><p style=\"margin-top: 28px; margin-bottom: 0px; padding: 0px; font-variant-numeric: normal; font-variant-east-asian: normal; font-stretch: normal; line-height: 28px; font-family: &quot;Microsoft Yahei&quot;; text-indent: 2em; color: rgb(64, 64, 64); text-align: justify; white-space: normal; background-color: rgb(255, 255, 255);\"><br/></p><p style=\"margin-top: 28px; margin-bottom: 0px; padding: 0px; font-variant-numeric: normal; font-variant-east-asian: normal; font-stretch: normal; line-height: 28px; font-family: &quot;Microsoft Yahei&quot;; text-indent: 2em; color: rgb(64, 64, 64); text-align: justify; white-space: normal; background-color: rgb(255, 255, 255);\">最后，移民局还提醒大家：新西兰移民操作手册规定，未来任何签证审批都会把过去的申请记录考虑在内。所以每一个人的移民历史都将被纳入未来的审批考核中，即便被驱逐的人在当时是自愿离开新西兰的。</p><p><br/></p>', 'http://cms-bucket.nosdn.127.net/2018/12/06/fb5965cc2bca4ca29e171a62cc132f09.jpeg?imageView&thumbnail=550x0', '2018-12-20 12:46:11');
INSERT INTO `article` VALUES ('27', '德国推出新移民法案 允许引进高技能外劳', '中新网', '12月20日电 据《欧洲时报》报道，当地时间19日，为应对老龄化和劳动力短缺等问题，德国政府推出移民法案，允许德国从国外引进具备专业技能的工作人员。资料图：在德国境内的外籍难民。　　据报道，德国社会民主党以及基民盟与基社盟政府经过谈判，终于在最后一刻，通过这项名为“具备专业技能的工作人员移民法”。　　内阁会议结束后，德国基社盟籍内政部长霍斯特•泽霍夫表示，“我们需要来自非欧盟国家的劳工，填补（空缺的）岗位，保证我们的经济繁荣”。　　社会民主党希望这一法案能够成为默克尔第四任政府的标志性法案，从而将德国正式打造成移民国家。　　德国劳工部长、社会民主党人海勒表示，“这是一个显著进步，经过二十多年的辩论，德国终于有了一部现代移民法案”。　　2015年难民危机以来，德国共接待百万难民，随后引发极右势力高涨，德国保守派议员曾在2018年10月要求对第一版法案进行相应调整。　　据悉，2019年该法案将在德国议会正式通过，从而回应某些经济领域人员极为短缺的现状。　　具体来说，法案通过后，来自欧盟之外具备专业技能的工作人员，可以获得六个月居留证，在这期间可以找工作。　　不过，申请者需要具有一定的德语水平，并且在这六个月时间内，自己负责生活支出，不能领取国家补助。如果申请者在六个月时间内没有找到工作，该居留将不会被延长。　　此外，另一份法案对雇用难民做出相关规定。即难民若申请被拒，但他在最近18个月内有工作，且没有违法记录，且表现出融入德国社会的决心，也可以申请上述工作居留。　　德国希望通过这一措施，保证信息、技术、餐厅和老人陪护等行业，能招聘到更多人员。在德国经济中，中小企业扮演了重要角色，它们面临的劳动力短缺现象也最为严重。企业老板尤其希望简化雇用外国移民的程序。　　此外，据相关学者预测，到2050年德国共计需要40万名非欧盟国家工作人员。　　然而，德国工会联合会对这一法案非常关注，担心这会引发工资降低以及压榨外国工作人员的情况。　　不过，在经济部长阿尔特迈尔看来，该法案的通过，结束了关于移民问题的意识形态之争，因而这是德国极具历史意义的一天。　　据联合国统计，德国14.9%的居民都是在国外出生，但德国仍很难归入移民国家之列。', '<p style=\"margin-top: 0px; margin-bottom: 30px; padding: 0px; font-family: &quot;Hiragino Sans GB&quot;, &quot;Microsoft Yahei&quot;, 微软雅黑, Simsun, 宋体, Arial; font-size: 18px; letter-spacing: 1px; white-space: normal;\">12月20日电 据《欧洲时报》报道，当地时间19日，为应对老龄化和劳动力短缺等问题，德国政府推出移民法案，允许德国从国外引进具备专业技能的工作人员。</p><p style=\"text-align: center;\"><img src=\"http://n.sinaimg.cn/edu/crawl/144/w550h394/20181220/02nO-hqnkypr7262589.jpg\" alt=\"资料图：在德国境内的外籍难民。\"/><span class=\"img_descr\" style=\"line-height: 20px; padding: 6px 0px; font-size: 16px; margin: 5px auto; display: inline-block; zoom: 1; text-align: left; font-weight: 700;\">资料图：在德国境内的外籍难民。</span></p><p style=\"margin-top: 0px; margin-bottom: 30px; padding: 0px; font-family: &quot;Hiragino Sans GB&quot;, &quot;Microsoft Yahei&quot;, 微软雅黑, Simsun, 宋体, Arial; font-size: 18px; letter-spacing: 1px; white-space: normal;\">　　据报道，德国社会民主党以及基民盟与基社盟政府经过谈判，终于在最后一刻，通过这项名为“具备专业技能的工作人员移民法”。</p><p style=\"margin-top: 0px; margin-bottom: 30px; padding: 0px; font-family: &quot;Hiragino Sans GB&quot;, &quot;Microsoft Yahei&quot;, 微软雅黑, Simsun, 宋体, Arial; font-size: 18px; letter-spacing: 1px; white-space: normal;\">　　内阁会议结束后，德国基社盟籍内政部长霍斯特•泽霍夫表示，“我们需要来自非欧盟国家的劳工，填补（空缺的）岗位，保证我们的经济繁荣”。</p><p style=\"margin-top: 0px; margin-bottom: 30px; padding: 0px; font-family: &quot;Hiragino Sans GB&quot;, &quot;Microsoft Yahei&quot;, 微软雅黑, Simsun, 宋体, Arial; font-size: 18px; letter-spacing: 1px; white-space: normal;\">　　社会民主党希望这一法案能够成为默克尔第四任政府的标志性法案，从而将德国正式打造成移民国家。</p><p style=\"margin-top: 0px; margin-bottom: 30px; padding: 0px; font-family: &quot;Hiragino Sans GB&quot;, &quot;Microsoft Yahei&quot;, 微软雅黑, Simsun, 宋体, Arial; font-size: 18px; letter-spacing: 1px; white-space: normal;\">　　德国劳工部长、社会民主党人海勒表示，“这是一个显著进步，经过二十多年的辩论，德国终于有了一部现代移民法案”。</p><p style=\"margin-top: 0px; margin-bottom: 30px; padding: 0px; font-family: &quot;Hiragino Sans GB&quot;, &quot;Microsoft Yahei&quot;, 微软雅黑, Simsun, 宋体, Arial; font-size: 18px; letter-spacing: 1px; white-space: normal;\">　　2015年难民危机以来，德国共接待百万难民，随后引发极右势力高涨，德国保守派议员曾在2018年10月要求对第一版法案进行相应调整。</p><p style=\"margin-top: 0px; margin-bottom: 30px; padding: 0px; font-family: &quot;Hiragino Sans GB&quot;, &quot;Microsoft Yahei&quot;, 微软雅黑, Simsun, 宋体, Arial; font-size: 18px; letter-spacing: 1px; white-space: normal;\">　　据悉，2019年该法案将在德国议会正式通过，从而回应某些经济领域人员极为短缺的现状。</p><p style=\"margin-top: 0px; margin-bottom: 30px; padding: 0px; font-family: &quot;Hiragino Sans GB&quot;, &quot;Microsoft Yahei&quot;, 微软雅黑, Simsun, 宋体, Arial; font-size: 18px; letter-spacing: 1px; white-space: normal;\">　　具体来说，法案通过后，来自欧盟之外具备专业技能的工作人员，可以获得六个月居留证，在这期间可以找工作。</p><p style=\"margin-top: 0px; margin-bottom: 30px; padding: 0px; font-family: &quot;Hiragino Sans GB&quot;, &quot;Microsoft Yahei&quot;, 微软雅黑, Simsun, 宋体, Arial; font-size: 18px; letter-spacing: 1px; white-space: normal;\">　　不过，申请者需要具有一定的德语水平，并且在这六个月时间内，自己负责生活支出，不能领取国家补助。如果申请者在六个月时间内没有找到工作，该居留将不会被延长。</p><br/><p style=\"margin-top: 0px; margin-bottom: 30px; padding: 0px; font-family: &quot;Hiragino Sans GB&quot;, &quot;Microsoft Yahei&quot;, 微软雅黑, Simsun, 宋体, Arial; font-size: 18px; letter-spacing: 1px; white-space: normal;\">　　此外，另一份法案对雇用难民做出相关规定。即难民若申请被拒，但他在最近18个月内有工作，且没有违法记录，且表现出融入德国社会的决心，也可以申请上述工作居留。</p><p style=\"margin-top: 0px; margin-bottom: 30px; padding: 0px; font-family: &quot;Hiragino Sans GB&quot;, &quot;Microsoft Yahei&quot;, 微软雅黑, Simsun, 宋体, Arial; font-size: 18px; letter-spacing: 1px; white-space: normal;\">　　德国希望通过这一措施，保证信息、技术、餐厅和老人陪护等行业，能招聘到更多人员。在德国经济中，中小企业扮演了重要角色，它们面临的劳动力短缺现象也最为严重。企业老板尤其希望简化雇用外国移民的程序。</p><p style=\"margin-top: 0px; margin-bottom: 30px; padding: 0px; font-family: &quot;Hiragino Sans GB&quot;, &quot;Microsoft Yahei&quot;, 微软雅黑, Simsun, 宋体, Arial; font-size: 18px; letter-spacing: 1px; white-space: normal;\">　　此外，据相关学者预测，到2050年德国共计需要40万名非欧盟国家工作人员。</p><p style=\"margin-top: 0px; margin-bottom: 30px; padding: 0px; font-family: &quot;Hiragino Sans GB&quot;, &quot;Microsoft Yahei&quot;, 微软雅黑, Simsun, 宋体, Arial; font-size: 18px; letter-spacing: 1px; white-space: normal;\">　　然而，德国工会联合会对这一法案非常关注，担心这会引发工资降低以及压榨外国工作人员的情况。</p><p style=\"margin-top: 0px; margin-bottom: 30px; padding: 0px; font-family: &quot;Hiragino Sans GB&quot;, &quot;Microsoft Yahei&quot;, 微软雅黑, Simsun, 宋体, Arial; font-size: 18px; letter-spacing: 1px; white-space: normal;\">　　不过，在经济部长阿尔特迈尔看来，该法案的通过，结束了关于移民问题的意识形态之争，因而这是德国极具历史意义的一天。</p><p style=\"margin-top: 0px; margin-bottom: 30px; padding: 0px; font-family: &quot;Hiragino Sans GB&quot;, &quot;Microsoft Yahei&quot;, 微软雅黑, Simsun, 宋体, Arial; font-size: 18px; letter-spacing: 1px; white-space: normal;\">　　据联合国统计，德国14.9%的居民都是在国外出生，但德国仍很难归入移民国家之列。</p><p><br/></p>', 'http://n.sinaimg.cn/edu/crawl/144/w550h394/20181220/02nO-hqnkypr7262589.jpg', '2018-12-21 15:13:11');
INSERT INTO `article` VALUES ('28', '英公布脱欧后移民政策白皮书 欧盟公民无入英优先权', '中新网', '12月20日电 据欧洲《星岛日报》微信公众号报道，当地时间12月19日，英国内政大臣贾维德（Sajid Javid）公布英国脱欧后移民政策白皮书，定下对欧盟27国公民移居英国的基本要求。包括他们要在英国确定已取得工作，且年薪不少于3万英镑。　　资料图片：英国与欧盟就脱欧过渡期安排等议题达成协议，过渡阶段将到2020年12月31日结束。 欧盟供图　　据了解，文件草案在18日晚上仍在英国政府部门间传阅，但可以肯定的是，英国政府不会赋予欧盟公民进入英国劳工市场的优先权。至于这个新移民系统如何运作，仍有待商榷。　　据报道，英国内政部将计划于脱欧后，大副削减80%欧盟移民配额。贾维德表示，计划将大幅削减欧盟移民配额，并于2025年，从现在的7.5万人次降至1万人次。分析认为，提高移民门槛较有利国家整体发展。　　“这是英国40多年来，在移民制度上的最大改革。”贾维德指出，总体而言，英国脱欧后将计划在2025年前，把从欧盟到英国的移民人数限制在1万至2.5万人左右，远比目前7.4万人少80%。据报道，限制措施也包括，企业需向中等技术工人提供3万英镑的最低年资要求，低技能工人也需符合来自“滥用移民风险低”国家的审查条件 。　　根据该白皮书所提出的建议，在新门槛下，进入英国的中等技术工人人数将可从18500人骤降至约4500人，而大多数技能较低的工人也只被允许短暂居留一年，因此不会造成长期居留的问题。至于有关欧盟区学生签证方面，白皮书则建议，让他们获得为期6个月的“进修假”，并于学习结束前的三个月内，免费申请技术工人签证。　　英媒引述消息人士称，“在新的移民政策下，政府将能完全掌控谁可以到英国，优先考虑发放居留权给那些具备英国所需技能的移民者，而不是根据他们是来自哪个（欧盟）国家。”这意味着英国脱欧后，将可不再理会欧盟以强制配额的方式，要求欧盟成员国接受部分移民申请的要求。在新的移民政策下，英国将能省下大笔为欧盟移民在公共服务和福利方面的巨额补助。　　同时，新政策将使英国只要看重“以技能为首要条件”的移民门槛便可，而非被逼强行接受来自欧盟的安排，这有利于英国社会竞争力的提升，也能让企业更专注在输入人才的领域上。然而，最新数据显示，非欧盟的移民人数已突破24.8万人，故英国政府要如何处理这方面的移民配额与门槛，将是另一个考验他们的挑战。', '<p style=\"margin-top: 0px; margin-bottom: 30px; padding: 0px; font-family: &quot;Hiragino Sans GB&quot;, &quot;Microsoft Yahei&quot;, 微软雅黑, Simsun, 宋体, Arial; font-size: 18px; letter-spacing: 1px; white-space: normal;\">12月20日电 据欧洲《星岛日报》微信公众号报道，当地时间12月19日，英国内政大臣贾维德（Sajid Javid）公布英国脱欧后移民政策白皮书，定下对欧盟27国公民移居英国的基本要求。包括他们要在英国确定已取得工作，且年薪不少于3万英镑。</p><p style=\"text-align: center;\"><img src=\"http://n.sinaimg.cn/edu/crawl/33/w500h333/20180905/HbBi-hiqtcap4657914.jpg\" alt=\"资料图片：英国与欧盟就脱欧过渡期安排等议题达成协议，过渡阶段将到2020年12月31日结束。 欧盟供图\"/><span class=\"img_descr\" style=\"line-height: 20px; padding: 6px 0px; font-size: 16px; margin: 5px auto; display: inline-block; zoom: 1; text-align: left; font-weight: 700;\">　　资料图片：英国与欧盟就脱欧过渡期安排等议题达成协议，过渡阶段将到2020年12月31日结束。 欧盟供图</span></p><p style=\"margin-top: 0px; margin-bottom: 30px; padding: 0px; font-family: &quot;Hiragino Sans GB&quot;, &quot;Microsoft Yahei&quot;, 微软雅黑, Simsun, 宋体, Arial; font-size: 18px; letter-spacing: 1px; white-space: normal;\">　　据了解，文件草案在18日晚上仍在英国政府部门间传阅，但可以肯定的是，英国政府不会赋予欧盟公民进入英国劳工市场的优先权。至于这个新移民系统如何运作，仍有待商榷。</p><p style=\"margin-top: 0px; margin-bottom: 30px; padding: 0px; font-family: &quot;Hiragino Sans GB&quot;, &quot;Microsoft Yahei&quot;, 微软雅黑, Simsun, 宋体, Arial; font-size: 18px; letter-spacing: 1px; white-space: normal;\">　　据报道，英国内政部将计划于脱欧后，大副削减80%欧盟移民配额。贾维德表示，计划将大幅削减欧盟移民配额，并于2025年，从现在的7.5万人次降至1万人次。分析认为，提高移民门槛较有利国家整体发展。</p><p style=\"margin-top: 0px; margin-bottom: 30px; padding: 0px; font-family: &quot;Hiragino Sans GB&quot;, &quot;Microsoft Yahei&quot;, 微软雅黑, Simsun, 宋体, Arial; font-size: 18px; letter-spacing: 1px; white-space: normal;\">　　“这是英国40多年来，在移民制度上的最大改革。”贾维德指出，总体而言，英国脱欧后将计划在2025年前，把从欧盟到英国的移民人数限制在1万至2.5万人左右，远比目前7.4万人少80%。据报道，限制措施也包括，企业需向中等技术工人提供3万英镑的最低年资要求，低技能工人也需符合来自“滥用移民风险低”国家的审查条件 。</p><br/><p style=\"margin-top: 0px; margin-bottom: 30px; padding: 0px; font-family: &quot;Hiragino Sans GB&quot;, &quot;Microsoft Yahei&quot;, 微软雅黑, Simsun, 宋体, Arial; font-size: 18px; letter-spacing: 1px; white-space: normal;\">　　根据该白皮书所提出的建议，在新门槛下，进入英国的中等技术工人人数将可从18500人骤降至约4500人，而大多数技能较低的工人也只被允许短暂居留一年，因此不会造成长期居留的问题。至于有关欧盟区学生签证方面，白皮书则建议，让他们获得为期6个月的“进修假”，并于学习结束前的三个月内，免费申请技术工人签证。</p><p style=\"margin-top: 0px; margin-bottom: 30px; padding: 0px; font-family: &quot;Hiragino Sans GB&quot;, &quot;Microsoft Yahei&quot;, 微软雅黑, Simsun, 宋体, Arial; font-size: 18px; letter-spacing: 1px; white-space: normal;\">　　英媒引述消息人士称，“在新的移民政策下，政府将能完全掌控谁可以到英国，优先考虑发放居留权给那些具备英国所需技能的移民者，而不是根据他们是来自哪个（欧盟）国家。”这意味着英国脱欧后，将可不再理会欧盟以强制配额的方式，要求欧盟成员国接受部分移民申请的要求。在新的移民政策下，英国将能省下大笔为欧盟移民在公共服务和福利方面的巨额补助。</p><p style=\"margin-top: 0px; margin-bottom: 30px; padding: 0px; font-family: &quot;Hiragino Sans GB&quot;, &quot;Microsoft Yahei&quot;, 微软雅黑, Simsun, 宋体, Arial; font-size: 18px; letter-spacing: 1px; white-space: normal;\">　　同时，新政策将使英国只要看重“以技能为首要条件”的移民门槛便可，而非被逼强行接受来自欧盟的安排，这有利于英国社会竞争力的提升，也能让企业更专注在输入人才的领域上。然而，最新数据显示，非欧盟的移民人数已突破24.8万人，故英国政府要如何处理这方面的移民配额与门槛，将是另一个考验他们的挑战。</p><p><br/></p>', 'http://n.sinaimg.cn/edu/crawl/33/w500h333/20180905/HbBi-hiqtcap4657914.jpg', '2018-12-21 15:13:48');
INSERT INTO `article` VALUES ('29', '是紧缩还是火爆？澳大利亚新州暂停商业移民申请', '海外邦', '新州暂停商业移民签证，但官方未说明何时重新开放。　　悉尼所在的澳大利亚新南威尔士州在12月18日发布一则消息，该州政府暂停188及132类别的商业移民申请，其中包括188A（商业创新类移民）、188B（商业投资类移民）、188C（SIV重大投资者签证）、188E（创新企业家移民）、132A（天才企业家移民），以及132B（风险投资家移民）。　　这意味着，该州主流的商业移民项目均被暂停。目前，仅有188签证延期，以及临时签证转永居等项目仍在开放。　　澳大利亚188类别的商业投资签证历来受到中国投资者的喜爱。申请者除了要有商业投资意向，满足投资门槛，还需要获得州政府的担保。澳大利亚各州政府也将其视为招商引资的重要手段。根据今年六月澳洲联邦政府的一份报告，在2016-2017财年，申请该类签证的人数上涨74.4%，从9051人增至15781人，而86.5%的签证颁发给中国人。　　对此次新州商业移民项目的突然暂停，移民局给到的官方解释是配额已用完。　　“新州政府现在正在申请更多配额，但目前还没有被批复，所以这个财政年有关188和132商业移民申请的机会是否会再被开放，还未知。”外联出国澳洲移民律师Jennifer Zhu评论道。外联出国澳洲移民律师Jennifer Zhu提供的官方回复邮件　　澳洲关停移民签证曾有过先例，大多针对技术移民类项目。技术移民签证不需要资金门槛，申请人数较多。但从今年开始，商业移民签证也开始出现“暂停”现象。　　今年1月31日，南澳首次宣布暂时关闭188/132类提名申请，原因是配额耗尽。4月，该州又重新开放申请入口，但名额在4小时内“一抢而空”，申请继而关停。同样的情景在6月再次重现。7月1日，该州132签证政策改革生效，政府调整了部分投资品类的投资门槛。　　昆士兰州在今年5月11日也暂停发放投资类别的移民邀请，不再接收州担保的申请。当月22日，通道重新开启，但审批速度放缓。　　新南威尔士州的“暂停”则属于新现象。尽管新州未曾公布每年商业移民签证的配额数量，但Jennifer认为，此次暂停并不代表配额减少。“因为2018-19澳洲财政年度的配额是一早定下的，所以只能说明配额是被提前用完了。”　　配额提前用完，可能由多方面引起。Jennifer认为，从全球市场上来看，投资移民项目普遍紧缩，美国EB-5遭遇排期，而英国对一级投资者签证也释放出改革之声，有身份配置需求的有钱人自然将目光转向澳洲，导致澳洲188签证申请人激增。另外，悉尼留学生人数增多，而技术移民政策收紧，打分越来越高，一些学生转向毕业后创业，通过申请188A来获得合法身份。　　澳洲新总理Scott Morrison上台之后的保守倾向，让移民们颇为担忧。他在当选后的首次公开讲话中，做出低税率的承诺，并强调“澳洲人应该得到更多收入”。在11月，莫里森还曾公开表示，成长过快的移民使得澳洲问题丛生，道路堵塞、交通拥挤，学校招收过多学生等。他还提出削减3万的移民数量，并提高进入门槛。　　尽管Morrison承认移民对澳洲经济贡献巨大，并解释说，澳洲现在的问题在于，公共环境是否能承载现有人口数量，但挑出移民问题的做法仍无法平息质疑声。　　“当下的澳洲依然面临多种行业的人才匮乏，莫里森只是更强调了重新规划人员分布的重要性。”Jennifer认为，决策层不会只为了获得更多支持而拿移民开刀，毕竟移民对澳洲重要性已不容忽视。　　从澳洲现状来看，削减移民并不能从根本上解决大城市的人口过剩。长期看来，这种做法还将恶化澳洲劳动力短缺的问题。如果因此引起经济倒退，政府也将得不偿失。', '<p style=\"margin-top: 0px; margin-bottom: 30px; padding: 0px; font-family: &quot;Hiragino Sans GB&quot;, &quot;Microsoft Yahei&quot;, 微软雅黑, Simsun, 宋体, Arial; font-size: 18px; letter-spacing: 1px; white-space: normal;\">新州暂停商业移民签证，但官方未说明何时重新开放。</p><p style=\"text-align: center;\"><img src=\"http://n.sinaimg.cn/edu/crawl/62/w550h312/20181221/MNuk-hqnkyps2926931.jpg\" alt=\"\"/><span class=\"img_descr\" style=\"line-height: 20px; padding: 6px 0px; font-size: 16px; margin: 5px auto; display: inline-block; zoom: 1; text-align: left; font-weight: 700;\"></span></p><p style=\"margin-top: 0px; margin-bottom: 30px; padding: 0px; font-family: &quot;Hiragino Sans GB&quot;, &quot;Microsoft Yahei&quot;, 微软雅黑, Simsun, 宋体, Arial; font-size: 18px; letter-spacing: 1px; white-space: normal;\">　　悉尼所在的澳大利亚新南威尔士州在12月18日发布一则消息，该州政府暂停188及132类别的商业移民申请，其中包括188A（商业创新类移民）、188B（商业投资类移民）、188C（SIV重大投资者签证）、188E（创新企业家移民）、132A（天才企业家移民），以及132B（风险投资家移民）。</p><p style=\"margin-top: 0px; margin-bottom: 30px; padding: 0px; font-family: &quot;Hiragino Sans GB&quot;, &quot;Microsoft Yahei&quot;, 微软雅黑, Simsun, 宋体, Arial; font-size: 18px; letter-spacing: 1px; white-space: normal;\">　　这意味着，该州主流的商业移民项目均被暂停。目前，仅有188签证延期，以及临时签证转永居等项目仍在开放。</p><p style=\"text-align: center;\"><img src=\"http://n.sinaimg.cn/edu/crawl/791/w550h241/20181221/agen-hqnkyps2927015.jpg\" alt=\"\"/><span class=\"img_descr\" style=\"line-height: 20px; padding: 6px 0px; font-size: 16px; margin: 5px auto; display: inline-block; zoom: 1; text-align: left; font-weight: 700;\"></span></p><p style=\"margin-top: 0px; margin-bottom: 30px; padding: 0px; font-family: &quot;Hiragino Sans GB&quot;, &quot;Microsoft Yahei&quot;, 微软雅黑, Simsun, 宋体, Arial; font-size: 18px; letter-spacing: 1px; white-space: normal;\">　　澳大利亚188类别的商业投资签证历来受到中国投资者的喜爱。申请者除了要有商业投资意向，满足投资门槛，还需要获得州政府的担保。澳大利亚各州政府也将其视为招商引资的重要手段。根据今年六月澳洲联邦政府的一份报告，在2016-2017财年，申请该类签证的人数上涨74.4%，从9051人增至15781人，而86.5%的签证颁发给中国人。</p><p style=\"margin-top: 0px; margin-bottom: 30px; padding: 0px; font-family: &quot;Hiragino Sans GB&quot;, &quot;Microsoft Yahei&quot;, 微软雅黑, Simsun, 宋体, Arial; font-size: 18px; letter-spacing: 1px; white-space: normal;\">　　对此次新州商业移民项目的突然暂停，移民局给到的官方解释是配额已用完。</p><p style=\"margin-top: 0px; margin-bottom: 30px; padding: 0px; font-family: &quot;Hiragino Sans GB&quot;, &quot;Microsoft Yahei&quot;, 微软雅黑, Simsun, 宋体, Arial; font-size: 18px; letter-spacing: 1px; white-space: normal;\">　　“新州政府现在正在申请更多配额，但目前还没有被批复，所以这个财政年有关188和132商业移民申请的机会是否会再被开放，还未知。”外联出国澳洲移民律师Jennifer Zhu评论道。</p><p style=\"text-align: center;\"><img src=\"http://n.sinaimg.cn/edu/crawl/498/w550h748/20181221/--8K-hqnkyps2927096.jpg\" alt=\"外联出国澳洲移民律师Jennifer Zhu提供的官方回复邮件\"/><span class=\"img_descr\" style=\"line-height: 20px; padding: 6px 0px; font-size: 16px; margin: 5px auto; display: inline-block; zoom: 1; text-align: left; font-weight: 700;\">外联出国澳洲移民律师Jennifer Zhu提供的官方回复邮件</span></p><p style=\"margin-top: 0px; margin-bottom: 30px; padding: 0px; font-family: &quot;Hiragino Sans GB&quot;, &quot;Microsoft Yahei&quot;, 微软雅黑, Simsun, 宋体, Arial; font-size: 18px; letter-spacing: 1px; white-space: normal;\">　　澳洲关停移民签证曾有过先例，大多针对技术移民类项目。技术移民签证不需要资金门槛，申请人数较多。但从今年开始，商业移民签证也开始出现“暂停”现象。</p><p style=\"margin-top: 0px; margin-bottom: 30px; padding: 0px; font-family: &quot;Hiragino Sans GB&quot;, &quot;Microsoft Yahei&quot;, 微软雅黑, Simsun, 宋体, Arial; font-size: 18px; letter-spacing: 1px; white-space: normal;\">　　今年1月31日，南澳首次宣布暂时关闭188/132类提名申请，原因是配额耗尽。4月，该州又重新开放申请入口，但名额在4小时内“一抢而空”，申请继而关停。同样的情景在6月再次重现。7月1日，该州132签证政策改革生效，政府调整了部分投资品类的投资门槛。</p><p style=\"margin-top: 0px; margin-bottom: 30px; padding: 0px; font-family: &quot;Hiragino Sans GB&quot;, &quot;Microsoft Yahei&quot;, 微软雅黑, Simsun, 宋体, Arial; font-size: 18px; letter-spacing: 1px; white-space: normal;\">　　昆士兰州在今年5月11日也暂停发放投资类别的移民邀请，不再接收州担保的申请。当月22日，通道重新开启，但审批速度放缓。</p><p style=\"margin-top: 0px; margin-bottom: 30px; padding: 0px; font-family: &quot;Hiragino Sans GB&quot;, &quot;Microsoft Yahei&quot;, 微软雅黑, Simsun, 宋体, Arial; font-size: 18px; letter-spacing: 1px; white-space: normal;\">　　新南威尔士州的“暂停”则属于新现象。尽管新州未曾公布每年商业移民签证的配额数量，但Jennifer认为，此次暂停并不代表配额减少。“因为2018-19澳洲财政年度的配额是一早定下的，所以只能说明配额是被提前用完了。”</p><p style=\"margin-top: 0px; margin-bottom: 30px; padding: 0px; font-family: &quot;Hiragino Sans GB&quot;, &quot;Microsoft Yahei&quot;, 微软雅黑, Simsun, 宋体, Arial; font-size: 18px; letter-spacing: 1px; white-space: normal;\">　　配额提前用完，可能由多方面引起。Jennifer认为，从全球市场上来看，投资移民项目普遍紧缩，美国EB-5遭遇排期，而英国对一级投资者签证也释放出改革之声，有身份配置需求的有钱人自然将目光转向澳洲，导致澳洲188签证申请人激增。另外，悉尼留学生人数增多，而技术移民政策收紧，打分越来越高，一些学生转向毕业后创业，通过申请188A来获得合法身份。</p><br/><p style=\"margin-top: 0px; margin-bottom: 30px; padding: 0px; font-family: &quot;Hiragino Sans GB&quot;, &quot;Microsoft Yahei&quot;, 微软雅黑, Simsun, 宋体, Arial; font-size: 18px; letter-spacing: 1px; white-space: normal;\">　　澳洲新总理Scott Morrison上台之后的保守倾向，让移民们颇为担忧。他在当选后的首次公开讲话中，做出低税率的承诺，并强调“澳洲人应该得到更多收入”。在11月，莫里森还曾公开表示，成长过快的移民使得澳洲问题丛生，道路堵塞、交通拥挤，学校招收过多学生等。他还提出削减3万的移民数量，并提高进入门槛。</p><p style=\"margin-top: 0px; margin-bottom: 30px; padding: 0px; font-family: &quot;Hiragino Sans GB&quot;, &quot;Microsoft Yahei&quot;, 微软雅黑, Simsun, 宋体, Arial; font-size: 18px; letter-spacing: 1px; white-space: normal;\">　　尽管Morrison承认移民对澳洲经济贡献巨大，并解释说，澳洲现在的问题在于，公共环境是否能承载现有人口数量，但挑出移民问题的做法仍无法平息质疑声。</p><p style=\"margin-top: 0px; margin-bottom: 30px; padding: 0px; font-family: &quot;Hiragino Sans GB&quot;, &quot;Microsoft Yahei&quot;, 微软雅黑, Simsun, 宋体, Arial; font-size: 18px; letter-spacing: 1px; white-space: normal;\">　　“当下的澳洲依然面临多种行业的人才匮乏，莫里森只是更强调了重新规划人员分布的重要性。”Jennifer认为，决策层不会只为了获得更多支持而拿移民开刀，毕竟移民对澳洲重要性已不容忽视。</p><p style=\"margin-top: 0px; margin-bottom: 30px; padding: 0px; font-family: &quot;Hiragino Sans GB&quot;, &quot;Microsoft Yahei&quot;, 微软雅黑, Simsun, 宋体, Arial; font-size: 18px; letter-spacing: 1px; white-space: normal;\">　　从澳洲现状来看，削减移民并不能从根本上解决大城市的人口过剩。长期看来，这种做法还将恶化澳洲劳动力短缺的问题。如果因此引起经济倒退，政府也将得不偿失。</p><p><br/></p>', 'http://n.sinaimg.cn/edu/crawl/62/w550h312/20181221/MNuk-hqnkyps2926931.jpg', '2018-12-23 11:09:14');
INSERT INTO `article` VALUES ('30', '英国内政大臣：脱欧后英国或削减80%的欧盟移民', '海外邦', '据《华闻周刊》报道，英国内政大臣计划在英国“脱欧”后，实施更严格的入境条件，将欧盟移民数量削减80%。据报道，预计英国内政大臣萨义德?贾维德将在2020年12月之后公布更严格的移民计划，终止欧盟移民的自由流动政策和优惠待遇。届时，来自欧洲的净移民将减少到每年只有1万人。11月公布的官方数据显示，在截至2018年6月的一年里，欧盟来英净移民人数为7.4万人，为6年来的最低水平，比2016年6月下降60%，为2012年以来的最低水平。据报道，英国政府预计将于下周发布移民白皮书，进一步削减这一数字，到2025年，长期移民将降至每年1万至2.5万名。一位消息人士表示，“我们将全面控制哪些人可以来英国，优先考虑那些拥有英国所需技能的人，而不是根据他们来自哪个国家。”预计这将导致欧盟高技能移民人数从2017年的1.5万人削减至1.1万人左右，而中等技能移民人数将从1.85万人削减至4500人左右。预计4万名低技能欧盟公民中的大多数根本不会来英国。据悉，中等技术移民将会有所限制，至少能获得3万镑的年薪才能来英国工作，而低技能工人将获得一年的短期签证，并且他们所在的国家必须是一个“移民风险比较低”的国家。同时，报告还表现出“脱欧”对经济影响的担忧，由英国政府委托进行的一项调查发现，欧盟移民比英国籍居民在公共财政上的平均净支出多2300镑。贾维德还将与英国首相特蕾莎.梅此前对移民实施的“敌意环境”保持距离，承诺就移民问题展开“新的对话”，营造一个“公平和透明的合规环境”，帮助保护合法移民，同时打击非法移民。此外，预计白皮书还将概述，欧盟公民将不再能够使用本国身份证前往英国，而是必须使用护照。', '<p style=\"margin-top: 28px; margin-bottom: 0px; padding: 0px; font-variant-numeric: normal; font-variant-east-asian: normal; font-stretch: normal; line-height: 28px; font-family: &quot;Microsoft Yahei&quot;; text-indent: 2em; color: rgb(64, 64, 64); text-align: justify; white-space: normal; background-color: rgb(255, 255, 255);\">据《华闻周刊》报道，英国内政大臣计划在英国“脱欧”后，实施更严格的入境条件，将欧盟<a href=\"http://edu.163.com/yimin/\" title=\"网易移民频道\" target=\"_blank\" style=\"color: rgb(15, 107, 153);\">移民</a>数量削减80%。</p><p style=\"margin-top: 28px; margin-bottom: 0px; padding: 0px; font-variant-numeric: normal; font-variant-east-asian: normal; font-stretch: normal; line-height: 28px; font-family: &quot;Microsoft Yahei&quot;; text-indent: 2em; color: rgb(64, 64, 64); text-align: justify; white-space: normal; background-color: rgb(255, 255, 255);\">据报道，预计英国内政大臣萨义德?贾维德将在2020年12月之后公布更严格的移民计划，终止欧盟移民的自由流动政策和优惠待遇。届时，来自欧洲的净移民将减少到每年只有1万人。</p><p style=\"margin-top: 28px; margin-bottom: 0px; padding: 0px; font-variant-numeric: normal; font-variant-east-asian: normal; font-stretch: normal; line-height: 28px; font-family: &quot;Microsoft Yahei&quot;; text-indent: 2em; color: rgb(64, 64, 64); text-align: justify; white-space: normal; background-color: rgb(255, 255, 255);\">11月公布的官方数据显示，在截至2018年6月的一年里，欧盟来英净移民人数为7.4万人，为6年来的最低水平，比2016年6月下降60%，为2012年以来的最低水平。</p><p style=\"margin-top: 28px; margin-bottom: 0px; padding: 0px; font-variant-numeric: normal; font-variant-east-asian: normal; font-stretch: normal; line-height: 28px; font-family: &quot;Microsoft Yahei&quot;; text-indent: 2em; color: rgb(64, 64, 64); text-align: justify; white-space: normal; background-color: rgb(255, 255, 255);\">据报道，英国政府预计将于下周发布移民白皮书，进一步削减这一数字，到2025年，长期移民将降至每年1万至2.5万名。</p><p style=\"margin-top: 28px; margin-bottom: 0px; padding: 0px; font-variant-numeric: normal; font-variant-east-asian: normal; font-stretch: normal; line-height: 28px; font-family: &quot;Microsoft Yahei&quot;; text-indent: 2em; color: rgb(64, 64, 64); text-align: justify; white-space: normal; background-color: rgb(255, 255, 255);\"><br/></p><p style=\"margin-top: 28px; margin-bottom: 0px; padding: 0px; font-variant-numeric: normal; font-variant-east-asian: normal; font-stretch: normal; line-height: 28px; font-family: &quot;Microsoft Yahei&quot;; text-indent: 2em; color: rgb(64, 64, 64); text-align: justify; white-space: normal; background-color: rgb(255, 255, 255);\">一位消息人士表示，“我们将全面控制哪些人可以来英国，优先考虑那些拥有英国所需技能的人，而不是根据他们来自哪个国家。”</p><p style=\"margin-top: 28px; margin-bottom: 0px; padding: 0px; font-variant-numeric: normal; font-variant-east-asian: normal; font-stretch: normal; line-height: 28px; font-family: &quot;Microsoft Yahei&quot;; text-indent: 2em; color: rgb(64, 64, 64); text-align: justify; white-space: normal; background-color: rgb(255, 255, 255);\">预计这将导致欧盟高技能移民人数从2017年的1.5万人削减至1.1万人左右，而中等技能移民人数将从1.85万人削减至4500人左右。预计4万名低技能欧盟公民中的大多数根本不会来英国。</p><p style=\"margin-top: 28px; margin-bottom: 0px; padding: 0px; font-variant-numeric: normal; font-variant-east-asian: normal; font-stretch: normal; line-height: 28px; font-family: &quot;Microsoft Yahei&quot;; text-indent: 2em; color: rgb(64, 64, 64); text-align: justify; white-space: normal; background-color: rgb(255, 255, 255);\">据悉，中等<a href=\"http://edu.163.com/yimin/\" title=\"网易移民频道\" target=\"_blank\" style=\"color: rgb(15, 107, 153);\">技术移民</a>将会有所限制，至少能获得3万镑的年薪才能来英国工作，而低技能工人将获得一年的短期签证，并且他们所在的国家必须是一个“移民风险比较低”的国家。</p><p style=\"margin-top: 28px; margin-bottom: 0px; padding: 0px; font-variant-numeric: normal; font-variant-east-asian: normal; font-stretch: normal; line-height: 28px; font-family: &quot;Microsoft Yahei&quot;; text-indent: 2em; color: rgb(64, 64, 64); text-align: justify; white-space: normal; background-color: rgb(255, 255, 255);\">同时，报告还表现出“脱欧”对经济影响的担忧，由英国政府委托进行的一项调查发现，欧盟移民比英国籍居民在公共财政上的平均净支出多2300镑。</p><p style=\"margin-top: 28px; margin-bottom: 0px; padding: 0px; font-variant-numeric: normal; font-variant-east-asian: normal; font-stretch: normal; line-height: 28px; font-family: &quot;Microsoft Yahei&quot;; text-indent: 2em; color: rgb(64, 64, 64); text-align: justify; white-space: normal; background-color: rgb(255, 255, 255);\">贾维德还将与英国首相特蕾莎.梅此前对移民实施的“敌意环境”保持距离，承诺就移民问题展开“新的对话”，营造一个“公平和透明的合规环境”，帮助保护合法移民，同时打击非法移民。</p><p style=\"margin-top: 28px; margin-bottom: 0px; padding: 0px; font-variant-numeric: normal; font-variant-east-asian: normal; font-stretch: normal; line-height: 28px; font-family: &quot;Microsoft Yahei&quot;; text-indent: 2em; color: rgb(64, 64, 64); text-align: justify; white-space: normal; background-color: rgb(255, 255, 255);\"><br/></p><p style=\"margin-top: 28px; margin-bottom: 0px; padding: 0px; font-variant-numeric: normal; font-variant-east-asian: normal; font-stretch: normal; line-height: 28px; font-family: &quot;Microsoft Yahei&quot;; text-indent: 2em; color: rgb(64, 64, 64); text-align: justify; white-space: normal; background-color: rgb(255, 255, 255);\">此外，预计白皮书还将概述，欧盟公民将不再能够使用本国身份证前往英国，而是必须使用护照。</p><p><br/></p>', '/img/default.jpg', '2018-12-23 11:40:15');
INSERT INTO `article` VALUES ('31', '德国推出新移民法案 允许引进高技能外劳', '海外邦', '据《欧洲时报》报道，当地时间19日，为应对老龄化和劳动力短缺等问题，德国政府推出移民法案，允许德国从国外引进具备专业技能的工作人员。据报道，德国社会民主党以及基民盟与基社盟政府经过谈判，终于在最后一刻，通过这项名为“具备专业技能的工作人员移民法”。内阁会议结束后，德国基社盟籍内政部长霍斯特?泽霍夫表示，“我们需要来自非欧盟国家的劳工，填补（空缺的）岗位，保证我们的经济繁荣”。社会民主党希望这一法案能够成为默克尔第四任政府的标志性法案，从而将德国正式打造成移民国家。德国劳工部长、社会民主党人海勒表示，“这是一个显著进步，经过二十多年的辩论，德国终于有了一部现代移民法案”。2015年难民危机以来，德国共接待百万难民，随后引发极右势力高涨，德国保守派议员曾在2018年10月要求对第一版法案进行相应调整。据悉，2019年该法案将在德国议会正式通过，从而回应某些经济领域人员极为短缺的现状。具体来说，法案通过后，来自欧盟之外具备专业技能的工作人员，可以获得六个月居留证，在这期间可以找工作。不过，申请者需要具有一定的德语水平，并且在这六个月时间内，自己负责生活支出，不能领取国家补助。如果申请者在六个月时间内没有找到工作，该居留将不会被延长。此外，另一份法案对雇用难民做出相关规定。即难民若申请被拒，但他在最近18个月内有工作，且没有违法记录，且表现出融入德国社会的决心，也可以申请上述工作居留。德国希望通过这一措施，保证信息、技术、餐厅和老人陪护等行业，能招聘到更多人员。在德国经济中，中小企业扮演了重要角色，它们面临的劳动力短缺现象也最为严重。企业老板尤其希望简化雇用外国移民的程序。此外，据相关学者预测，到2050年德国共计需要40万名非欧盟国家工作人员。然而，德国工会联合会对这一法案非常关注，担心这会引发工资降低以及压榨外国工作人员的情况。不过，在经济部长阿尔特迈尔看来，该法案的通过，结束了关于移民问题的意识形态之争，因而这是德国极具历史意义的一天。据联合国统计，德国14.9%的居民都是在国外出生，但德国仍很难归入移民国家之列。', '<p class=\"f_center\" style=\"margin-top: 28px; margin-bottom: 0px; padding: 0px; font-variant-numeric: normal; font-variant-east-asian: normal; font-stretch: normal; line-height: 28px; font-family: &quot;Microsoft Yahei&quot;; color: rgb(64, 64, 64); text-align: center; white-space: normal; background-color: rgb(255, 255, 255);\"><img alt=\"德国推出新移民法案 允许引进高技能外劳\" src=\"http://cms-bucket.nosdn.127.net/2018/12/20/486e2021ba4549b69535daa042c6d677.jpeg?imageView&thumbnail=550x0\"/><br/></p><p style=\"margin-top: 28px; margin-bottom: 0px; padding: 0px; font-variant-numeric: normal; font-variant-east-asian: normal; font-stretch: normal; line-height: 28px; font-family: &quot;Microsoft Yahei&quot;; text-indent: 2em; color: rgb(64, 64, 64); text-align: justify; white-space: normal; background-color: rgb(255, 255, 255);\">据《欧洲时报》报道，当地时间19日，为应对老龄化和劳动力短缺等问题，德国政府推出<a href=\"http://edu.163.com/yimin/\" title=\"网易移民频道\" target=\"_blank\" style=\"color: rgb(15, 107, 153);\">移民</a>法案，允许德国从国外引进具备专业技能的工作人员。</p><p style=\"margin-top: 28px; margin-bottom: 0px; padding: 0px; font-variant-numeric: normal; font-variant-east-asian: normal; font-stretch: normal; line-height: 28px; font-family: &quot;Microsoft Yahei&quot;; text-indent: 2em; color: rgb(64, 64, 64); text-align: justify; white-space: normal; background-color: rgb(255, 255, 255);\">据报道，德国社会民主党以及基民盟与基社盟政府经过谈判，终于在最后一刻，通过这项名为“具备专业技能的工作人员移民法”。</p><p style=\"margin-top: 28px; margin-bottom: 0px; padding: 0px; font-variant-numeric: normal; font-variant-east-asian: normal; font-stretch: normal; line-height: 28px; font-family: &quot;Microsoft Yahei&quot;; text-indent: 2em; color: rgb(64, 64, 64); text-align: justify; white-space: normal; background-color: rgb(255, 255, 255);\">内阁会议结束后，德国基社盟籍内政部长霍斯特?泽霍夫表示，“我们需要来自非欧盟国家的劳工，填补（空缺的）岗位，保证我们的经济繁荣”。</p><p style=\"margin-top: 28px; margin-bottom: 0px; padding: 0px; font-variant-numeric: normal; font-variant-east-asian: normal; font-stretch: normal; line-height: 28px; font-family: &quot;Microsoft Yahei&quot;; text-indent: 2em; color: rgb(64, 64, 64); text-align: justify; white-space: normal; background-color: rgb(255, 255, 255);\">社会民主党希望这一法案能够成为默克尔第四任政府的标志性法案，从而将德国正式打造成移民国家。</p><p style=\"margin-top: 28px; margin-bottom: 0px; padding: 0px; font-variant-numeric: normal; font-variant-east-asian: normal; font-stretch: normal; line-height: 28px; font-family: &quot;Microsoft Yahei&quot;; text-indent: 2em; color: rgb(64, 64, 64); text-align: justify; white-space: normal; background-color: rgb(255, 255, 255);\">德国劳工部长、社会民主党人海勒表示，“这是一个显著进步，经过二十多年的辩论，德国终于有了一部现代移民法案”。</p><p style=\"margin-top: 28px; margin-bottom: 0px; padding: 0px; font-variant-numeric: normal; font-variant-east-asian: normal; font-stretch: normal; line-height: 28px; font-family: &quot;Microsoft Yahei&quot;; text-indent: 2em; color: rgb(64, 64, 64); text-align: justify; white-space: normal; background-color: rgb(255, 255, 255);\">2015年难民危机以来，德国共接待百万难民，随后引发极右势力高涨，德国保守派议员曾在2018年10月要求对第一版法案进行相应调整。</p><p style=\"margin-top: 28px; margin-bottom: 0px; padding: 0px; font-variant-numeric: normal; font-variant-east-asian: normal; font-stretch: normal; line-height: 28px; font-family: &quot;Microsoft Yahei&quot;; text-indent: 2em; color: rgb(64, 64, 64); text-align: justify; white-space: normal; background-color: rgb(255, 255, 255);\">据悉，2019年该法案将在德国议会正式通过，从而回应某些经济领域人员极为短缺的现状。</p><p style=\"margin-top: 28px; margin-bottom: 0px; padding: 0px; font-variant-numeric: normal; font-variant-east-asian: normal; font-stretch: normal; line-height: 28px; font-family: &quot;Microsoft Yahei&quot;; text-indent: 2em; color: rgb(64, 64, 64); text-align: justify; white-space: normal; background-color: rgb(255, 255, 255);\">具体来说，法案通过后，来自欧盟之外具备专业技能的工作人员，可以获得六个月居留证，在这期间可以找工作。</p><p style=\"margin-top: 28px; margin-bottom: 0px; padding: 0px; font-variant-numeric: normal; font-variant-east-asian: normal; font-stretch: normal; line-height: 28px; font-family: &quot;Microsoft Yahei&quot;; text-indent: 2em; color: rgb(64, 64, 64); text-align: justify; white-space: normal; background-color: rgb(255, 255, 255);\">不过，申请者需要具有一定的德语水平，并且在这六个月时间内，自己负责生活支出，不能领取国家补助。如果申请者在六个月时间内没有找到工作，该居留将不会被延长。</p><p style=\"margin-top: 28px; margin-bottom: 0px; padding: 0px; font-variant-numeric: normal; font-variant-east-asian: normal; font-stretch: normal; line-height: 28px; font-family: &quot;Microsoft Yahei&quot;; text-indent: 2em; color: rgb(64, 64, 64); text-align: justify; white-space: normal; background-color: rgb(255, 255, 255);\">此外，另一份法案对雇用难民做出相关规定。即难民若申请被拒，但他在最近18个月内有工作，且没有违法记录，且表现出融入德国社会的决心，也可以申请上述工作居留。</p><p style=\"margin-top: 28px; margin-bottom: 0px; padding: 0px; font-variant-numeric: normal; font-variant-east-asian: normal; font-stretch: normal; line-height: 28px; font-family: &quot;Microsoft Yahei&quot;; text-indent: 2em; color: rgb(64, 64, 64); text-align: justify; white-space: normal; background-color: rgb(255, 255, 255);\">德国希望通过这一措施，保证信息、技术、餐厅和老人陪护等行业，能招聘到更多人员。在德国经济中，中小企业扮演了重要角色，它们面临的劳动力短缺现象也最为严重。企业老板尤其希望简化雇用外国移民的程序。</p><p style=\"margin-top: 28px; margin-bottom: 0px; padding: 0px; font-variant-numeric: normal; font-variant-east-asian: normal; font-stretch: normal; line-height: 28px; font-family: &quot;Microsoft Yahei&quot;; text-indent: 2em; color: rgb(64, 64, 64); text-align: justify; white-space: normal; background-color: rgb(255, 255, 255);\">此外，据相关学者预测，到2050年德国共计需要40万名非欧盟国家工作人员。</p><p style=\"margin-top: 28px; margin-bottom: 0px; padding: 0px; font-variant-numeric: normal; font-variant-east-asian: normal; font-stretch: normal; line-height: 28px; font-family: &quot;Microsoft Yahei&quot;; text-indent: 2em; color: rgb(64, 64, 64); text-align: justify; white-space: normal; background-color: rgb(255, 255, 255);\">然而，德国工会联合会对这一法案非常关注，担心这会引发工资降低以及压榨外国工作人员的情况。</p><p style=\"margin-top: 28px; margin-bottom: 0px; padding: 0px; font-variant-numeric: normal; font-variant-east-asian: normal; font-stretch: normal; line-height: 28px; font-family: &quot;Microsoft Yahei&quot;; text-indent: 2em; color: rgb(64, 64, 64); text-align: justify; white-space: normal; background-color: rgb(255, 255, 255);\">不过，在经济部长阿尔特迈尔看来，该法案的通过，结束了关于移民问题的意识形态之争，因而这是德国极具历史意义的一天。</p><p style=\"margin-top: 28px; margin-bottom: 0px; padding: 0px; font-variant-numeric: normal; font-variant-east-asian: normal; font-stretch: normal; line-height: 28px; font-family: &quot;Microsoft Yahei&quot;; text-indent: 2em; color: rgb(64, 64, 64); text-align: justify; white-space: normal; background-color: rgb(255, 255, 255);\"><span style=\"text-indent: 2em;\">据联合国统计，德国14.9%的居民都是在国外出生，但德国仍很难归入移民国家之列。</span><br/></p>', 'http://cms-bucket.nosdn.127.net/2018/12/20/486e2021ba4549b69535daa042c6d677.jpeg?imageView&thumbnail=550x0', '2018-12-23 11:50:43');
INSERT INTO `article` VALUES ('32', '移民们正在涌入加拿大 而楼市却还没有准备好', '海外邦', '“我们甚至没有意识到：我们的边境，交通问题和住房问题都是紧急问题。”　　为了应对人口老龄化和劳动力短缺，联邦政府提出宏大的移民目标，加拿大的人口增长也在过去几年加速前行。从长远来看，这将对加拿大经济起到推动作用，但短期内，人口的繁荣正在引发一些混乱，比如多伦多等城市租赁市场价格飙升。　　魁北克省Caisse Desjardins高级经济学家Benoit P。 Durocher在周一发表的一份报告中写道，人口增长“甚至超过了最乐观的人口预测”。截至7月的12个月内，约有413，000人抵达加拿大，增长率为1.4%，是七国集团中最快的。根据加拿大统计局的数据，今年早些时候人口超过了3700万。　　“加拿大的排名接近第二，美国的增长率翻了一番。”Durocher写道。“然而，这种快速增长似乎并没有对实际参与劳动力市场的人数产生显着影响。”　　加拿大人口老龄化是个难题，退休人员的比例一直在增长，有工作的人口比例一直在下降。今年，加拿大的技术工人短缺数量也创下纪录。最近几个月，约有40万个工作岗位没有人填补。联邦自由党希望增加移民水平，也是希望能阻止这种趋势。　　移民数量是增加，但加拿大有工作的人口比例并没有停止下降。“一定比例的新移民还没有完全融入，因此仍然不属于劳动力市场。”Durocher指出。“目前，人口增长速度加快，似乎不足以解决该国的劳动力短缺问题。”　　多伦多地区移民就业委员会发布的另一份报告显示，通过技术移民留在加拿大的人才们，想要融入劳动力市场并不容易。该报告发现，移民的失业率是非移民的两倍。好消息是，移民失业率在2016年为12.5%，但这些年来与本地失业率的差距缩小了。　　加拿大强劲的人口增长也推动了房地产市场，但今年楼市发展大幅放缓，抵押贷款利率上升和新的贷款规则严峻。　　“25至34岁的人口，通常被认为是首次购房者的年龄组，近年来也在全国大部分地区加速发展。这增加了对房屋的需求，推动了住宅建设和现房销售。“Durocher认为，该群体抵消了利率逐步上升对房地产市场的不利影响。　　但有证据表明，加拿大并没有准备好迎接异常大量涌入的新移民。在大多伦多，过去一年人口增加了10万，其中包括难民和学生，租赁住房市场面临着巨大的压力。　　住房问题是移民们的一道坎。根据Padmapper的数据，过去一年中单卧室公寓的市场租金飙升了15.6%，而现在平均每月的租金为2，220加元。公寓空置率非常低，只有0.5%。由于过去一年的销售放缓，开发商正在削减新房建设。多伦多大学教授兼着名城市规划师理查德佛罗里达（Richard Florida）告诉媒体说： “即便考虑到移民人数，岗位需求，我们还是已经变得非常难以承受。”他说：“我们正陷入危机，而且没有意识到边境、交通和住房都是紧急问题。”　　多伦多所在的安大略省的省长道格福特（Doug Ford&nbsp;）正在推动省政府放弃对新建筑的租金管制，这是自由党政府在2017年立下的Flag，旨在提高住房负担能力。新政府表示，取消租金管制将鼓励开发商建造更多的出租房，他们还可以专注于更便宜，更快速的模块化住宅建设。　　Durocher表示，加拿大的移民浪潮将使该国具有竞争优势。“人口增长速度越快意味着加拿大长期经济增长的潜力越大。”他写道。　　“尽管存在许多人口挑战，加拿大在G7国家中处于领先地位仍令人欣慰。加拿大的人口增长速度比大多数其他工业化国家更快，从长远来看可能是有益的。”', '<p style=\"margin-top: 0px; margin-bottom: 30px; padding: 0px; font-family: &quot;Hiragino Sans GB&quot;, &quot;Microsoft Yahei&quot;, 微软雅黑, Simsun, 宋体, Arial; font-size: 18px; letter-spacing: 1px; white-space: normal;\">“我们甚至没有意识到：我们的边境，交通问题和住房问题都是紧急问题。”</p><p style=\"text-align: center;\"><img src=\"http://n.sinaimg.cn/edu/crawl/62/w550h312/20181225/APzp-hqtwzec2726940.jpg\" alt=\"\"/><span class=\"img_descr\" style=\"line-height: 20px; padding: 6px 0px; font-size: 16px; margin: 5px auto; display: inline-block; zoom: 1; text-align: left; font-weight: 700;\"></span></p><p style=\"margin-top: 0px; margin-bottom: 30px; padding: 0px; font-family: &quot;Hiragino Sans GB&quot;, &quot;Microsoft Yahei&quot;, 微软雅黑, Simsun, 宋体, Arial; font-size: 18px; letter-spacing: 1px; white-space: normal;\">　　为了应对人口老龄化和劳动力短缺，联邦政府提出宏大的移民目标，加拿大的人口增长也在过去几年加速前行。从长远来看，这将对加拿大经济起到推动作用，但短期内，人口的繁荣正在引发一些混乱，比如多伦多等城市租赁市场价格飙升。</p><p style=\"margin-top: 0px; margin-bottom: 30px; padding: 0px; font-family: &quot;Hiragino Sans GB&quot;, &quot;Microsoft Yahei&quot;, 微软雅黑, Simsun, 宋体, Arial; font-size: 18px; letter-spacing: 1px; white-space: normal;\">　　魁北克省Caisse Desjardins高级经济学家Benoit P。 Durocher在周一发表的一份报告中写道，人口增长“甚至超过了最乐观的人口预测”。截至7月的12个月内，约有413，000人抵达加拿大，增长率为1.4%，是七国集团中最快的。根据加拿大统计局的数据，今年早些时候人口超过了3700万。</p><p style=\"margin-top: 0px; margin-bottom: 30px; padding: 0px; font-family: &quot;Hiragino Sans GB&quot;, &quot;Microsoft Yahei&quot;, 微软雅黑, Simsun, 宋体, Arial; font-size: 18px; letter-spacing: 1px; white-space: normal;\">　　“加拿大的排名接近第二，美国的增长率翻了一番。”Durocher写道。“然而，这种快速增长似乎并没有对实际参与劳动力市场的人数产生显着影响。”</p><p style=\"text-align: center;\"><img src=\"http://n.sinaimg.cn/edu/crawl/74/w550h324/20181225/b1by-hqtwzec2727009.jpg\" alt=\"\"/><span class=\"img_descr\" style=\"line-height: 20px; padding: 6px 0px; font-size: 16px; margin: 5px auto; display: inline-block; zoom: 1; text-align: left; font-weight: 700;\"></span></p><p style=\"margin-top: 0px; margin-bottom: 30px; padding: 0px; font-family: &quot;Hiragino Sans GB&quot;, &quot;Microsoft Yahei&quot;, 微软雅黑, Simsun, 宋体, Arial; font-size: 18px; letter-spacing: 1px; white-space: normal;\">　　加拿大人口老龄化是个难题，退休人员的比例一直在增长，有工作的人口比例一直在下降。今年，加拿大的技术工人短缺数量也创下纪录。最近几个月，约有40万个工作岗位没有人填补。联邦自由党希望增加移民水平，也是希望能阻止这种趋势。</p><p style=\"margin-top: 0px; margin-bottom: 30px; padding: 0px; font-family: &quot;Hiragino Sans GB&quot;, &quot;Microsoft Yahei&quot;, 微软雅黑, Simsun, 宋体, Arial; font-size: 18px; letter-spacing: 1px; white-space: normal;\">　　移民数量是增加，但加拿大有工作的人口比例并没有停止下降。“一定比例的新移民还没有完全融入，因此仍然不属于劳动力市场。”Durocher指出。“目前，人口增长速度加快，似乎不足以解决该国的劳动力短缺问题。”</p><p style=\"margin-top: 0px; margin-bottom: 30px; padding: 0px; font-family: &quot;Hiragino Sans GB&quot;, &quot;Microsoft Yahei&quot;, 微软雅黑, Simsun, 宋体, Arial; font-size: 18px; letter-spacing: 1px; white-space: normal;\">　　多伦多地区移民就业委员会发布的另一份报告显示，通过技术移民留在加拿大的人才们，想要融入劳动力市场并不容易。该报告发现，移民的失业率是非移民的两倍。好消息是，移民失业率在2016年为12.5%，但这些年来与本地失业率的差距缩小了。</p><p style=\"margin-top: 0px; margin-bottom: 30px; padding: 0px; font-family: &quot;Hiragino Sans GB&quot;, &quot;Microsoft Yahei&quot;, 微软雅黑, Simsun, 宋体, Arial; font-size: 18px; letter-spacing: 1px; white-space: normal;\">　　加拿大强劲的人口增长也推动了房地产市场，但今年楼市发展大幅放缓，抵押贷款利率上升和新的贷款规则严峻。</p><p style=\"margin-top: 0px; margin-bottom: 30px; padding: 0px; font-family: &quot;Hiragino Sans GB&quot;, &quot;Microsoft Yahei&quot;, 微软雅黑, Simsun, 宋体, Arial; font-size: 18px; letter-spacing: 1px; white-space: normal;\">　　“25至34岁的人口，通常被认为是首次购房者的年龄组，近年来也在全国大部分地区加速发展。这增加了对房屋的需求，推动了住宅建设和现房销售。“Durocher认为，该群体抵消了利率逐步上升对房地产市场的不利影响。</p><p style=\"margin-top: 0px; margin-bottom: 30px; padding: 0px; font-family: &quot;Hiragino Sans GB&quot;, &quot;Microsoft Yahei&quot;, 微软雅黑, Simsun, 宋体, Arial; font-size: 18px; letter-spacing: 1px; white-space: normal;\">　　但有证据表明，加拿大并没有准备好迎接异常大量涌入的新移民。在大多伦多，过去一年人口增加了10万，其中包括难民和学生，租赁住房市场面临着巨大的压力。</p><br/><p style=\"margin-top: 0px; margin-bottom: 30px; padding: 0px; font-family: &quot;Hiragino Sans GB&quot;, &quot;Microsoft Yahei&quot;, 微软雅黑, Simsun, 宋体, Arial; font-size: 18px; letter-spacing: 1px; white-space: normal;\">　　住房问题是移民们的一道坎。根据Padmapper的数据，过去一年中单卧室公寓的市场租金飙升了15.6%，而现在平均每月的租金为2，220加元。公寓空置率非常低，只有0.5%。由于过去一年的销售放缓，开发商正在削减新房建设。多伦多大学教授兼着名城市规划师理查德佛罗里达（Richard Florida）告诉媒体说： “即便考虑到移民人数，岗位需求，我们还是已经变得非常难以承受。”他说：“我们正陷入危机，而且没有意识到边境、交通和住房都是紧急问题。”</p><p style=\"margin-top: 0px; margin-bottom: 30px; padding: 0px; font-family: &quot;Hiragino Sans GB&quot;, &quot;Microsoft Yahei&quot;, 微软雅黑, Simsun, 宋体, Arial; font-size: 18px; letter-spacing: 1px; white-space: normal;\">　　多伦多所在的安大略省的省长道格福特（Doug Ford&nbsp;）正在推动省政府放弃对新建筑的租金管制，这是自由党政府在2017年立下的Flag，旨在提高住房负担能力。新政府表示，取消租金管制将鼓励开发商建造更多的出租房，他们还可以专注于更便宜，更快速的模块化住宅建设。</p><p style=\"margin-top: 0px; margin-bottom: 30px; padding: 0px; font-family: &quot;Hiragino Sans GB&quot;, &quot;Microsoft Yahei&quot;, 微软雅黑, Simsun, 宋体, Arial; font-size: 18px; letter-spacing: 1px; white-space: normal;\">　　Durocher表示，加拿大的移民浪潮将使该国具有竞争优势。“人口增长速度越快意味着加拿大长期经济增长的潜力越大。”他写道。</p><p style=\"margin-top: 0px; margin-bottom: 30px; padding: 0px; font-family: &quot;Hiragino Sans GB&quot;, &quot;Microsoft Yahei&quot;, 微软雅黑, Simsun, 宋体, Arial; font-size: 18px; letter-spacing: 1px; white-space: normal;\">　　“尽管存在许多人口挑战，加拿大在G7国家中处于领先地位仍令人欣慰。加拿大的人口增长速度比大多数其他工业化国家更快，从长远来看可能是有益的。”</p><p><br/></p>', 'http://n.sinaimg.cn/edu/crawl/62/w550h312/20181225/APzp-hqtwzec2726940.jpg', '2018-12-26 12:21:28');
INSERT INTO `article` VALUES ('33', '美公司须证明招不到美国人 才能为员工申请H-1B签证', '中新网', '据美国《世界日报》报道，外国技术人才工作签证H-1B的改革时有风声传出，目前已知的改革方向包括更加倾向硕士及更高学历的外国人。美国国土安全部最新释出的消息显示，公司必须要证明已经努力寻找本地美国人但是招不到，才能为员工申请H-1B签证。H-1B签证的改革呼声不断。　　美国国土安全部长尼尔森（Kirstjen Nielsen）表示，所有的雇佣方都必须要证明，他们已经做出很大努力要招美国本地人，遍寻不获，之后才能提出申请H-1B。公司也应该对能力条件都符合职缺要求的美国人，提供工作机会。　　“我们必须保证H-1B工作签证项目不会伤及美国的合乎条件的劳动力”，尼尔森表示。此前H-1B签证被不少大企业用来招揽外国较为低薪的员工，以取代本国合资格的员工，引发争议。　　H-1B对于职位的要求也有不少的规定。国土安全局的改革也将修改特殊岗位（specialty occupation）的定义，让这个签证项目的获得者均为“最棒和最聪明的外国人士”；在聘雇关系定义上，也会强调合理的薪水水平的工作者才能够获得H-1B签证。　　目前全美每年的H-1B的发放额度是8.5万个。不少硅谷公司和签证项目的支持者都认为应该放宽上限。因为每年申请的人数都已经大大超出8.5万，所以H-1B必须是由随机抽签产生，抽中者才能进入审核阶段，最终获批才能够成为H-1B持有者。', '<p style=\"margin-top: 0px; margin-bottom: 30px; padding: 0px; font-family: &quot;Hiragino Sans GB&quot;, &quot;Microsoft Yahei&quot;, 微软雅黑, Simsun, 宋体, Arial; font-size: 18px; letter-spacing: 1px; white-space: normal;\">据美国《世界日报》报道，外国技术人才工作签证H-1B的改革时有风声传出，目前已知的改革方向包括更加倾向硕士及更高学历的外国人。美国国土安全部最新释出的消息显示，公司必须要证明已经努力寻找本地美国人但是招不到，才能为员工申请H-1B签证。</p><p style=\"text-align: center;\"><img src=\"http://n.sinaimg.cn/edu/crawl/761/w500h261/20181227/fQ9Y-hqtwzee1819332.jpg\" alt=\"H-1B签证的改革呼声不断。\"/></p><p style=\"text-align: center;\"><span class=\"img_descr\" style=\"line-height: 20px; padding: 6px 0px; font-size: 16px; margin: 5px auto; display: inline-block; zoom: 1; text-align: left; font-weight: 700;\">H-1B签证的改革呼声不断。</span></p><br/><p style=\"margin-top: 0px; margin-bottom: 30px; padding: 0px; font-family: &quot;Hiragino Sans GB&quot;, &quot;Microsoft Yahei&quot;, 微软雅黑, Simsun, 宋体, Arial; font-size: 18px; letter-spacing: 1px; white-space: normal;\">　　美国国土安全部长尼尔森（Kirstjen Nielsen）表示，所有的雇佣方都必须要证明，他们已经做出很大努力要招美国本地人，遍寻不获，之后才能提出申请H-1B。公司也应该对能力条件都符合职缺要求的美国人，提供工作机会。</p><p style=\"margin-top: 0px; margin-bottom: 30px; padding: 0px; font-family: &quot;Hiragino Sans GB&quot;, &quot;Microsoft Yahei&quot;, 微软雅黑, Simsun, 宋体, Arial; font-size: 18px; letter-spacing: 1px; white-space: normal;\">　　“我们必须保证H-1B工作签证项目不会伤及美国的合乎条件的劳动力”，尼尔森表示。此前H-1B签证被不少大企业用来招揽外国较为低薪的员工，以取代本国合资格的员工，引发争议。</p><p style=\"margin-top: 0px; margin-bottom: 30px; padding: 0px; font-family: &quot;Hiragino Sans GB&quot;, &quot;Microsoft Yahei&quot;, 微软雅黑, Simsun, 宋体, Arial; font-size: 18px; letter-spacing: 1px; white-space: normal;\">　　H-1B对于职位的要求也有不少的规定。国土安全局的改革也将修改特殊岗位（specialty occupation）的定义，让这个签证项目的获得者均为“最棒和最聪明的外国人士”；在聘雇关系定义上，也会强调合理的薪水水平的工作者才能够获得H-1B签证。</p><p style=\"margin-top: 0px; margin-bottom: 30px; padding: 0px; font-family: &quot;Hiragino Sans GB&quot;, &quot;Microsoft Yahei&quot;, 微软雅黑, Simsun, 宋体, Arial; font-size: 18px; letter-spacing: 1px; white-space: normal;\">　　目前全美每年的H-1B的发放额度是8.5万个。不少硅谷公司和签证项目的支持者都认为应该放宽上限。因为每年申请的人数都已经大大超出8.5万，所以H-1B必须是由随机抽签产生，抽中者才能进入审核阶段，最终获批才能够成为H-1B持有者。</p><p><br/></p>', 'http://n.sinaimg.cn/edu/crawl/761/w500h261/20181227/fQ9Y-hqtwzee1819332.jpg', '2018-12-27 17:38:09');
INSERT INTO `article` VALUES ('34', '海外中国公民护照政策大调整 明年1月正式实施', '海外邦', '根据央视记者从外交部领事司了解的独家消息，为更好满足海外中国公民申办护照的需求，海外中国公民护照政策将进行大幅调整。调整后，海外中国公民护照申办的受理范围将进一步扩大，申请材料要求进一步放宽，未成年人办证也将更加便利。相关政策调整，将于2019年1月1日正式实施。这是截至目前力度最大、惠及人群最多样的一次海外中国公民护照政策调整，也是海外护照工作依法行政的重要实践。　　（一）扩大护照申办的受理范围　　调整前，已经有过护照的中国公民，如果在国外换领新护照，原则上必须要在国外长期居留。　　调整后，海外中国公民换领护照将不再要求一定要在国外定居。这意味着：除法律法规明确不能颁发的情形，如旅游等短期出国的中国公民等，如遇护照有效期即将届满、签证页即将用完等情形，均可换领新护照。　　（二）放宽申请材料要求　　引入了护照申请人国籍状况声明制，放宽了申请材料要求，确保申请人不跑第三方机构开证明。　　调整前，人们向驻外使领馆申办护照时，必须提供当地有效居留证件或签证，有时还需要去当地第三方机构开具材料来证明其国籍状况。　　调整后，借鉴国际通行做法，引入了国籍状况声明制，即由护照申请人就自己的国籍状况做出声明，并为声明内容负责，承担法律责任。　　准备材料方面将更加容易，除当地有效居留证件或签证外，还可选择提供当地医疗卡、社保卡、银行对账单、水电气账单等其中任一种来证明申请人确实不属于不能在国外申办护照的情形。这些材料大家手边有哪个就用哪个，不需要再去第三机构开证明。　　（三）未成年人办证 做出两点调整　　（1）未成年人办证只需一位法定监护人到场同意　　根据我国相关法律法规，未成年人申办护照时必须有法定监护人到场同意。调整前，我们要求父母双方必须同时到场。但随着时代发展，人员流动性增强，工作节奏加快，父母双方同时到场越来越难。比如母亲带着孩子在国外上学，父亲在国内，这种情况下父母双方同时到场确实比较难。　　调整后，未成年人向各驻外使领馆申办护照、旅行证，只需一位法定监护人（父/母/其他法定监护人）到场并出具同意意见即可。护照是每位在国外中国公民必备旅行证件，通过上述调整，未成年人在国外申办护照将更为便捷。　　（2）统一未成年人申办旅行证材料　　调整前，由于各国情况千差万别，驻外使领馆受理未成年人旅行证申请时，要求提供的材料也不尽相同。这可能会让有些申请人感到困惑，网上还出现了在不同使领馆办理旅行证的所谓“攻略”，这些攻略有的是好心，但也有少数人借此谋利，甚至通过不实宣传以骗取“中介费”，损害申请人利益。　　调整后，驻外使领馆将对未成年人申办旅行证实行“全球通”——全球统一的材料标准，除首次申办的原则上应在出生国的中国使领馆办理外，其他可向中国任一驻外使领馆或者驻香港、澳门公署申办，如无特殊情况，各馆在受理后4个工作日内即可发证。　　（四）政策调整的背景　　过去，在国外的中国公民主要以华侨为主，也就是在国外长期居留生活甚至是定居的中国人，我们驻外使领馆的护照工作也主要是服务于华侨。但是，改革开放40年以来，中外人员交流日趋频繁，中国护照“含金量”越来越足，除华侨外，还有越来越多的同胞走出国门经商、留学、探亲、访问等，虽然未在国外定居，但也需在国外停留较长时间。中国驻外使领馆的护照服务也必须与时俱进，跟上时代的步伐，这样才能更好服务于人民群众，让国家“放管服”改革的成果走出国门，惠及海外同胞。　　此外，2016年启用的“海外中国公民护照在线预约系统”，日前也完成了升级，增设“护照办理进度查询”、“收集领事服务评价”等全新功能。　　（一）增设“护照办理进度查询”功能，申请人可以在预约系统内获取实时的办理进度，系统还可将办理进度自动发送至申请人登记的电子邮箱。通过优化流程，大幅缩短了取证时间——从之前的15个工作日，到最快一周左右。　　（二）增设“收集领事服务评价”功能，申请人办好证件后可以在线对使领馆窗口服务、业务办理、办证环境等进行星级评价并留言提出意见建议。大家的评价可以为我们在“互联网+”的背景下，结合大数据分析，找准服务中需着力提升的环节提供了重要参考，为下步改进工作明确方向。　　（“海外中国公民护照在线预约系统”网址：https：//ppt.mfa.gov.cn）', '<p style=\"margin-top: 0px; margin-bottom: 30px; padding: 0px; font-family: &quot;Hiragino Sans GB&quot;, &quot;Microsoft Yahei&quot;, 微软雅黑, Simsun, 宋体, Arial; font-size: 18px; letter-spacing: 1px; white-space: normal;\">根据央视记者从外交部领事司了解的独家消息，为更好满足海外中国公民申办护照的需求，海外中国公民护照政策将进行大幅调整。调整后，海外中国公民护照申办的受理范围将进一步扩大，申请材料要求进一步放宽，未成年人办证也将更加便利。相关政策调整，将于2019年1月1日正式实施。这是截至目前力度最大、惠及人群最多样的一次海外中国公民护照政策调整，也是海外护照工作依法行政的重要实践。</p><p style=\"margin-top: 0px; margin-bottom: 30px; padding: 0px; font-family: &quot;Hiragino Sans GB&quot;, &quot;Microsoft Yahei&quot;, 微软雅黑, Simsun, 宋体, Arial; font-size: 18px; letter-spacing: 1px; white-space: normal;\">　　（一）扩大护照申办的受理范围</p><p style=\"margin-top: 0px; margin-bottom: 30px; padding: 0px; font-family: &quot;Hiragino Sans GB&quot;, &quot;Microsoft Yahei&quot;, 微软雅黑, Simsun, 宋体, Arial; font-size: 18px; letter-spacing: 1px; white-space: normal;\">　　调整前，已经有过护照的中国公民，如果在国外换领新护照，原则上必须要在国外长期居留。</p><p style=\"margin-top: 0px; margin-bottom: 30px; padding: 0px; font-family: &quot;Hiragino Sans GB&quot;, &quot;Microsoft Yahei&quot;, 微软雅黑, Simsun, 宋体, Arial; font-size: 18px; letter-spacing: 1px; white-space: normal;\">　　调整后，海外中国公民换领护照将不再要求一定要在国外定居。这意味着：除法律法规明确不能颁发的情形，如旅游等短期出国的中国公民等，如遇护照有效期即将届满、签证页即将用完等情形，均可换领新护照。</p><p style=\"margin-top: 0px; margin-bottom: 30px; padding: 0px; font-family: &quot;Hiragino Sans GB&quot;, &quot;Microsoft Yahei&quot;, 微软雅黑, Simsun, 宋体, Arial; font-size: 18px; letter-spacing: 1px; white-space: normal;\">　　（二）放宽申请材料要求</p><p style=\"margin-top: 0px; margin-bottom: 30px; padding: 0px; font-family: &quot;Hiragino Sans GB&quot;, &quot;Microsoft Yahei&quot;, 微软雅黑, Simsun, 宋体, Arial; font-size: 18px; letter-spacing: 1px; white-space: normal;\">　　引入了护照申请人国籍状况声明制，放宽了申请材料要求，确保申请人不跑第三方机构开证明。</p><p style=\"margin-top: 0px; margin-bottom: 30px; padding: 0px; font-family: &quot;Hiragino Sans GB&quot;, &quot;Microsoft Yahei&quot;, 微软雅黑, Simsun, 宋体, Arial; font-size: 18px; letter-spacing: 1px; white-space: normal;\">　　调整前，人们向驻外使领馆申办护照时，必须提供当地有效居留证件或签证，有时还需要去当地第三方机构开具材料来证明其国籍状况。</p><p style=\"margin-top: 0px; margin-bottom: 30px; padding: 0px; font-family: &quot;Hiragino Sans GB&quot;, &quot;Microsoft Yahei&quot;, 微软雅黑, Simsun, 宋体, Arial; font-size: 18px; letter-spacing: 1px; white-space: normal;\">　　调整后，借鉴国际通行做法，引入了国籍状况声明制，即由护照申请人就自己的国籍状况做出声明，并为声明内容负责，承担法律责任。</p><p style=\"margin-top: 0px; margin-bottom: 30px; padding: 0px; font-family: &quot;Hiragino Sans GB&quot;, &quot;Microsoft Yahei&quot;, 微软雅黑, Simsun, 宋体, Arial; font-size: 18px; letter-spacing: 1px; white-space: normal;\">　　准备材料方面将更加容易，除当地有效居留证件或签证外，还可选择提供当地医疗卡、社保卡、银行对账单、水电气账单等其中任一种来证明申请人确实不属于不能在国外申办护照的情形。这些材料大家手边有哪个就用哪个，不需要再去第三机构开证明。</p><p style=\"margin-top: 0px; margin-bottom: 30px; padding: 0px; font-family: &quot;Hiragino Sans GB&quot;, &quot;Microsoft Yahei&quot;, 微软雅黑, Simsun, 宋体, Arial; font-size: 18px; letter-spacing: 1px; white-space: normal;\">　　（三）未成年人办证 做出两点调整</p><p style=\"margin-top: 0px; margin-bottom: 30px; padding: 0px; font-family: &quot;Hiragino Sans GB&quot;, &quot;Microsoft Yahei&quot;, 微软雅黑, Simsun, 宋体, Arial; font-size: 18px; letter-spacing: 1px; white-space: normal;\">　　（1）未成年人办证只需一位法定监护人到场同意</p><p style=\"margin-top: 0px; margin-bottom: 30px; padding: 0px; font-family: &quot;Hiragino Sans GB&quot;, &quot;Microsoft Yahei&quot;, 微软雅黑, Simsun, 宋体, Arial; font-size: 18px; letter-spacing: 1px; white-space: normal;\">　　根据我国相关法律法规，未成年人申办护照时必须有法定监护人到场同意。调整前，我们要求父母双方必须同时到场。但随着时代发展，人员流动性增强，工作节奏加快，父母双方同时到场越来越难。比如母亲带着孩子在国外上学，父亲在国内，这种情况下父母双方同时到场确实比较难。</p><p style=\"margin-top: 0px; margin-bottom: 30px; padding: 0px; font-family: &quot;Hiragino Sans GB&quot;, &quot;Microsoft Yahei&quot;, 微软雅黑, Simsun, 宋体, Arial; font-size: 18px; letter-spacing: 1px; white-space: normal;\">　　调整后，未成年人向各驻外使领馆申办护照、旅行证，只需一位法定监护人（父/母/其他法定监护人）到场并出具同意意见即可。护照是每位在国外中国公民必备旅行证件，通过上述调整，未成年人在国外申办护照将更为便捷。</p><p style=\"margin-top: 0px; margin-bottom: 30px; padding: 0px; font-family: &quot;Hiragino Sans GB&quot;, &quot;Microsoft Yahei&quot;, 微软雅黑, Simsun, 宋体, Arial; font-size: 18px; letter-spacing: 1px; white-space: normal;\">　　（2）统一未成年人申办旅行证材料</p><p style=\"margin-top: 0px; margin-bottom: 30px; padding: 0px; font-family: &quot;Hiragino Sans GB&quot;, &quot;Microsoft Yahei&quot;, 微软雅黑, Simsun, 宋体, Arial; font-size: 18px; letter-spacing: 1px; white-space: normal;\">　　调整前，由于各国情况千差万别，驻外使领馆受理未成年人旅行证申请时，要求提供的材料也不尽相同。这可能会让有些申请人感到困惑，网上还出现了在不同使领馆办理旅行证的所谓“攻略”，这些攻略有的是好心，但也有少数人借此谋利，甚至通过不实宣传以骗取“中介费”，损害申请人利益。</p><p style=\"margin-top: 0px; margin-bottom: 30px; padding: 0px; font-family: &quot;Hiragino Sans GB&quot;, &quot;Microsoft Yahei&quot;, 微软雅黑, Simsun, 宋体, Arial; font-size: 18px; letter-spacing: 1px; white-space: normal;\">　　调整后，驻外使领馆将对未成年人申办旅行证实行“全球通”——全球统一的材料标准，除首次申办的原则上应在出生国的中国使领馆办理外，其他可向中国任一驻外使领馆或者驻香港、澳门公署申办，如无特殊情况，各馆在受理后4个工作日内即可发证。</p><p style=\"margin-top: 0px; margin-bottom: 30px; padding: 0px; font-family: &quot;Hiragino Sans GB&quot;, &quot;Microsoft Yahei&quot;, 微软雅黑, Simsun, 宋体, Arial; font-size: 18px; letter-spacing: 1px; white-space: normal;\">　　（四）政策调整的背景</p><p style=\"margin-top: 0px; margin-bottom: 30px; padding: 0px; font-family: &quot;Hiragino Sans GB&quot;, &quot;Microsoft Yahei&quot;, 微软雅黑, Simsun, 宋体, Arial; font-size: 18px; letter-spacing: 1px; white-space: normal;\">　　过去，在国外的中国公民主要以华侨为主，也就是在国外长期居留生活甚至是定居的中国人，我们驻外使领馆的护照工作也主要是服务于华侨。但是，改革开放40年以来，中外人员交流日趋频繁，中国护照“含金量”越来越足，除华侨外，还有越来越多的同胞走出国门经商、留学、探亲、访问等，虽然未在国外定居，但也需在国外停留较长时间。中国驻外使领馆的护照服务也必须与时俱进，跟上时代的步伐，这样才能更好服务于人民群众，让国家“放管服”改革的成果走出国门，惠及海外同胞。</p><p style=\"text-align: center;\"><img src=\"http://n.sinaimg.cn/edu/transform/50/w550h300/20181229/hrHM-hqwsysy9541984.png\" alt=\"\"/><span class=\"img_descr\" style=\"line-height: 20px; padding: 6px 0px; font-size: 16px; margin: 5px auto; display: inline-block; zoom: 1; text-align: left; font-weight: 700;\"></span></p><br/><p style=\"margin-top: 0px; margin-bottom: 30px; padding: 0px; font-family: &quot;Hiragino Sans GB&quot;, &quot;Microsoft Yahei&quot;, 微软雅黑, Simsun, 宋体, Arial; font-size: 18px; letter-spacing: 1px; white-space: normal;\">　　此外，2016年启用的“海外中国公民护照在线预约系统”，日前也完成了升级，增设“护照办理进度查询”、“收集领事服务评价”等全新功能。</p><p style=\"margin-top: 0px; margin-bottom: 30px; padding: 0px; font-family: &quot;Hiragino Sans GB&quot;, &quot;Microsoft Yahei&quot;, 微软雅黑, Simsun, 宋体, Arial; font-size: 18px; letter-spacing: 1px; white-space: normal;\">　　（一）增设“护照办理进度查询”功能，申请人可以在预约系统内获取实时的办理进度，系统还可将办理进度自动发送至申请人登记的电子邮箱。通过优化流程，大幅缩短了取证时间——从之前的15个工作日，到最快一周左右。</p><p style=\"margin-top: 0px; margin-bottom: 30px; padding: 0px; font-family: &quot;Hiragino Sans GB&quot;, &quot;Microsoft Yahei&quot;, 微软雅黑, Simsun, 宋体, Arial; font-size: 18px; letter-spacing: 1px; white-space: normal;\">　　（二）增设“收集领事服务评价”功能，申请人办好证件后可以在线对使领馆窗口服务、业务办理、办证环境等进行星级评价并留言提出意见建议。大家的评价可以为我们在“互联网+”的背景下，结合大数据分析，找准服务中需着力提升的环节提供了重要参考，为下步改进工作明确方向。</p><p style=\"margin-top: 0px; margin-bottom: 30px; padding: 0px; font-family: &quot;Hiragino Sans GB&quot;, &quot;Microsoft Yahei&quot;, 微软雅黑, Simsun, 宋体, Arial; font-size: 18px; letter-spacing: 1px; white-space: normal;\">　　（“海外中国公民护照在线预约系统”网址：https：//ppt.mfa.gov.cn）</p><p><br/></p>', 'http://n.sinaimg.cn/edu/transform/50/w550h300/20181229/hrHM-hqwsysy9541984.png', '2018-12-30 22:39:12');
INSERT INTO `article` VALUES ('35', '2019年六大移民趋势：身份规划将成重要动因', '海外邦', '2018年，多个国家移民政策及条件变幻莫测，真可谓是不平凡的一年。专家组根据2018年移民行业发展情况和各国移民政策的发展趋势，经过认真调研分析，把脉各国政策动态，同时征询相关国家移民界人士及部分投资者的意见，权威发布“2019年六大移民趋势”。　　1、摩尔多瓦投资入籍项目后来居上，将成为投资移民市场的主流热门项目　　自2018年11月，摩尔多瓦投资入籍项目在“第十二届全球居留权和公民权年会”上正式对外发布以来，便迅速在全球传播并火爆走红！作为首个欧洲大陆国家快速护照项目，仅需10万欧元起，与加勒比岛国及南太平洋岛国接近的价格，即可全家三代速获欧洲大陆国家护照，获批速度快。目前，摩尔多瓦已与欧盟、独联体、俄罗斯、土耳其等多个国家和地区签署了自由贸易协定，也将与中国签订自由贸易协定，非常利于营商。加之优越税制、可申请美国E-2签证、国家口碑好等众多独特优势，此项目独树一帜，将成为2019年投资移民市场的主流热门项目。　　2、投资入籍项目的热点将从英联邦岛国向欧洲大陆转移　　近几年，位于加勒比海和南太平洋的英联邦投资入籍项目吸引了越来越多的投资者关注，使这些以前名不见经传的岛国成为现在人们耳熟能详的国度。2018年，位于欧洲大陆巴尔干半岛周边的国家开始陆续推出或调整投资入籍政策，如摩尔多瓦推出投资额仅需10万欧元起的投资入籍项目；黑山推出55万欧元/35万欧元起的投资入籍项目；土耳其调整投资入籍政策，投资额劲减75%，低至25万美元购置不动产即可入籍土耳其。2019年，巴尔干半岛地区还会有新的欧洲大陆国家继续推出或调整投资入籍政策，投资入籍项目不再是岛国的专利，将有更多投资者更加倾向于选择花同样的钱投资移民这些欧洲大陆国家。　　3、2019年中国大陆EB-5投资移民市场将逐步回温　　美国逐步执行更加严格的非移民签证政策，包括收紧中国大陆留学生签证发放，尤其限制敏感、科技技术领域深造学生的签证发放；2019年，美国拟对H1B签证实施自1990年来最大规模的改革（含：提高H1B申请资格、改变抽签规则以提高硕士及以上学历的中签率、取消H1B签证持有人配偶以H4签证在美合法工作机会等）。这将进一步刺激中国大陆EB-5投资移民市场刚性需求的增长，而有刚性需求的中国大陆投资人经过近年的了解，已逐渐接受EB-5签证排期现实。　　同时，EB-5投资移民涨价呼声历经多年讨论，2019年最终落地将成为大概率事件。届时将大幅削减越南、印度市场的投资移民需求，从而一定程度上缓解未来中国大陆投资人的EB-5 签证排期。　　4、葡萄牙黄金居留计划将理性升温　　2018年，葡萄牙政府相继推出开放的移民鼓励政策。7月6日，最新《葡萄牙国籍法修正案》正式颁布生效，放宽入籍条件，居住时间要求由6年降为5年；10月1号，葡萄牙9号新法令生效，黄金居留签证持有者及其受养人，在持有黄金居留签证5年后，可以申请获得永久居留身份，获得永居身份后，取消居住时间要求；同时，35万欧元起买房即可全家三代获葡萄牙黄金居留许可的投资方式，在2019年将更加成熟和多元化；符合移民要求的35万欧元起购买基金的投资方式将引起投资者广泛关注，并将被普遍接受。由于以上移民政策的调整，葡萄牙黄金居留签证的价值将会被移民投资者重新关注，这一切将促使葡萄牙黄金居留计划理性升温。　　5、英国脱欧，欧盟护照项目将大受欢迎　　英国官方消息确定，将于2019年3月29日午夜退出欧盟；2018年11月25日，除英国外的欧盟27国领导人也在欧盟特别峰会上正式通过此前与英国达成的脱欧协议草案；欧盟公民定居计划将于2019年3月30日全面实施，申请人只要在截止日期2021年6月30日之前，以欧盟公民身份获得英国居住权，将不受脱欧影响，可以继续在英国居住、生活、工作、学习等。　　作为欧盟成员国里通过买房即可获得欧盟护照的塞浦路斯，塞浦路斯护照持有人只要满足英国居留要求，即可申请定居英国；满足一定的条件后即可申请入籍英国。得益于英国脱欧，塞浦路斯欧盟护照项目将大受欢迎。　　6、身份规划将成为移民的重要动因　　目前，资产配置国际化趋势愈加明显，投资者做资产配置已从单纯的税务规划、财富规划考量逐步转移到身份规划上来——资产配置，身份先行。当身份规划成为移民、资产配置的重要考量时，它关系到人生的诸多方面，如生育规划、家庭规划、教育规划、健康规划、养老规划、度假规划、税收规划、财富规划、营商规划等等。2019年，将有更多投资人士因身份规划需要而作出移民决定，身份规划将成为投资移民的重要动因和新潮流。', '<p style=\"margin-top: 0px; margin-bottom: 30px; padding: 0px; font-family: &quot;Hiragino Sans GB&quot;, &quot;Microsoft Yahei&quot;, 微软雅黑, Simsun, 宋体, Arial; font-size: 18px; letter-spacing: 1px; white-space: normal;\">2018年，多个国家移民政策及条件变幻莫测，真可谓是不平凡的一年。专家组根据2018年移民行业发展情况和各国移民政策的发展趋势，经过认真调研分析，把脉各国政策动态，同时征询相关国家移民界人士及部分投资者的意见，权威发布“2019年六大移民趋势”。</p><p style=\"margin-top: 0px; margin-bottom: 30px; padding: 0px; font-family: &quot;Hiragino Sans GB&quot;, &quot;Microsoft Yahei&quot;, 微软雅黑, Simsun, 宋体, Arial; font-size: 18px; letter-spacing: 1px; white-space: normal;\">　　1、摩尔多瓦投资入籍项目后来居上，将成为投资移民市场的主流热门项目</p><p style=\"margin-top: 0px; margin-bottom: 30px; padding: 0px; font-family: &quot;Hiragino Sans GB&quot;, &quot;Microsoft Yahei&quot;, 微软雅黑, Simsun, 宋体, Arial; font-size: 18px; letter-spacing: 1px; white-space: normal;\">　　自2018年11月，摩尔多瓦投资入籍项目在“第十二届全球居留权和公民权年会”上正式对外发布以来，便迅速在全球传播并火爆走红！作为首个欧洲大陆国家快速护照项目，仅需10万欧元起，与加勒比岛国及南太平洋岛国接近的价格，即可全家三代速获欧洲大陆国家护照，获批速度快。目前，摩尔多瓦已与欧盟、独联体、俄罗斯、土耳其等多个国家和地区签署了自由贸易协定，也将与中国签订自由贸易协定，非常利于营商。加之优越税制、可申请美国E-2签证、国家口碑好等众多独特优势，此项目独树一帜，将成为2019年投资移民市场的主流热门项目。</p><p style=\"margin-top: 0px; margin-bottom: 30px; padding: 0px; font-family: &quot;Hiragino Sans GB&quot;, &quot;Microsoft Yahei&quot;, 微软雅黑, Simsun, 宋体, Arial; font-size: 18px; letter-spacing: 1px; white-space: normal;\">　　2、投资入籍项目的热点将从英联邦岛国向欧洲大陆转移</p><p style=\"margin-top: 0px; margin-bottom: 30px; padding: 0px; font-family: &quot;Hiragino Sans GB&quot;, &quot;Microsoft Yahei&quot;, 微软雅黑, Simsun, 宋体, Arial; font-size: 18px; letter-spacing: 1px; white-space: normal;\">　　近几年，位于加勒比海和南太平洋的英联邦投资入籍项目吸引了越来越多的投资者关注，使这些以前名不见经传的岛国成为现在人们耳熟能详的国度。2018年，位于欧洲大陆巴尔干半岛周边的国家开始陆续推出或调整投资入籍政策，如摩尔多瓦推出投资额仅需10万欧元起的投资入籍项目；黑山推出55万欧元/35万欧元起的投资入籍项目；土耳其调整投资入籍政策，投资额劲减75%，低至25万美元购置不动产即可入籍土耳其。2019年，巴尔干半岛地区还会有新的欧洲大陆国家继续推出或调整投资入籍政策，投资入籍项目不再是岛国的专利，将有更多投资者更加倾向于选择花同样的钱投资移民这些欧洲大陆国家。</p><p style=\"margin-top: 0px; margin-bottom: 30px; padding: 0px; font-family: &quot;Hiragino Sans GB&quot;, &quot;Microsoft Yahei&quot;, 微软雅黑, Simsun, 宋体, Arial; font-size: 18px; letter-spacing: 1px; white-space: normal;\">　　3、2019年中国大陆EB-5投资移民市场将逐步回温</p><p style=\"margin-top: 0px; margin-bottom: 30px; padding: 0px; font-family: &quot;Hiragino Sans GB&quot;, &quot;Microsoft Yahei&quot;, 微软雅黑, Simsun, 宋体, Arial; font-size: 18px; letter-spacing: 1px; white-space: normal;\">　　美国逐步执行更加严格的非移民签证政策，包括收紧中国大陆留学生签证发放，尤其限制敏感、科技技术领域深造学生的签证发放；2019年，美国拟对H1B签证实施自1990年来最大规模的改革（含：提高H1B申请资格、改变抽签规则以提高硕士及以上学历的中签率、取消H1B签证持有人配偶以H4签证在美合法工作机会等）。这将进一步刺激中国大陆EB-5投资移民市场刚性需求的增长，而有刚性需求的中国大陆投资人经过近年的了解，已逐渐接受EB-5签证排期现实。</p><p style=\"margin-top: 0px; margin-bottom: 30px; padding: 0px; font-family: &quot;Hiragino Sans GB&quot;, &quot;Microsoft Yahei&quot;, 微软雅黑, Simsun, 宋体, Arial; font-size: 18px; letter-spacing: 1px; white-space: normal;\">　　同时，EB-5投资移民涨价呼声历经多年讨论，2019年最终落地将成为大概率事件。届时将大幅削减越南、印度市场的投资移民需求，从而一定程度上缓解未来中国大陆投资人的EB-5 签证排期。</p><p style=\"margin-top: 0px; margin-bottom: 30px; padding: 0px; font-family: &quot;Hiragino Sans GB&quot;, &quot;Microsoft Yahei&quot;, 微软雅黑, Simsun, 宋体, Arial; font-size: 18px; letter-spacing: 1px; white-space: normal;\">　　4、葡萄牙黄金居留计划将理性升温</p><p style=\"margin-top: 0px; margin-bottom: 30px; padding: 0px; font-family: &quot;Hiragino Sans GB&quot;, &quot;Microsoft Yahei&quot;, 微软雅黑, Simsun, 宋体, Arial; font-size: 18px; letter-spacing: 1px; white-space: normal;\">　　2018年，葡萄牙政府相继推出开放的移民鼓励政策。7月6日，最新《葡萄牙国籍法修正案》正式颁布生效，放宽入籍条件，居住时间要求由6年降为5年；10月1号，葡萄牙9号新法令生效，黄金居留签证持有者及其受养人，在持有黄金居留签证5年后，可以申请获得永久居留身份，获得永居身份后，取消居住时间要求；同时，35万欧元起买房即可全家三代获葡萄牙黄金居留许可的投资方式，在2019年将更加成熟和多元化；符合移民要求的35万欧元起购买基金的投资方式将引起投资者广泛关注，并将被普遍接受。由于以上移民政策的调整，葡萄牙黄金居留签证的价值将会被移民投资者重新关注，这一切将促使葡萄牙黄金居留计划理性升温。</p><p style=\"margin-top: 0px; margin-bottom: 30px; padding: 0px; font-family: &quot;Hiragino Sans GB&quot;, &quot;Microsoft Yahei&quot;, 微软雅黑, Simsun, 宋体, Arial; font-size: 18px; letter-spacing: 1px; white-space: normal;\">　　5、英国脱欧，欧盟护照项目将大受欢迎</p><p style=\"margin-top: 0px; margin-bottom: 30px; padding: 0px; font-family: &quot;Hiragino Sans GB&quot;, &quot;Microsoft Yahei&quot;, 微软雅黑, Simsun, 宋体, Arial; font-size: 18px; letter-spacing: 1px; white-space: normal;\">　　英国官方消息确定，将于2019年3月29日午夜退出欧盟；2018年11月25日，除英国外的欧盟27国领导人也在欧盟特别峰会上正式通过此前与英国达成的脱欧协议草案；欧盟公民定居计划将于2019年3月30日全面实施，申请人只要在截止日期2021年6月30日之前，以欧盟公民身份获得英国居住权，将不受脱欧影响，可以继续在英国居住、生活、工作、学习等。</p><p style=\"margin-top: 0px; margin-bottom: 30px; padding: 0px; font-family: &quot;Hiragino Sans GB&quot;, &quot;Microsoft Yahei&quot;, 微软雅黑, Simsun, 宋体, Arial; font-size: 18px; letter-spacing: 1px; white-space: normal;\">　　作为欧盟成员国里通过买房即可获得欧盟护照的塞浦路斯，塞浦路斯护照持有人只要满足英国居留要求，即可申请定居英国；满足一定的条件后即可申请入籍英国。得益于英国脱欧，塞浦路斯欧盟护照项目将大受欢迎。</p><p style=\"margin-top: 0px; margin-bottom: 30px; padding: 0px; font-family: &quot;Hiragino Sans GB&quot;, &quot;Microsoft Yahei&quot;, 微软雅黑, Simsun, 宋体, Arial; font-size: 18px; letter-spacing: 1px; white-space: normal;\">　　6、身份规划将成为移民的重要动因</p><p style=\"margin-top: 0px; margin-bottom: 30px; padding: 0px; font-family: &quot;Hiragino Sans GB&quot;, &quot;Microsoft Yahei&quot;, 微软雅黑, Simsun, 宋体, Arial; font-size: 18px; letter-spacing: 1px; white-space: normal;\">　　目前，资产配置国际化趋势愈加明显，投资者做资产配置已从单纯的税务规划、财富规划考量逐步转移到身份规划上来——资产配置，身份先行。当身份规划成为移民、资产配置的重要考量时，它关系到人生的诸多方面，如生育规划、家庭规划、教育规划、健康规划、养老规划、度假规划、税收规划、财富规划、营商规划等等。2019年，将有更多投资人士因身份规划需要而作出移民决定，身份规划将成为投资移民的重要动因和新潮流。</p><p><br/></p>', '/img/default.jpg', '2019-01-04 20:53:46');
INSERT INTO `article` VALUES ('36', '意大利“国民补贴”4月开始申请 惠及外国移民', '中新网', '据《欧洲时报》意大利版微信公众号报道，意大利议会在2019年元旦之前通过批准了新的预算法案。其中，备受关注的“全民基本收入”（或称“国民补贴”）预计将可从2019年4月开始申请，并且该福利惠及到居住在意大利的外国移民。据报道，每月的津贴最高可达780欧元。　　据报道，当地时间2018年12月30日，意大利众议院投票批准了此前已在参议院通过的2019年预算法案。除了将原定的2.4%的赤字率降低至2.04%外，备受关注的“全民基本收入”也有了定论。报道称，该项福利措施依然惠及到居住在意大利的外国人。也就是说，外国移民也可以领取该项补贴。　　欧盟法院认为，社会福利的发放范围应包括拥有长期居留的外国人。根据意大利和欧洲的各项法律及公约，外国公民不能被排除在社会福利之外。而且意大利宪法法院也一再表示，社会福利必须人人平等，不管是意大利人还是外国人。　　据报道，意大利大约有180万个家庭生活在贫困线下。根据法案，预计约有130万个家庭将可获得“全民基本收入”福利，包括20万外国移民家庭。法案规定，在意大利至少居住满5年，并且持有长期居留的外国人，同样可以申请获得该福利，每月的津贴最高可达780欧元。（例如，每月收入500欧元的申请者将有权获得每月280欧元的补助。）　　“国民补贴”申请必须满足条件　　1。外国移民居住满5年+持长期居留　　该福利政策此前一直是各方关注的焦点。此前，意大利副总理迪马约曾宣布：在意大利生活10年以上的外国居民，也有权利享受“全民基本收入”补贴。而根据此次最新通过的法案规定，外国人只需要居住满5年（并满足以下申请人必须具备的所有条件2-4条）即可。　　根据意大利国家统计局此前的研究数据，意大利共有大约500万人处于绝对贫困状态。其中外国人有150万，占总数的31.8%。　　2。家庭综合年收入ISEE低于9360欧元+家庭年收入低于12600欧元　　家庭综合年收入ISEE（核心家庭经济收入状况的评估，根据家庭年收入和家庭财产情况，比如固定资产和不固定资产，以及租房和贷款情况来进行评估）在9360欧元以内。　　另外，申请人还必须满足家庭年收入不高于12600欧元（如果是单人家庭，不得超过6000欧元）的要求。　　3。不动产价值不超过3万欧、存款不超过6000欧元以及其他条件　　据报道，申请人还需具备其不动产价值不超过3万欧元的条件。银行存款等不超过6000欧元，如果是3人家庭，存款不超过1万欧元。　　申请人在申请前6个月内没有注册购买大排量汽车（1.6L以上）或250排量以上的摩托车。　　4。申请家庭必须遵守相关协议及使用“全民基本收入”的相关义务　　申请领取“全民基本收入”需要在相关就业中心登记，并提供书面证明。申请者必须参加培训课程，并为所在城市的市政府每周免费工作8小时，而且不得无故拒绝就业中心提供的工作超过3次。这笔补贴的每一笔消费都将受到监控，这些数据将越过银行直接进入到政府的数据库中。　　报道称，“全民基本收入”的使用范围将有非常严格的要求，只能用于最基本的消费需求，比如购买食品、衣服或者支付房租，“不能用于买烟，不能用来进行网上购物，更不能买彩票，甚至可能连餐厅消费也不行。”　　何时开始提交申请？最多能领几个月？　　据报道，“全民基本收入”将从2019年4月开始实施，并在申请后的一个月发放。最长期限为“连续不超过18个月”，并且在到期一个月后可接着再续18个月。报道称，意大利政府将于2019年1月设立一个“国民补贴”官方网站。届时，将会在该网站上找到申请相关的表格。', '<p style=\"margin-top: 0px; margin-bottom: 30px; padding: 0px; font-family: &quot;Hiragino Sans GB&quot;, &quot;Microsoft Yahei&quot;, 微软雅黑, Simsun, 宋体, Arial; font-size: 18px; letter-spacing: 1px; white-space: normal;\">据《欧洲时报》意大利版微信公众号报道，意大利议会在2019年元旦之前通过批准了新的预算法案。其中，备受关注的“全民基本收入”（或称“国民补贴”）预计将可从2019年4月开始申请，并且该福利惠及到居住在意大利的外国移民。据报道，每月的津贴最高可达780欧元。</p><p style=\"margin-top: 0px; margin-bottom: 30px; padding: 0px; font-family: &quot;Hiragino Sans GB&quot;, &quot;Microsoft Yahei&quot;, 微软雅黑, Simsun, 宋体, Arial; font-size: 18px; letter-spacing: 1px; white-space: normal;\">　　据报道，当地时间2018年12月30日，意大利众议院投票批准了此前已在参议院通过的2019年预算法案。除了将原定的2.4%的赤字率降低至2.04%外，备受关注的“全民基本收入”也有了定论。报道称，该项福利措施依然惠及到居住在意大利的外国人。也就是说，外国移民也可以领取该项补贴。</p><p style=\"margin-top: 0px; margin-bottom: 30px; padding: 0px; font-family: &quot;Hiragino Sans GB&quot;, &quot;Microsoft Yahei&quot;, 微软雅黑, Simsun, 宋体, Arial; font-size: 18px; letter-spacing: 1px; white-space: normal;\">　　欧盟法院认为，社会福利的发放范围应包括拥有长期居留的外国人。根据意大利和欧洲的各项法律及公约，外国公民不能被排除在社会福利之外。而且意大利宪法法院也一再表示，社会福利必须人人平等，不管是意大利人还是外国人。</p><p style=\"margin-top: 0px; margin-bottom: 30px; padding: 0px; font-family: &quot;Hiragino Sans GB&quot;, &quot;Microsoft Yahei&quot;, 微软雅黑, Simsun, 宋体, Arial; font-size: 18px; letter-spacing: 1px; white-space: normal;\">　　据报道，意大利大约有180万个家庭生活在贫困线下。根据法案，预计约有130万个家庭将可获得“全民基本收入”福利，包括20万外国移民家庭。法案规定，在意大利至少居住满5年，并且持有长期居留的外国人，同样可以申请获得该福利，每月的津贴最高可达780欧元。（例如，每月收入500欧元的申请者将有权获得每月280欧元的补助。）</p><p style=\"margin-top: 0px; margin-bottom: 30px; padding: 0px; font-family: &quot;Hiragino Sans GB&quot;, &quot;Microsoft Yahei&quot;, 微软雅黑, Simsun, 宋体, Arial; font-size: 18px; letter-spacing: 1px; white-space: normal;\">　　<strong>“国民补贴”申请必须满足条件</strong></p><p style=\"margin-top: 0px; margin-bottom: 30px; padding: 0px; font-family: &quot;Hiragino Sans GB&quot;, &quot;Microsoft Yahei&quot;, 微软雅黑, Simsun, 宋体, Arial; font-size: 18px; letter-spacing: 1px; white-space: normal;\">　　1。外国移民居住满5年+持长期居留</p><p style=\"margin-top: 0px; margin-bottom: 30px; padding: 0px; font-family: &quot;Hiragino Sans GB&quot;, &quot;Microsoft Yahei&quot;, 微软雅黑, Simsun, 宋体, Arial; font-size: 18px; letter-spacing: 1px; white-space: normal;\">　　该福利政策此前一直是各方关注的焦点。此前，意大利副总理迪马约曾宣布：在意大利生活10年以上的外国居民，也有权利享受“全民基本收入”补贴。而根据此次最新通过的法案规定，外国人只需要居住满5年（并满足以下申请人必须具备的所有条件2-4条）即可。</p><p style=\"margin-top: 0px; margin-bottom: 30px; padding: 0px; font-family: &quot;Hiragino Sans GB&quot;, &quot;Microsoft Yahei&quot;, 微软雅黑, Simsun, 宋体, Arial; font-size: 18px; letter-spacing: 1px; white-space: normal;\">　　根据意大利国家统计局此前的研究数据，意大利共有大约500万人处于绝对贫困状态。其中外国人有150万，占总数的31.8%。</p><p style=\"margin-top: 0px; margin-bottom: 30px; padding: 0px; font-family: &quot;Hiragino Sans GB&quot;, &quot;Microsoft Yahei&quot;, 微软雅黑, Simsun, 宋体, Arial; font-size: 18px; letter-spacing: 1px; white-space: normal;\">　　2。家庭综合年收入ISEE低于9360欧元+家庭年收入低于12600欧元</p><p style=\"margin-top: 0px; margin-bottom: 30px; padding: 0px; font-family: &quot;Hiragino Sans GB&quot;, &quot;Microsoft Yahei&quot;, 微软雅黑, Simsun, 宋体, Arial; font-size: 18px; letter-spacing: 1px; white-space: normal;\">　　家庭综合年收入ISEE（核心家庭经济收入状况的评估，根据家庭年收入和家庭财产情况，比如固定资产和不固定资产，以及租房和贷款情况来进行评估）在9360欧元以内。</p><p style=\"margin-top: 0px; margin-bottom: 30px; padding: 0px; font-family: &quot;Hiragino Sans GB&quot;, &quot;Microsoft Yahei&quot;, 微软雅黑, Simsun, 宋体, Arial; font-size: 18px; letter-spacing: 1px; white-space: normal;\">　　另外，申请人还必须满足家庭年收入不高于12600欧元（如果是单人家庭，不得超过6000欧元）的要求。</p><p style=\"margin-top: 0px; margin-bottom: 30px; padding: 0px; font-family: &quot;Hiragino Sans GB&quot;, &quot;Microsoft Yahei&quot;, 微软雅黑, Simsun, 宋体, Arial; font-size: 18px; letter-spacing: 1px; white-space: normal;\">　　3。不动产价值不超过3万欧、存款不超过6000欧元以及其他条件</p><p style=\"margin-top: 0px; margin-bottom: 30px; padding: 0px; font-family: &quot;Hiragino Sans GB&quot;, &quot;Microsoft Yahei&quot;, 微软雅黑, Simsun, 宋体, Arial; font-size: 18px; letter-spacing: 1px; white-space: normal;\">　　据报道，申请人还需具备其不动产价值不超过3万欧元的条件。银行存款等不超过6000欧元，如果是3人家庭，存款不超过1万欧元。</p><p style=\"margin-top: 0px; margin-bottom: 30px; padding: 0px; font-family: &quot;Hiragino Sans GB&quot;, &quot;Microsoft Yahei&quot;, 微软雅黑, Simsun, 宋体, Arial; font-size: 18px; letter-spacing: 1px; white-space: normal;\">　　申请人在申请前6个月内没有注册购买大排量汽车（1.6L以上）或250排量以上的摩托车。</p><p style=\"margin-top: 0px; margin-bottom: 30px; padding: 0px; font-family: &quot;Hiragino Sans GB&quot;, &quot;Microsoft Yahei&quot;, 微软雅黑, Simsun, 宋体, Arial; font-size: 18px; letter-spacing: 1px; white-space: normal;\">　　4。申请家庭必须遵守相关协议及使用“全民基本收入”的相关义务</p><br/><p style=\"margin-top: 0px; margin-bottom: 30px; padding: 0px; font-family: &quot;Hiragino Sans GB&quot;, &quot;Microsoft Yahei&quot;, 微软雅黑, Simsun, 宋体, Arial; font-size: 18px; letter-spacing: 1px; white-space: normal;\">　　申请领取“全民基本收入”需要在相关就业中心登记，并提供书面证明。申请者必须参加培训课程，并为所在城市的市政府每周免费工作8小时，而且不得无故拒绝就业中心提供的工作超过3次。这笔补贴的每一笔消费都将受到监控，这些数据将越过银行直接进入到政府的数据库中。</p><p style=\"margin-top: 0px; margin-bottom: 30px; padding: 0px; font-family: &quot;Hiragino Sans GB&quot;, &quot;Microsoft Yahei&quot;, 微软雅黑, Simsun, 宋体, Arial; font-size: 18px; letter-spacing: 1px; white-space: normal;\">　　报道称，“全民基本收入”的使用范围将有非常严格的要求，只能用于最基本的消费需求，比如购买食品、衣服或者支付房租，“不能用于买烟，不能用来进行网上购物，更不能买彩票，甚至可能连餐厅消费也不行。”</p><p style=\"margin-top: 0px; margin-bottom: 30px; padding: 0px; font-family: &quot;Hiragino Sans GB&quot;, &quot;Microsoft Yahei&quot;, 微软雅黑, Simsun, 宋体, Arial; font-size: 18px; letter-spacing: 1px; white-space: normal;\">　　<strong>何时开始提交申请？最多能领几个月？</strong></p><p style=\"margin-top: 0px; margin-bottom: 30px; padding: 0px; font-family: &quot;Hiragino Sans GB&quot;, &quot;Microsoft Yahei&quot;, 微软雅黑, Simsun, 宋体, Arial; font-size: 18px; letter-spacing: 1px; white-space: normal;\">　　据报道，“全民基本收入”将从2019年4月开始实施，并在申请后的一个月发放。最长期限为“连续不超过18个月”，并且在到期一个月后可接着再续18个月。报道称，意大利政府将于2019年1月设立一个“国民补贴”官方网站。届时，将会在该网站上找到申请相关的表格。</p><p><br/></p>', '/img/default.jpg', '2019-01-04 20:54:58');
INSERT INTO `article` VALUES ('37', '申请H-2B分秒必争 登录人数过多致美政府网站瘫痪', '海外邦', '据美国《世界日报》报道，2019年新年伊始才5分钟，美国劳工部就接到近10万件申请临时工作签证的要求，如潮涌至的空前需求令接受申请的政府网站一度瘫痪。　　直到当地时间2日，网站仍然关闭，使数以千计小企业无所适从。这些企业包括餐馆、庭园公司和其他季节性业者。　　据报道，提出申请是展开复杂的H-2B签证审核作业的第一个步骤，这种签证名额有限，并需通过三个政府部会核准。　　美国劳工部在申请签证的网站发布通告说，正努力在几天内让申请系统准备就绪，以接受创纪录的H-2B申请案件，并将于当地时间3日发布进一步通告。　　临时工作签证竞争激烈。2018年最后一天，美国各地企业老板和移民律师都紧盯着时钟，午夜一到就抢先送件，以免开春和入夏人手不足。　　H-2B签证每年最多核发66000份，每6个月一期，每期各占一半。美国劳工部说，网站1日凌晨开放收件最初几分钟，登入数量约比2018年初多出30倍。　　一位移民律师说，每个人都盯着时钟等网站开放，因为大家都知道只要稍慢一点就会满额。　　2018年元旦当天，企业界共申请超过81000名夏季临时工，促使劳工部改用先到先审程序，因此申请者分秒必争。　　企业获得劳工部的认可凭证后，必须提出文件描述他们曾试图为同一职务雇用美国人不成，然后向国土安全部提出请愿。由于需求剧增，2018年，国安部采用抽签。不在美国的劳工也必须向美国国务院申请签证。　　受理申请的网站瘫痪，使已经关卡重重的申请程序更加麻烦，企业也更加头痛，因为必须为即将来临的旺季安排人力或雇用合约人员。　　一名企业老板说：“我们都不敢相信需求会大到使网站出故障。”', '<p style=\"margin-top: 0px; margin-bottom: 30px; padding: 0px; font-family: &quot;Hiragino Sans GB&quot;, &quot;Microsoft Yahei&quot;, 微软雅黑, Simsun, 宋体, Arial; font-size: 18px; letter-spacing: 1px; white-space: normal;\">据美国《世界日报》报道，2019年新年伊始才5分钟，美国劳工部就接到近10万件申请临时工作签证的要求，如潮涌至的空前需求令接受申请的政府网站一度瘫痪。</p><p style=\"margin-top: 0px; margin-bottom: 30px; padding: 0px; font-family: &quot;Hiragino Sans GB&quot;, &quot;Microsoft Yahei&quot;, 微软雅黑, Simsun, 宋体, Arial; font-size: 18px; letter-spacing: 1px; white-space: normal;\">　　直到当地时间2日，网站仍然关闭，使数以千计小企业无所适从。这些企业包括餐馆、庭园公司和其他季节性业者。</p><p style=\"margin-top: 0px; margin-bottom: 30px; padding: 0px; font-family: &quot;Hiragino Sans GB&quot;, &quot;Microsoft Yahei&quot;, 微软雅黑, Simsun, 宋体, Arial; font-size: 18px; letter-spacing: 1px; white-space: normal;\">　　据报道，提出申请是展开复杂的H-2B签证审核作业的第一个步骤，这种签证名额有限，并需通过三个政府部会核准。</p><p style=\"margin-top: 0px; margin-bottom: 30px; padding: 0px; font-family: &quot;Hiragino Sans GB&quot;, &quot;Microsoft Yahei&quot;, 微软雅黑, Simsun, 宋体, Arial; font-size: 18px; letter-spacing: 1px; white-space: normal;\">　　美国劳工部在申请签证的网站发布通告说，正努力在几天内让申请系统准备就绪，以接受创纪录的H-2B申请案件，并将于当地时间3日发布进一步通告。</p><p style=\"margin-top: 0px; margin-bottom: 30px; padding: 0px; font-family: &quot;Hiragino Sans GB&quot;, &quot;Microsoft Yahei&quot;, 微软雅黑, Simsun, 宋体, Arial; font-size: 18px; letter-spacing: 1px; white-space: normal;\">　　临时工作签证竞争激烈。2018年最后一天，美国各地企业老板和移民律师都紧盯着时钟，午夜一到就抢先送件，以免开春和入夏人手不足。</p><br/><p style=\"margin-top: 0px; margin-bottom: 30px; padding: 0px; font-family: &quot;Hiragino Sans GB&quot;, &quot;Microsoft Yahei&quot;, 微软雅黑, Simsun, 宋体, Arial; font-size: 18px; letter-spacing: 1px; white-space: normal;\">　　H-2B签证每年最多核发66000份，每6个月一期，每期各占一半。美国劳工部说，网站1日凌晨开放收件最初几分钟，登入数量约比2018年初多出30倍。</p><p style=\"margin-top: 0px; margin-bottom: 30px; padding: 0px; font-family: &quot;Hiragino Sans GB&quot;, &quot;Microsoft Yahei&quot;, 微软雅黑, Simsun, 宋体, Arial; font-size: 18px; letter-spacing: 1px; white-space: normal;\">　　一位移民律师说，每个人都盯着时钟等网站开放，因为大家都知道只要稍慢一点就会满额。</p><p style=\"margin-top: 0px; margin-bottom: 30px; padding: 0px; font-family: &quot;Hiragino Sans GB&quot;, &quot;Microsoft Yahei&quot;, 微软雅黑, Simsun, 宋体, Arial; font-size: 18px; letter-spacing: 1px; white-space: normal;\">　　2018年元旦当天，企业界共申请超过81000名夏季临时工，促使劳工部改用先到先审程序，因此申请者分秒必争。</p><p style=\"margin-top: 0px; margin-bottom: 30px; padding: 0px; font-family: &quot;Hiragino Sans GB&quot;, &quot;Microsoft Yahei&quot;, 微软雅黑, Simsun, 宋体, Arial; font-size: 18px; letter-spacing: 1px; white-space: normal;\">　　企业获得劳工部的认可凭证后，必须提出文件描述他们曾试图为同一职务雇用美国人不成，然后向国土安全部提出请愿。由于需求剧增，2018年，国安部采用抽签。不在美国的劳工也必须向美国国务院申请签证。</p><p style=\"margin-top: 0px; margin-bottom: 30px; padding: 0px; font-family: &quot;Hiragino Sans GB&quot;, &quot;Microsoft Yahei&quot;, 微软雅黑, Simsun, 宋体, Arial; font-size: 18px; letter-spacing: 1px; white-space: normal;\">　　受理申请的网站瘫痪，使已经关卡重重的申请程序更加麻烦，企业也更加头痛，因为必须为即将来临的旺季安排人力或雇用合约人员。</p><p style=\"margin-top: 0px; margin-bottom: 30px; padding: 0px; font-family: &quot;Hiragino Sans GB&quot;, &quot;Microsoft Yahei&quot;, 微软雅黑, Simsun, 宋体, Arial; font-size: 18px; letter-spacing: 1px; white-space: normal;\">　　一名企业老板说：“我们都不敢相信需求会大到使网站出故障。”</p><p><br/></p>', '/img/default.jpg', '2019-01-04 20:56:56');
INSERT INTO `article` VALUES ('38', '2019年9月起 俄或将向外国公民提供无限期居留许可', '海外邦', '中新网1月3日电 据俄罗斯卫星网报道，俄罗斯内务部预计，有关向外国公民以及无国籍人士提供俄罗斯无期限居留许可的法案可能将于2019年9月生效。　　此前，俄罗斯内务部移民问题管理处临时负责人卡扎科娃表示，大量在获得居留许可5年后忘记延期的外国公民向俄内务部反映，他们由于忘记办理延期手续而被迫再次和其他刚到俄罗斯的外国公民一样重新申请办理居留许可。卡扎科娃称，该法案旨在使2002年之前发放的居留许可的有效期无限延长。　　该法案旨在向外国公民提供无限期的居留许可，但是除个别类型的含有效期的居留许可除外（高级专业人才及其家属、可通过简化手续办理入俄罗斯国籍的外国专业人才）。　　居留许可为俄罗斯政府给予外国公民长期在俄居住并自由出入俄罗斯权利的证件。该证件有效期为5年，而高级专业人才及其家属的居留许可与工作许可证的有效期相同。而母语为俄语的外国公民的居留许可有效期为3年。', '<p style=\"margin-top: 0px; margin-bottom: 30px; padding: 0px; font-family: &quot;Hiragino Sans GB&quot;, &quot;Microsoft Yahei&quot;, 微软雅黑, Simsun, 宋体, Arial; font-size: 18px; letter-spacing: 1px; white-space: normal;\">中新网1月3日电 据俄罗斯卫星网报道，俄罗斯内务部预计，有关向外国公民以及无国籍人士提供俄罗斯无期限居留许可的法案可能将于2019年9月生效。</p><p style=\"margin-top: 0px; margin-bottom: 30px; padding: 0px; font-family: &quot;Hiragino Sans GB&quot;, &quot;Microsoft Yahei&quot;, 微软雅黑, Simsun, 宋体, Arial; font-size: 18px; letter-spacing: 1px; white-space: normal;\">　　此前，俄罗斯内务部移民问题管理处临时负责人卡扎科娃表示，大量在获得居留许可5年后忘记延期的外国公民向俄内务部反映，他们由于忘记办理延期手续而被迫再次和其他刚到俄罗斯的外国公民一样重新申请办理居留许可。卡扎科娃称，该法案旨在使2002年之前发放的居留许可的有效期无限延长。</p><p style=\"margin-top: 0px; margin-bottom: 30px; padding: 0px; font-family: &quot;Hiragino Sans GB&quot;, &quot;Microsoft Yahei&quot;, 微软雅黑, Simsun, 宋体, Arial; font-size: 18px; letter-spacing: 1px; white-space: normal;\">　　该法案旨在向外国公民提供无限期的居留许可，但是除个别类型的含有效期的居留许可除外（高级专业人才及其家属、可通过简化手续办理入俄罗斯国籍的外国专业人才）。</p><p style=\"margin-top: 0px; margin-bottom: 30px; padding: 0px; font-family: &quot;Hiragino Sans GB&quot;, &quot;Microsoft Yahei&quot;, 微软雅黑, Simsun, 宋体, Arial; font-size: 18px; letter-spacing: 1px; white-space: normal;\">　　居留许可为俄罗斯政府给予外国公民长期在俄居住并自由出入俄罗斯权利的证件。该证件有效期为5年，而高级专业人才及其家属的居留许可与工作许可证的有效期相同。而母语为俄语的外国公民的居留许可有效期为3年。</p><p><br/></p>', '/img/default.jpg', '2019-01-04 20:57:22');
INSERT INTO `article` VALUES ('39', '赴英留学利好：英国新移民政策倾向吸收更多人才', '中新网', '英国广播公司（BBC）中文网刊文称，目前在英国留学的45万海外学生中，中国留学生占约10万人，多年来稳居人数第一。2018年签证到期的留学生中，97%都“按时离境”。英国在即将决定脱欧国策之际，新的移民政策倾向吸收更多人才，限制低技能移民进入英国。资料图片：牛津大学与剑桥大学一年一度的的赛艇比赛在泰晤士河上举行。　　文章摘编如下：　　英国宣布脱欧已经两年多，虽就如何脱欧、甚至是否脱欧仍有不断争议和分歧，但英国经济仍保持稳定增长，伦敦成熟的金融环境、透明的法律体系，合理的税务系统，英国央行继续相对宽松的货币政策，造就了让全球投资者趋之若鹜的一个市场。　　英国还以完善的初级和高等教育体系，享誉世界的高教院校和世界一流的教学和科研能力，继续吸引着包括中国在内的世界各地出类拔萃的年轻人到英国留学、深造，世界各地很多优秀人才最后选择留在英国定居生活，发展其事业。　　目前在英国留学的45万海外学生中，中国留学生占约10万人，多年来稳居第一。英国移民政策发生变化，他们也是受到影响的最大留学生群体。之后的第二大非欧盟留学英国学生群体是美国留学生，人数大约在1.76万。　　非法与合法移民问题　　但是，与此同时，作为拥有宽松的多元文化、良好的社会福利和保护基本人权的英国，在一个全球化的时代，也同时吸引着世界各地战乱、动荡和经济落后地区的人们，希望到英国来。　　随着欧盟扩大，数量巨大的欧盟移民问题近年来成为困扰英国社会的问题，成为2016年英国全民公决做出脱欧决定的主要导火索。　　脱欧的决定并没有遏制非法移民前往英国的潮流。2019年新年前夜，成千上万来自伊朗、叙利亚、伊拉克和南亚等等地区的非法移民，不惜向偷渡集团缴纳数千英镑的费用，仍试图乘坐橡皮艇横渡英吉利海峡进入英国。迫使英国政府调动军舰巡逻阻止大规模偷渡。　　英国政府在承诺限制移民数量之际，也认识到必须区分前来定居英国的移民，做到真正的公平合理。政府的有识之士认识到，需要在政策上保护人才，才能有利于社会的健康发展。　　在英国高校等各方呼吁下，英国政府近年来已经开始越来越重视留学生对英国经济、就业和发展的重要作用，将留学生群体与低技能移民群体区别对待。　　移民政策改革　　不久前，英国政府发布被称为40年来英国移民政策最大改革的白皮书，计划对来自欧盟内外的移民一视同仁。　　白皮书做出的最重要的一项移民政策调整，是明确区分低技能移民和高技能移民，确保移民政策对人才的合理倾斜。　　上述变化对包括来自中国的留学生是利好的政策。根据移民机构的统计数据，来自非欧盟地区移民英国的人员中，高达46%的比例是留学生。相比来自欧盟地区的移民，这一比例只有27%。　　2008年6月，英国政府开始签发PSW签证，即允许在英国就读的本科及以上的国际学生，在毕业之后拥有两年的时间在英找工作或者开展商业活动。　　但PSW签证在实施过程中，也有不少来自欧盟以外的发展中国家移民以留学为名义进入英国打工并实现移民。在移民问题引发社会争议的压力下，英国政府2012年4月取消了PSW签证。　　2019年初将开始进入磋商讨论的新移民政策虽然没有恢复PSW签证，但政府早已在对来自中国的留学签证政策上放宽限制。截至2018年3月，英国已经向中国学生签发了约8.9万份Tier4学习签证，签发量在过去12个月内增长了15%，签发率99%。　　此外，在新的移民政策规划中，还取消了目前对高技能移民申请工作签证的每年2.07万人的名额限制，以便不论是来自欧盟还是来自世界其它地区的医生、工程师、音乐家，飞机驾驶员，经纪人，图书管理员，食品检查员，测量员，建筑师等等高技能人才都可以申请工作签证。　　这将实际拓宽部分有才能的留学生在完成学业后在英就业途径，以便其在是否留在英国生活和发展事业有更大的选择余地。', '<p style=\"margin-top: 0px; margin-bottom: 30px; padding: 0px; font-family: &quot;Hiragino Sans GB&quot;, &quot;Microsoft Yahei&quot;, 微软雅黑, Simsun, 宋体, Arial; font-size: 18px; letter-spacing: 1px; white-space: normal;\">英国广播公司（BBC）中文网刊文称，目前在英国留学的45万海外学生中，中国留学生占约10万人，多年来稳居人数第一。2018年签证到期的留学生中，97%都“按时离境”。英国在即将决定脱欧国策之际，新的移民政策倾向吸收更多人才，限制低技能移民进入英国。</p><p style=\"text-align: center;\"><img src=\"http://n.sinaimg.cn/edu/crawl/51/w550h301/20190102/GVmO-hqzxptn4875658.jpg\" alt=\"资料图片：牛津大学与剑桥大学一年一度的的赛艇比赛在泰晤士河上举行。\"/><span class=\"img_descr\" style=\"line-height: 20px; padding: 6px 0px; font-size: 16px; margin: 5px auto; display: inline-block; zoom: 1; text-align: left; font-weight: 700;\">资料图片：牛津大学与剑桥大学一年一度的的赛艇比赛在泰晤士河上举行。</span></p><p style=\"margin-top: 0px; margin-bottom: 30px; padding: 0px; font-family: &quot;Hiragino Sans GB&quot;, &quot;Microsoft Yahei&quot;, 微软雅黑, Simsun, 宋体, Arial; font-size: 18px; letter-spacing: 1px; white-space: normal;\">　　文章摘编如下：</p><p style=\"margin-top: 0px; margin-bottom: 30px; padding: 0px; font-family: &quot;Hiragino Sans GB&quot;, &quot;Microsoft Yahei&quot;, 微软雅黑, Simsun, 宋体, Arial; font-size: 18px; letter-spacing: 1px; white-space: normal;\">　　英国宣布脱欧已经两年多，虽就如何脱欧、甚至是否脱欧仍有不断争议和分歧，但英国经济仍保持稳定增长，伦敦成熟的金融环境、透明的法律体系，合理的税务系统，英国央行继续相对宽松的货币政策，造就了让全球投资者趋之若鹜的一个市场。</p><p style=\"margin-top: 0px; margin-bottom: 30px; padding: 0px; font-family: &quot;Hiragino Sans GB&quot;, &quot;Microsoft Yahei&quot;, 微软雅黑, Simsun, 宋体, Arial; font-size: 18px; letter-spacing: 1px; white-space: normal;\">　　英国还以完善的初级和高等教育体系，享誉世界的高教院校和世界一流的教学和科研能力，继续吸引着包括中国在内的世界各地出类拔萃的年轻人到英国留学、深造，世界各地很多优秀人才最后选择留在英国定居生活，发展其事业。</p><p style=\"margin-top: 0px; margin-bottom: 30px; padding: 0px; font-family: &quot;Hiragino Sans GB&quot;, &quot;Microsoft Yahei&quot;, 微软雅黑, Simsun, 宋体, Arial; font-size: 18px; letter-spacing: 1px; white-space: normal;\">　　目前在英国留学的45万海外学生中，中国留学生占约10万人，多年来稳居第一。英国移民政策发生变化，他们也是受到影响的最大留学生群体。之后的第二大非欧盟留学英国学生群体是美国留学生，人数大约在1.76万。</p><p style=\"margin-top: 0px; margin-bottom: 30px; padding: 0px; font-family: &quot;Hiragino Sans GB&quot;, &quot;Microsoft Yahei&quot;, 微软雅黑, Simsun, 宋体, Arial; font-size: 18px; letter-spacing: 1px; white-space: normal;\">　　<strong>非法与合法移民问题</strong></p><p style=\"margin-top: 0px; margin-bottom: 30px; padding: 0px; font-family: &quot;Hiragino Sans GB&quot;, &quot;Microsoft Yahei&quot;, 微软雅黑, Simsun, 宋体, Arial; font-size: 18px; letter-spacing: 1px; white-space: normal;\">　　但是，与此同时，作为拥有宽松的多元文化、良好的社会福利和保护基本人权的英国，在一个全球化的时代，也同时吸引着世界各地战乱、动荡和经济落后地区的人们，希望到英国来。</p><p style=\"margin-top: 0px; margin-bottom: 30px; padding: 0px; font-family: &quot;Hiragino Sans GB&quot;, &quot;Microsoft Yahei&quot;, 微软雅黑, Simsun, 宋体, Arial; font-size: 18px; letter-spacing: 1px; white-space: normal;\">　　随着欧盟扩大，数量巨大的欧盟移民问题近年来成为困扰英国社会的问题，成为2016年英国全民公决做出脱欧决定的主要导火索。</p><p style=\"margin-top: 0px; margin-bottom: 30px; padding: 0px; font-family: &quot;Hiragino Sans GB&quot;, &quot;Microsoft Yahei&quot;, 微软雅黑, Simsun, 宋体, Arial; font-size: 18px; letter-spacing: 1px; white-space: normal;\">　　脱欧的决定并没有遏制非法移民前往英国的潮流。2019年新年前夜，成千上万来自伊朗、叙利亚、伊拉克和南亚等等地区的非法移民，不惜向偷渡集团缴纳数千英镑的费用，仍试图乘坐橡皮艇横渡英吉利海峡进入英国。迫使英国政府调动军舰巡逻阻止大规模偷渡。</p><p style=\"margin-top: 0px; margin-bottom: 30px; padding: 0px; font-family: &quot;Hiragino Sans GB&quot;, &quot;Microsoft Yahei&quot;, 微软雅黑, Simsun, 宋体, Arial; font-size: 18px; letter-spacing: 1px; white-space: normal;\">　　英国政府在承诺限制移民数量之际，也认识到必须区分前来定居英国的移民，做到真正的公平合理。政府的有识之士认识到，需要在政策上保护人才，才能有利于社会的健康发展。</p><p style=\"margin-top: 0px; margin-bottom: 30px; padding: 0px; font-family: &quot;Hiragino Sans GB&quot;, &quot;Microsoft Yahei&quot;, 微软雅黑, Simsun, 宋体, Arial; font-size: 18px; letter-spacing: 1px; white-space: normal;\">　　在英国高校等各方呼吁下，英国政府近年来已经开始越来越重视留学生对英国经济、就业和发展的重要作用，将留学生群体与低技能移民群体区别对待。</p><p style=\"margin-top: 0px; margin-bottom: 30px; padding: 0px; font-family: &quot;Hiragino Sans GB&quot;, &quot;Microsoft Yahei&quot;, 微软雅黑, Simsun, 宋体, Arial; font-size: 18px; letter-spacing: 1px; white-space: normal;\">　　<strong>移民政策改革</strong></p><p style=\"margin-top: 0px; margin-bottom: 30px; padding: 0px; font-family: &quot;Hiragino Sans GB&quot;, &quot;Microsoft Yahei&quot;, 微软雅黑, Simsun, 宋体, Arial; font-size: 18px; letter-spacing: 1px; white-space: normal;\">　　不久前，英国政府发布被称为40年来英国移民政策最大改革的白皮书，计划对来自欧盟内外的移民一视同仁。</p><p style=\"margin-top: 0px; margin-bottom: 30px; padding: 0px; font-family: &quot;Hiragino Sans GB&quot;, &quot;Microsoft Yahei&quot;, 微软雅黑, Simsun, 宋体, Arial; font-size: 18px; letter-spacing: 1px; white-space: normal;\">　　白皮书做出的最重要的一项移民政策调整，是明确区分低技能移民和高技能移民，确保移民政策对人才的合理倾斜。</p><p style=\"margin-top: 0px; margin-bottom: 30px; padding: 0px; font-family: &quot;Hiragino Sans GB&quot;, &quot;Microsoft Yahei&quot;, 微软雅黑, Simsun, 宋体, Arial; font-size: 18px; letter-spacing: 1px; white-space: normal;\">　　上述变化对包括来自中国的留学生是利好的政策。根据移民机构的统计数据，来自非欧盟地区移民英国的人员中，高达46%的比例是留学生。相比来自欧盟地区的移民，这一比例只有27%。</p><p style=\"margin-top: 0px; margin-bottom: 30px; padding: 0px; font-family: &quot;Hiragino Sans GB&quot;, &quot;Microsoft Yahei&quot;, 微软雅黑, Simsun, 宋体, Arial; font-size: 18px; letter-spacing: 1px; white-space: normal;\">　　2008年6月，英国政府开始签发PSW签证，即允许在英国就读的本科及以上的国际学生，在毕业之后拥有两年的时间在英找工作或者开展商业活动。</p><br/><p style=\"margin-top: 0px; margin-bottom: 30px; padding: 0px; font-family: &quot;Hiragino Sans GB&quot;, &quot;Microsoft Yahei&quot;, 微软雅黑, Simsun, 宋体, Arial; font-size: 18px; letter-spacing: 1px; white-space: normal;\">　　但PSW签证在实施过程中，也有不少来自欧盟以外的发展中国家移民以留学为名义进入英国打工并实现移民。在移民问题引发社会争议的压力下，英国政府2012年4月取消了PSW签证。</p><p style=\"margin-top: 0px; margin-bottom: 30px; padding: 0px; font-family: &quot;Hiragino Sans GB&quot;, &quot;Microsoft Yahei&quot;, 微软雅黑, Simsun, 宋体, Arial; font-size: 18px; letter-spacing: 1px; white-space: normal;\">　　2019年初将开始进入磋商讨论的新移民政策虽然没有恢复PSW签证，但政府早已在对来自中国的留学签证政策上放宽限制。截至2018年3月，英国已经向中国学生签发了约8.9万份Tier4学习签证，签发量在过去12个月内增长了15%，签发率99%。</p><p style=\"margin-top: 0px; margin-bottom: 30px; padding: 0px; font-family: &quot;Hiragino Sans GB&quot;, &quot;Microsoft Yahei&quot;, 微软雅黑, Simsun, 宋体, Arial; font-size: 18px; letter-spacing: 1px; white-space: normal;\">　　此外，在新的移民政策规划中，还取消了目前对高技能移民申请工作签证的每年2.07万人的名额限制，以便不论是来自欧盟还是来自世界其它地区的医生、工程师、音乐家，飞机驾驶员，经纪人，图书管理员，食品检查员，测量员，建筑师等等高技能人才都可以申请工作签证。</p><p style=\"margin-top: 0px; margin-bottom: 30px; padding: 0px; font-family: &quot;Hiragino Sans GB&quot;, &quot;Microsoft Yahei&quot;, 微软雅黑, Simsun, 宋体, Arial; font-size: 18px; letter-spacing: 1px; white-space: normal;\">　　这将实际拓宽部分有才能的留学生在完成学业后在英就业途径，以便其在是否留在英国生活和发展事业有更大的选择余地。</p><p><br/></p>', 'http://n.sinaimg.cn/edu/crawl/51/w550h301/20190102/GVmO-hqzxptn4875658.jpg', '2019-01-04 20:58:00');
INSERT INTO `article` VALUES ('40', '新西兰移民局助中国工人维权 华人雇主提供工作', '中新网', '&nbsp;据新西兰天维网报道，此前，新西兰几十名中国工人被雇主从住处强行赶出，工作没有着落，签证进退两难，开始维权。经过工会、维权顾问、媒体以及热心雇主的集体努力，目前有不少好消息传来。　　新西兰移民局助理总经理Peter Elms介绍，他们正与联合工会密切合作，指定了专人与工会就工人转换签证的事宜进行对接。　　虽然移民局表示不能对每个工人具体的签证申请情况做出评论，但移民局对这批工人的签证办理非常重视，给出了一些优惠的办法。　　工会方面介绍，目前工会正在协助工人们办理新的工作签证，由于每个工人的个人情况不一样，在新的签证办理上，可能还需要一定的时间。　　此外，工会与维权顾问也在为工人们积极维权，将代表工人向他们的雇主NPL追讨应得的工资待遇。目前，维权顾问May Moncur已经代表45名维权工人，向新西兰雇佣关系局提出了对这些工人的雇主NPL的起诉，并得到正式立案。　　工会方面还透露，在这件事情得到媒体曝光后，有不少受到雇主剥削的华人工友们找到工会，希望工会能够帮助他们伸张正义。　　此外，移民局方面也再次重申已经介入调查工人们的中介Peter Li，但具体调查情况还无法公布。　　这件事在华人社区当中引起了极大的反响，有不少华人雇主希望给工人提供工作。至少有十位雇主表示有意向给这些维权工作提供建筑工程类的技能工作岗位。　　维权工人师傅梁云平表示，自己已经找到了新的工作，虽然签证时间只有一年，但希望能在这份新的工作上稳定下来。　　据维权工人李传镇的介绍，目前工友中多数都找到了潜在雇主，正在等待办理合同和签证转换事宜，等到新的签证下来就可以开始新的工作。', '<p style=\"margin-top: 0px; margin-bottom: 30px; padding: 0px; font-family: &quot;Hiragino Sans GB&quot;, &quot;Microsoft Yahei&quot;, 微软雅黑, Simsun, 宋体, Arial; font-size: 18px; letter-spacing: 1px; white-space: normal;\">&nbsp;据新西兰天维网报道，此前，新西兰几十名中国工人被雇主从住处强行赶出，工作没有着落，签证进退两难，开始维权。经过工会、维权顾问、媒体以及热心雇主的集体努力，目前有不少好消息传来。</p><p style=\"margin-top: 0px; margin-bottom: 30px; padding: 0px; font-family: &quot;Hiragino Sans GB&quot;, &quot;Microsoft Yahei&quot;, 微软雅黑, Simsun, 宋体, Arial; font-size: 18px; letter-spacing: 1px; white-space: normal;\">　　新西兰移民局助理总经理Peter Elms介绍，他们正与联合工会密切合作，指定了专人与工会就工人转换签证的事宜进行对接。</p><p style=\"margin-top: 0px; margin-bottom: 30px; padding: 0px; font-family: &quot;Hiragino Sans GB&quot;, &quot;Microsoft Yahei&quot;, 微软雅黑, Simsun, 宋体, Arial; font-size: 18px; letter-spacing: 1px; white-space: normal;\">　　虽然移民局表示不能对每个工人具体的签证申请情况做出评论，但移民局对这批工人的签证办理非常重视，给出了一些优惠的办法。</p><p style=\"margin-top: 0px; margin-bottom: 30px; padding: 0px; font-family: &quot;Hiragino Sans GB&quot;, &quot;Microsoft Yahei&quot;, 微软雅黑, Simsun, 宋体, Arial; font-size: 18px; letter-spacing: 1px; white-space: normal;\">　　工会方面介绍，目前工会正在协助工人们办理新的工作签证，由于每个工人的个人情况不一样，在新的签证办理上，可能还需要一定的时间。</p><br/><p style=\"margin-top: 0px; margin-bottom: 30px; padding: 0px; font-family: &quot;Hiragino Sans GB&quot;, &quot;Microsoft Yahei&quot;, 微软雅黑, Simsun, 宋体, Arial; font-size: 18px; letter-spacing: 1px; white-space: normal;\">　　此外，工会与维权顾问也在为工人们积极维权，将代表工人向他们的雇主NPL追讨应得的工资待遇。目前，维权顾问May Moncur已经代表45名维权工人，向新西兰雇佣关系局提出了对这些工人的雇主NPL的起诉，并得到正式立案。</p><p style=\"margin-top: 0px; margin-bottom: 30px; padding: 0px; font-family: &quot;Hiragino Sans GB&quot;, &quot;Microsoft Yahei&quot;, 微软雅黑, Simsun, 宋体, Arial; font-size: 18px; letter-spacing: 1px; white-space: normal;\">　　工会方面还透露，在这件事情得到媒体曝光后，有不少受到雇主剥削的华人工友们找到工会，希望工会能够帮助他们伸张正义。</p><p style=\"margin-top: 0px; margin-bottom: 30px; padding: 0px; font-family: &quot;Hiragino Sans GB&quot;, &quot;Microsoft Yahei&quot;, 微软雅黑, Simsun, 宋体, Arial; font-size: 18px; letter-spacing: 1px; white-space: normal;\">　　此外，移民局方面也再次重申已经介入调查工人们的中介Peter Li，但具体调查情况还无法公布。</p><p style=\"margin-top: 0px; margin-bottom: 30px; padding: 0px; font-family: &quot;Hiragino Sans GB&quot;, &quot;Microsoft Yahei&quot;, 微软雅黑, Simsun, 宋体, Arial; font-size: 18px; letter-spacing: 1px; white-space: normal;\">　　这件事在华人社区当中引起了极大的反响，有不少华人雇主希望给工人提供工作。至少有十位雇主表示有意向给这些维权工作提供建筑工程类的技能工作岗位。</p><p style=\"margin-top: 0px; margin-bottom: 30px; padding: 0px; font-family: &quot;Hiragino Sans GB&quot;, &quot;Microsoft Yahei&quot;, 微软雅黑, Simsun, 宋体, Arial; font-size: 18px; letter-spacing: 1px; white-space: normal;\">　　维权工人师傅梁云平表示，自己已经找到了新的工作，虽然签证时间只有一年，但希望能在这份新的工作上稳定下来。</p><p style=\"margin-top: 0px; margin-bottom: 30px; padding: 0px; font-family: &quot;Hiragino Sans GB&quot;, &quot;Microsoft Yahei&quot;, 微软雅黑, Simsun, 宋体, Arial; font-size: 18px; letter-spacing: 1px; white-space: normal;\">　　据维权工人李传镇的介绍，目前工友中多数都找到了潜在雇主，正在等待办理合同和签证转换事宜，等到新的签证下来就可以开始新的工作。</p><p><br/></p>', '/img/default.jpg', '2019-01-25 10:35:22');
INSERT INTO `article` VALUES ('41', '英媒：华人在英国就业面临语言文化等障碍', '中新网', '英国《华闻周刊》刊文称，近日，英国《卫报》多次报道，包括华人在内的英国少数族裔，在就业市场上面临更多障碍，就业率、工作机会与收入远低于英国白人。在英国打拼多年的Zheng博士和L女士表示，语言和文化成华人在英职场“绊脚石”。致力于解决英国贫困问题的社会变革组织Joseph Rowntree Foundation的《种族群体就业结构预测》分析报告指出，至2022年，预计华裔的就业率将最低。　　文章摘编如下：　　英国平等与人权委员会首席执行官表示：“《种族关系法案》颁布50年后，少数族裔在寻找进入和留在工作岗位的机会方面，仍面临挑战。”　　英国决议基金会的高级研究和政策分析师Laura Gardiner表示：“少数种族人口总体就业率较低，在很多地区遭受的惩罚也更严厉。”　　那么，和英国本地人相比，作为英国少数族裔重要组成部分的华人，在英国就业市场上，会遇到哪些困难呢？让我们看一看作为重要人口组成的华人，在英国就业和收入市场所处的位置。　　英研究：华裔毕业生就业率与白人差距最大　　埃塞克斯大学社会与经济研究所的研究发现，少数种族毕业生就业率，比白人毕业生就业率低5%到15%。其中，华裔毕业生就业率与白人毕业生就业率差距最大，达到10%至15%，特别是华人女性。　　但可喜的是，毕业三年半后，华裔学生与白人学生相比，不再处于劣势。2012年至2022年，英国少数种族就业结构发生变化。其中，华人在专业领域人数比率攀升最快。　　华裔从业者的现状与未来预测　　曼彻斯特大学的一项研究表明，在所有少数种族中，加勒比裔黑人男性（39.3%）和华裔女性（46.8%）的就业上升率最低，而华裔男性就业率为（56.9%），处于中下的位置。　　英国决议基金会数据指出，在教育行业尤其是大学中，虽然白人占压倒式主导地位，但和其他少数种族相比，华人教授的人数还是相对较高的。　　而在综合家庭收入、住房保有权的比较中，华人也位列中上游。　　语言和文化成华人在英职场“绊脚石”　　几位在英国打拼多年的工作党中，Zheng博士对名字问题深有体会。　　Zheng博士：亚洲名字成为职场阻碍　　Zheng博士目前在英国E大学做讲师，2019年是入职的第3年，他觉得还算平稳。回忆起之前的求职经历，他长舒一口气，“真的是多年媳妇熬成婆的感觉。在英国的学术道路，对华裔太难了。”　　Zheng博士毕业之后，由于跟着导师的项目，升级到了博士后当中“助理研究员”的位置。在那之后，他需要有一个自己的研究专题，并成为“研究员”之后，才有申请讲师的机会。　　之前一直顺风顺水的他，当时遇到很多障碍。“因为是人文学科，本来中国人学的就不多，很多学校的专业都很保守，特别执着于招英语语系和来自英语文化背景的人。我自己的课题找不到人搭小组，升职之路特别艰难，到处碰壁。我能感觉到一种隐隐的对于自己所来自的文化背景的不信任。”　　Zheng度过了很长一段时间的“空窗期”。那个期间，他一直做一些写文章的兼职。之后，一个偶然的机会，通过之前的导师，把自己的课题向中国方向进行了更改，这才有了来之不易的独立课题的机会。　　他还表示：“我知道，一些教经济金融、理科和中国研究等方向的专业里，有华人老师。像我这种文学类，尤其是以欧洲为主的，作为一个中国人，很容易让各种大学觉得不靠谱，反正我是有这种感觉。”　　他深有体会地说：“跟一些老教授混熟之后，他们告诉我，很多‘文化根基’很强的学科在政策上真的不会考虑亚洲人，说白了就是‘亚洲名字成为我职业的阻碍’。对于这一点，老教授们也觉得很生气，但很多校方管理层面就是这么决定的。”　　谈到华人在英国走学术道路，Zheng觉得，“尽量把自己的研究发展到独树一帜，而且除了拼命之外，很多时候真的还要看‘造化’。有的亚裔老师也会因为口音问题受到学生的投诉，甚至有学生当着他的面议论。但好在，同事之间还是很和睦的。”　　L女士：技术过硬找工作不难，但想要升迁文化背景很重要　　在英国财会公司工作10余年的L女士觉得，如果语言和学历能力没有问题，工作机会还是相对平等的，最大的阻碍就是语言和文化。她所了解到的大部分华人，多从事技术方面的工作，“因为我的工作类型属于工作能力决定工作结果，业务能力过硬的话，在我的领域没有什么问题。”　　但L女士表示，“如果想要进入中高层或者行政、执行管理层面的工作，在我们公司基本是没有华人的。最关键的是，教育环境的不同，会导致处理问题上不那么贴合英国的实际情况，所以，华人在技术职能的岗位比较多。我感觉，即便是技术工种，即使华人很勤奋，能力很强，公司也会有一些其他方面的考量。”　　同时，L女士觉得，长期以来，固有的追求较安稳工作的理念，也是很多在英工作的华人工作中遇到的障碍之一。“因为自身文化和语言的原因，没有很强的自信去申请和自己水平相当的工作，也会导致老板认为你没有上进心，或者没有足够的水平胜任，也就不会考虑给你更多机会。”　　英国劳动与社会研究中心负责人表示，“实现充分就业是政府正确的目标，我们必须解决妨碍少数种族群体进入或留在工作岗位的问题，并确保他们有平等的机会获得高质量的工作。政府需要设定正确的经济条件，同时确立正确的政策来刺激和创造就业机会，并鼓励人们加入劳动力市场。”　　致力于解决英国贫困问题的社会变革组织Joseph Rowntree Foundation的《种族群体就业结构预测》分析报告指出：　　至2022年，预计印度裔和白人就业率最高，华裔的就业率最低；　　在薪酬通常高于平均水平的商业和其他服务业，华人男性数据表现不足。因此，预计在未来，其在与其相关行业的就业集中度，将会加剧；　　就女性而言，到2022年，华裔和其他亚洲群体，在贸易和交通方面的工作人数将急剧增加，导致该行业收入低于平均水平的风险可能更高；　　华裔和印度裔男性在高薪职业中的就业份额，将在少数种族中达到最高；而在低薪职业中的预期份额最低；　　低薪职业中，女性就业人数多于男性。其中，印度裔和华裔群体的就业率最低。　　英国社会经济研究所曾表示：“父母的背景和资源，对于求职者在英国社会和职场立足起着至关重要的作用，这也奠定了少数种族的不利位置。如果他们缺乏关系网络和资源，就会处于一个更加劣势的市场”并指出“少数种族群体除了种族问题之外，在就业方面遇到更多问题。政府和教育机构应该为他们提供额外资源计划或指导。”', '<p style=\"margin-top: 0px; margin-bottom: 30px; padding: 0px; font-family: &quot;Hiragino Sans GB&quot;, &quot;Microsoft Yahei&quot;, 微软雅黑, Simsun, 宋体, Arial; font-size: 18px; letter-spacing: 1px; white-space: normal;\">英国《华闻周刊》刊文称，近日，英国《卫报》多次报道，包括华人在内的英国少数族裔，在就业市场上面临更多障碍，就业率、工作机会与收入远低于英国白人。在英国打拼多年的Zheng博士和L女士表示，语言和文化成华人在英职场“绊脚石”。致力于解决英国贫困问题的社会变革组织Joseph Rowntree Foundation的《种族群体就业结构预测》分析报告指出，至2022年，预计华裔的就业率将最低。</p><p style=\"margin-top: 0px; margin-bottom: 30px; padding: 0px; font-family: &quot;Hiragino Sans GB&quot;, &quot;Microsoft Yahei&quot;, 微软雅黑, Simsun, 宋体, Arial; font-size: 18px; letter-spacing: 1px; white-space: normal;\">　　文章摘编如下：</p><p style=\"margin-top: 0px; margin-bottom: 30px; padding: 0px; font-family: &quot;Hiragino Sans GB&quot;, &quot;Microsoft Yahei&quot;, 微软雅黑, Simsun, 宋体, Arial; font-size: 18px; letter-spacing: 1px; white-space: normal;\">　　英国平等与人权委员会首席执行官表示：“《种族关系法案》颁布50年后，少数族裔在寻找进入和留在工作岗位的机会方面，仍面临挑战。”</p><p style=\"margin-top: 0px; margin-bottom: 30px; padding: 0px; font-family: &quot;Hiragino Sans GB&quot;, &quot;Microsoft Yahei&quot;, 微软雅黑, Simsun, 宋体, Arial; font-size: 18px; letter-spacing: 1px; white-space: normal;\">　　英国决议基金会的高级研究和政策分析师Laura Gardiner表示：“少数种族人口总体就业率较低，在很多地区遭受的惩罚也更严厉。”</p><p style=\"margin-top: 0px; margin-bottom: 30px; padding: 0px; font-family: &quot;Hiragino Sans GB&quot;, &quot;Microsoft Yahei&quot;, 微软雅黑, Simsun, 宋体, Arial; font-size: 18px; letter-spacing: 1px; white-space: normal;\">　　那么，和英国本地人相比，作为英国少数族裔重要组成部分的华人，在英国就业市场上，会遇到哪些困难呢？让我们看一看作为重要人口组成的华人，在英国就业和收入市场所处的位置。</p><p style=\"margin-top: 0px; margin-bottom: 30px; padding: 0px; font-family: &quot;Hiragino Sans GB&quot;, &quot;Microsoft Yahei&quot;, 微软雅黑, Simsun, 宋体, Arial; font-size: 18px; letter-spacing: 1px; white-space: normal;\">　　<strong>英研究：华裔毕业生就业率与白人差距最大</strong></p><p style=\"margin-top: 0px; margin-bottom: 30px; padding: 0px; font-family: &quot;Hiragino Sans GB&quot;, &quot;Microsoft Yahei&quot;, 微软雅黑, Simsun, 宋体, Arial; font-size: 18px; letter-spacing: 1px; white-space: normal;\">　　埃塞克斯大学社会与经济研究所的研究发现，少数种族毕业生就业率，比白人毕业生就业率低5%到15%。其中，华裔毕业生就业率与白人毕业生就业率差距最大，达到10%至15%，特别是华人女性。</p><p style=\"margin-top: 0px; margin-bottom: 30px; padding: 0px; font-family: &quot;Hiragino Sans GB&quot;, &quot;Microsoft Yahei&quot;, 微软雅黑, Simsun, 宋体, Arial; font-size: 18px; letter-spacing: 1px; white-space: normal;\">　　但可喜的是，毕业三年半后，华裔学生与白人学生相比，不再处于劣势。2012年至2022年，英国少数种族就业结构发生变化。其中，华人在专业领域人数比率攀升最快。</p><p style=\"margin-top: 0px; margin-bottom: 30px; padding: 0px; font-family: &quot;Hiragino Sans GB&quot;, &quot;Microsoft Yahei&quot;, 微软雅黑, Simsun, 宋体, Arial; font-size: 18px; letter-spacing: 1px; white-space: normal;\">　　<strong>华裔从业者的现状与未来预测</strong></p><p style=\"margin-top: 0px; margin-bottom: 30px; padding: 0px; font-family: &quot;Hiragino Sans GB&quot;, &quot;Microsoft Yahei&quot;, 微软雅黑, Simsun, 宋体, Arial; font-size: 18px; letter-spacing: 1px; white-space: normal;\">　　曼彻斯特大学的一项研究表明，在所有少数种族中，加勒比裔黑人男性（39.3%）和华裔女性（46.8%）的就业上升率最低，而华裔男性就业率为（56.9%），处于中下的位置。</p><p style=\"margin-top: 0px; margin-bottom: 30px; padding: 0px; font-family: &quot;Hiragino Sans GB&quot;, &quot;Microsoft Yahei&quot;, 微软雅黑, Simsun, 宋体, Arial; font-size: 18px; letter-spacing: 1px; white-space: normal;\">　　英国决议基金会数据指出，在教育行业尤其是大学中，虽然白人占压倒式主导地位，但和其他少数种族相比，华人教授的人数还是相对较高的。</p><p style=\"margin-top: 0px; margin-bottom: 30px; padding: 0px; font-family: &quot;Hiragino Sans GB&quot;, &quot;Microsoft Yahei&quot;, 微软雅黑, Simsun, 宋体, Arial; font-size: 18px; letter-spacing: 1px; white-space: normal;\">　　而在综合家庭收入、住房保有权的比较中，华人也位列中上游。</p><p style=\"margin-top: 0px; margin-bottom: 30px; padding: 0px; font-family: &quot;Hiragino Sans GB&quot;, &quot;Microsoft Yahei&quot;, 微软雅黑, Simsun, 宋体, Arial; font-size: 18px; letter-spacing: 1px; white-space: normal;\">　　<strong>语言和文化成华人在英职场“绊脚石”</strong></p><p style=\"margin-top: 0px; margin-bottom: 30px; padding: 0px; font-family: &quot;Hiragino Sans GB&quot;, &quot;Microsoft Yahei&quot;, 微软雅黑, Simsun, 宋体, Arial; font-size: 18px; letter-spacing: 1px; white-space: normal;\">　　几位在英国打拼多年的工作党中，Zheng博士对名字问题深有体会。</p><p style=\"margin-top: 0px; margin-bottom: 30px; padding: 0px; font-family: &quot;Hiragino Sans GB&quot;, &quot;Microsoft Yahei&quot;, 微软雅黑, Simsun, 宋体, Arial; font-size: 18px; letter-spacing: 1px; white-space: normal;\">　　<strong>Zheng博士：亚洲名字成为职场阻碍</strong></p><p style=\"margin-top: 0px; margin-bottom: 30px; padding: 0px; font-family: &quot;Hiragino Sans GB&quot;, &quot;Microsoft Yahei&quot;, 微软雅黑, Simsun, 宋体, Arial; font-size: 18px; letter-spacing: 1px; white-space: normal;\">　　Zheng博士目前在英国E大学做讲师，2019年是入职的第3年，他觉得还算平稳。回忆起之前的求职经历，他长舒一口气，“真的是多年媳妇熬成婆的感觉。在英国的学术道路，对华裔太难了。”</p><p style=\"margin-top: 0px; margin-bottom: 30px; padding: 0px; font-family: &quot;Hiragino Sans GB&quot;, &quot;Microsoft Yahei&quot;, 微软雅黑, Simsun, 宋体, Arial; font-size: 18px; letter-spacing: 1px; white-space: normal;\">　　Zheng博士毕业之后，由于跟着导师的项目，升级到了博士后当中“助理研究员”的位置。在那之后，他需要有一个自己的研究专题，并成为“研究员”之后，才有申请讲师的机会。</p><p style=\"margin-top: 0px; margin-bottom: 30px; padding: 0px; font-family: &quot;Hiragino Sans GB&quot;, &quot;Microsoft Yahei&quot;, 微软雅黑, Simsun, 宋体, Arial; font-size: 18px; letter-spacing: 1px; white-space: normal;\">　　之前一直顺风顺水的他，当时遇到很多障碍。“因为是人文学科，本来中国人学的就不多，很多学校的专业都很保守，特别执着于招英语语系和来自英语文化背景的人。我自己的课题找不到人搭小组，升职之路特别艰难，到处碰壁。我能感觉到一种隐隐的对于自己所来自的文化背景的不信任。”</p><p style=\"margin-top: 0px; margin-bottom: 30px; padding: 0px; font-family: &quot;Hiragino Sans GB&quot;, &quot;Microsoft Yahei&quot;, 微软雅黑, Simsun, 宋体, Arial; font-size: 18px; letter-spacing: 1px; white-space: normal;\">　　Zheng度过了很长一段时间的“空窗期”。那个期间，他一直做一些写文章的兼职。之后，一个偶然的机会，通过之前的导师，把自己的课题向中国方向进行了更改，这才有了来之不易的独立课题的机会。</p><p style=\"margin-top: 0px; margin-bottom: 30px; padding: 0px; font-family: &quot;Hiragino Sans GB&quot;, &quot;Microsoft Yahei&quot;, 微软雅黑, Simsun, 宋体, Arial; font-size: 18px; letter-spacing: 1px; white-space: normal;\">　　他还表示：“我知道，一些教经济金融、理科和中国研究等方向的专业里，有华人老师。像我这种文学类，尤其是以欧洲为主的，作为一个中国人，很容易让各种大学觉得不靠谱，反正我是有这种感觉。”</p><p style=\"margin-top: 0px; margin-bottom: 30px; padding: 0px; font-family: &quot;Hiragino Sans GB&quot;, &quot;Microsoft Yahei&quot;, 微软雅黑, Simsun, 宋体, Arial; font-size: 18px; letter-spacing: 1px; white-space: normal;\">　　他深有体会地说：“跟一些老教授混熟之后，他们告诉我，很多‘文化根基’很强的学科在政策上真的不会考虑亚洲人，说白了就是‘亚洲名字成为我职业的阻碍’。对于这一点，老教授们也觉得很生气，但很多校方管理层面就是这么决定的。”</p><p style=\"margin-top: 0px; margin-bottom: 30px; padding: 0px; font-family: &quot;Hiragino Sans GB&quot;, &quot;Microsoft Yahei&quot;, 微软雅黑, Simsun, 宋体, Arial; font-size: 18px; letter-spacing: 1px; white-space: normal;\">　　谈到华人在英国走学术道路，Zheng觉得，“尽量把自己的研究发展到独树一帜，而且除了拼命之外，很多时候真的还要看‘造化’。有的亚裔老师也会因为口音问题受到学生的投诉，甚至有学生当着他的面议论。但好在，同事之间还是很和睦的。”</p><p style=\"margin-top: 0px; margin-bottom: 30px; padding: 0px; font-family: &quot;Hiragino Sans GB&quot;, &quot;Microsoft Yahei&quot;, 微软雅黑, Simsun, 宋体, Arial; font-size: 18px; letter-spacing: 1px; white-space: normal;\">　　<strong>L女士：技术过硬找工作不难，但想要升迁文化背景很重要</strong></p><p style=\"margin-top: 0px; margin-bottom: 30px; padding: 0px; font-family: &quot;Hiragino Sans GB&quot;, &quot;Microsoft Yahei&quot;, 微软雅黑, Simsun, 宋体, Arial; font-size: 18px; letter-spacing: 1px; white-space: normal;\">　　在英国财会公司工作10余年的L女士觉得，如果语言和学历能力没有问题，工作机会还是相对平等的，最大的阻碍就是语言和文化。她所了解到的大部分华人，多从事技术方面的工作，“因为我的工作类型属于工作能力决定工作结果，业务能力过硬的话，在我的领域没有什么问题。”</p><p style=\"margin-top: 0px; margin-bottom: 30px; padding: 0px; font-family: &quot;Hiragino Sans GB&quot;, &quot;Microsoft Yahei&quot;, 微软雅黑, Simsun, 宋体, Arial; font-size: 18px; letter-spacing: 1px; white-space: normal;\">　　但L女士表示，“如果想要进入中高层或者行政、执行管理层面的工作，在我们公司基本是没有华人的。最关键的是，教育环境的不同，会导致处理问题上不那么贴合英国的实际情况，所以，华人在技术职能的岗位比较多。我感觉，即便是技术工种，即使华人很勤奋，能力很强，公司也会有一些其他方面的考量。”</p><p style=\"margin-top: 0px; margin-bottom: 30px; padding: 0px; font-family: &quot;Hiragino Sans GB&quot;, &quot;Microsoft Yahei&quot;, 微软雅黑, Simsun, 宋体, Arial; font-size: 18px; letter-spacing: 1px; white-space: normal;\">　　同时，L女士觉得，长期以来，固有的追求较安稳工作的理念，也是很多在英工作的华人工作中遇到的障碍之一。“因为自身文化和语言的原因，没有很强的自信去申请和自己水平相当的工作，也会导致老板认为你没有上进心，或者没有足够的水平胜任，也就不会考虑给你更多机会。”</p><p style=\"margin-top: 0px; margin-bottom: 30px; padding: 0px; font-family: &quot;Hiragino Sans GB&quot;, &quot;Microsoft Yahei&quot;, 微软雅黑, Simsun, 宋体, Arial; font-size: 18px; letter-spacing: 1px; white-space: normal;\">　　英国劳动与社会研究中心负责人表示，“实现充分就业是政府正确的目标，我们必须解决妨碍少数种族群体进入或留在工作岗位的问题，并确保他们有平等的机会获得高质量的工作。政府需要设定正确的经济条件，同时确立正确的政策来刺激和创造就业机会，并鼓励人们加入劳动力市场。”</p><p style=\"margin-top: 0px; margin-bottom: 30px; padding: 0px; font-family: &quot;Hiragino Sans GB&quot;, &quot;Microsoft Yahei&quot;, 微软雅黑, Simsun, 宋体, Arial; font-size: 18px; letter-spacing: 1px; white-space: normal;\">　　致力于解决英国贫困问题的社会变革组织Joseph Rowntree Foundation的《种族群体就业结构预测》分析报告指出：</p><p style=\"margin-top: 0px; margin-bottom: 30px; padding: 0px; font-family: &quot;Hiragino Sans GB&quot;, &quot;Microsoft Yahei&quot;, 微软雅黑, Simsun, 宋体, Arial; font-size: 18px; letter-spacing: 1px; white-space: normal;\">　　至2022年，预计印度裔和白人就业率最高，华裔的就业率最低；</p><p><ins><ins><a href=\"http://saxn.sina.com.cn/dsp/click?t=MjAxOS0wMS0yNSAxMDozNDo1MS4wMzMJMTIyLjk2LjQyLjUxCTEwLjcxLjIuOTVfMTUzNzk3MTY1Ny4yMTI1NDQJOTI2ZDczZWUtMzgwMi00MDE0LWJiNTItNGVlMzJjM2I0NGQzCTM0NDgxMjQJNjc1Njk0NTE4MV9QSU5QQUktQ1BDCTMxOTg0NzgJMTAwMDAwCTUuMEUtNAkxCXRydWUJUERQUzAwMDAwMDA1NjA1MwkzOTYwNzYxCVBDCWltYWdlCS0JMHwxNVdEMlNQNG03UTZFVkZYdmN4MXJvfG51bGx8bnVsbHxianwzNDQ4MTI0fDN4Sm9KYU53SkxOQWt3ek1tSkhHOEZ8MHx8fHxCfHwwfHx8MHwtMXwwfAkJMQktCS0JLQkwCTEwLjcxLjIuOTVfMTUzNzk3MTY1Ny4yMTI1NDQJUENfSU1BR0UJLQlub3JtYWx8dXZmbS1ydAkJdXNlcl90YWc6MjEwNjM6MC45MzgwOHx1c2VyX2FnZTo2MDI6MC41Njg3M3x1c2VyX2dlbmRlcjo1MDI6MS4wfHZfem9uZTozMTYwMTA6MC4wfGNyb3dkczp8X2Nyb3dkczoJMAkxMDAwMDAJNTAwMDAJLQkJMAkJYzkxMmM4N2ItNDk2ZS0zNDllLWI0NjktNmYzOTE5YzllODQ5CTA=&userid=10.71.2.95_1537971657.212544&auth=45a902df19ddb7ff&p=i4EEDux7Pdu67r57ZU8L6o%2BVDLego15v2cpSLA%3D%3D&url=http%3A%2F%2Fsaxn.sina.com.cn%2Fclick%3Fid%3D17%26t%3DOGI4MTA0MGUtZWM3Yi0zZGRiLWJhZWUtYmU3YjY1NGYwYmVhCTE3CVBEUFMwMDAwMDAwNTYwNTMJMzk2MDc2MQkxCVJUQgktCVY1LjAuMF9fX0JYXzEwLjEzLjIyNC4xMzMJCQlpcDoxMjIuOTYuNDIuNTF8ZGV2aWNlaWQ6fGNvb2tpZToxMC43MS4yLjk1XzE1Mzc5NzE2NTcuMjEyNTQ0fGRpZDp8cGxhdDpwY3x0czoxNTQ4MzgzNjkxfHRmOjB8ZHluYW1pY2FkOgljOTEyYzg3Yi00OTZlLTM0OWUtYjQ2OS02ZjM5MTljOWU4NDk%253D%26type%3D2%26url%3Dhttp%253A%252F%252Ftehui01.yg-mall.cn%252Fshou%252Fcsbxl10%252F%253Fgzid%253Da300250%26sina_sign%3D071c7f84fd2d8a72&sign=ecb3e091abeac487\" target=\"_blank\" style=\"text-decoration-line: none; outline: 0px; color: rgb(238, 32, 27); display: block; line-height: 0;\"><br/></a></ins></ins></p><p style=\"margin-top: 0px; margin-bottom: 30px; padding: 0px; font-family: &quot;Hiragino Sans GB&quot;, &quot;Microsoft Yahei&quot;, 微软雅黑, Simsun, 宋体, Arial; font-size: 18px; letter-spacing: 1px; white-space: normal;\">　　在薪酬通常高于平均水平的商业和其他服务业，华人男性数据表现不足。因此，预计在未来，其在与其相关行业的就业集中度，将会加剧；</p><p style=\"margin-top: 0px; margin-bottom: 30px; padding: 0px; font-family: &quot;Hiragino Sans GB&quot;, &quot;Microsoft Yahei&quot;, 微软雅黑, Simsun, 宋体, Arial; font-size: 18px; letter-spacing: 1px; white-space: normal;\">　　就女性而言，到2022年，华裔和其他亚洲群体，在贸易和交通方面的工作人数将急剧增加，导致该行业收入低于平均水平的风险可能更高；</p><p style=\"margin-top: 0px; margin-bottom: 30px; padding: 0px; font-family: &quot;Hiragino Sans GB&quot;, &quot;Microsoft Yahei&quot;, 微软雅黑, Simsun, 宋体, Arial; font-size: 18px; letter-spacing: 1px; white-space: normal;\">　　华裔和印度裔男性在高薪职业中的就业份额，将在少数种族中达到最高；而在低薪职业中的预期份额最低；</p><p style=\"margin-top: 0px; margin-bottom: 30px; padding: 0px; font-family: &quot;Hiragino Sans GB&quot;, &quot;Microsoft Yahei&quot;, 微软雅黑, Simsun, 宋体, Arial; font-size: 18px; letter-spacing: 1px; white-space: normal;\">　　低薪职业中，女性就业人数多于男性。其中，印度裔和华裔群体的就业率最低。</p><p style=\"margin-top: 0px; margin-bottom: 30px; padding: 0px; font-family: &quot;Hiragino Sans GB&quot;, &quot;Microsoft Yahei&quot;, 微软雅黑, Simsun, 宋体, Arial; font-size: 18px; letter-spacing: 1px; white-space: normal;\">　　英国社会经济研究所曾表示：“父母的背景和资源，对于求职者在英国社会和职场立足起着至关重要的作用，这也奠定了少数种族的不利位置。如果他们缺乏关系网络和资源，就会处于一个更加劣势的市场”并指出“少数种族群体除了种族问题之外，在就业方面遇到更多问题。政府和教育机构应该为他们提供额外资源计划或指导。”</p><p><br/></p>', '/img/default.jpg', '2019-01-25 10:35:58');
INSERT INTO `article` VALUES ('42', '全球豪宅价格不再猛涨 欧洲成了保值之选', '海外邦', '　支撑豪宅价格上涨的动力少了。　　没有什么能阻止富豪们敛财的步伐。过去一年，全球高净值人士数量增至2240万人，咨询机构Weath-X称，未来五年内还会继续增长。围绕这群高净值人士的衣食住行将衍生出更多商业机会，豪宅市场就是其中一个。　　从2017年开始，全球豪宅交易不断上涨，当年交易量增长13%。2018年，几个主要城市的超高值豪宅销售刷新了人们的想象力。香港、伦敦和悉尼表现亮眼。悉尼还成功出现第一笔价值1亿澳元的房屋交易，成功超过迈阿密、东京和巴黎等，成为全球超高值豪宅销售量最多的城市。　　如果将时间线放长，过去十年，温哥华豪宅房价上涨101.5%，悉尼则以60%的涨幅排名第三，纽约虽然十年里仅上涨15.2%，涨幅垫底，但考虑到次贷危机的影响，“上涨”来之不易。过去十年主要城市豪宅价格涨幅&nbsp; 图片来源：莱坊　　然而，价格涨幅并不能在新一年延续下去。房产咨询机构莱坊最近发布的豪宅预测称，2019年全球豪宅价格涨幅将放缓。房地产市场监管范围增加、融资成本上升、英国脱欧的不确定性，以及部分市场新建豪宅的大量供应，都在遏制豪宅价格。　　早在2015年大热的北美城市温哥华，经历2016年的楼市降温后，新一年的表现也将持续冷却。相比之下，悉尼、伦敦和纽约，涨幅可能在0-2%之间。尽管澳洲房地产整体情况不乐观，但豪宅未受波及。悉尼豪宅供应短缺可能是支撑房价上涨的原因。伦敦受到英国脱欧的影响，涨幅将趋于保守。　　在涨幅不明显的大环境下，欧洲市场凸显出来。在莱坊跟踪的15个主要城市里，新一年涨幅超过6%的城市都集中在欧洲。其中，马德里、柏林和巴黎的豪宅价格涨幅将最高。　　值得一提的是德国市场，过去十年来，柏林豪宅价格涨幅达到118.3%。即便是过去五年，它的涨幅虽然没有超过温哥华、悉尼，但也将墨尔本、香港、迈阿密，以及洛杉矶甩在身后。　　以前，很少有投资者会注意到德国住宅市场，投资者很难获得如温哥华、悉尼等热门地区相当的回报率。ZIEGERT Group首席运营官Sven Henkes认为，以国际标准来衡量，德国房地产市场的波动性要小得多。其中一个原因是，信贷银行体系对房地产购置和房地产贷款的限制要比其他国家严格。买方必须大幅提高抵押物价值，且银行无法为抵押贷款债券提供全额再融资（例如“潘德布雷夫银行”：住宅贷款仅占抵押贷款价值的60%）。　　主要城市人口数量、人口预测、完工建筑、已售公寓、住房拥有率、黄金地段价格对比&nbsp; 图片来源：莱坊　　但与加拿大、澳洲不同，德国并没有对海外买家购房施行限制性措施。“市场目前非常平衡，我们50%的销售额来自柏林，25%来自德国其他地区，另外25%来自国际市场。”Henkes对界面新闻评价道。　　在风险不可控的大背景下，以德国为代表的欧洲方式反倒成为“避风港”。Henkes观察到，一些中国买家也将注意力挪到柏林等城市。大部分中国买家都和柏林有着一定渊源。有些曾在此居住，或计划移居至此，还有些则是在以游客身份游览柏林后、或在孩子到柏林学习和工作后，希望把第二个家安在这里。在他看来，中国买家偏爱居住在水流和绿地附近，Charlottenburg、Mitte和Friedrichshain 都是首选地段。紧邻大型高校也是他们决策过程中的重要考虑因素。　　像柏林这样的欧洲城市，住房拥有率低（15%），租赁市场繁荣也吸引一部分投资者入场。“柏林的豪华公寓仍比纽约、伦敦或巴黎等大城市的同类公寓价格低。以法国首都为例，在同样的总价下，你能买到的建筑面积只有柏林的一半左右。”Henkes认为，价格优势也是高净值投资者在欧洲买豪宅的动因。　　当然，在牵一发而动全身的欧洲，政权变更、脱欧等国际形势将产生广泛影响，是受益还是受损，也将成为豪宅市场未来的变数。', '<p style=\"margin-top: 0px; margin-bottom: 30px; padding: 0px; font-family: &quot;Hiragino Sans GB&quot;, &quot;Microsoft Yahei&quot;, 微软雅黑, Simsun, 宋体, Arial; font-size: 18px; letter-spacing: 1px; white-space: normal;\">　支撑豪宅价格上涨的动力少了。</p><p style=\"text-align: center;\"><img src=\"http://n.sinaimg.cn/edu/crawl/62/w550h312/20190123/XXOu-hryfqhm3287777.jpg\" alt=\"\"/><span class=\"img_descr\" style=\"line-height: 20px; padding: 6px 0px; font-size: 16px; margin: 5px auto; display: inline-block; zoom: 1; text-align: left; font-weight: 700;\"></span></p><p style=\"margin-top: 0px; margin-bottom: 30px; padding: 0px; font-family: &quot;Hiragino Sans GB&quot;, &quot;Microsoft Yahei&quot;, 微软雅黑, Simsun, 宋体, Arial; font-size: 18px; letter-spacing: 1px; white-space: normal;\">　　没有什么能阻止富豪们敛财的步伐。过去一年，全球高净值人士数量增至2240万人，咨询机构Weath-X称，未来五年内还会继续增长。围绕这群高净值人士的衣食住行将衍生出更多商业机会，豪宅市场就是其中一个。</p><p style=\"margin-top: 0px; margin-bottom: 30px; padding: 0px; font-family: &quot;Hiragino Sans GB&quot;, &quot;Microsoft Yahei&quot;, 微软雅黑, Simsun, 宋体, Arial; font-size: 18px; letter-spacing: 1px; white-space: normal;\">　　从2017年开始，全球豪宅交易不断上涨，当年交易量增长13%。2018年，几个主要城市的超高值豪宅销售刷新了人们的想象力。香港、伦敦和悉尼表现亮眼。悉尼还成功出现第一笔价值1亿澳元的房屋交易，成功超过迈阿密、东京和巴黎等，成为全球超高值豪宅销售量最多的城市。</p><p style=\"margin-top: 0px; margin-bottom: 30px; padding: 0px; font-family: &quot;Hiragino Sans GB&quot;, &quot;Microsoft Yahei&quot;, 微软雅黑, Simsun, 宋体, Arial; font-size: 18px; letter-spacing: 1px; white-space: normal;\">　　如果将时间线放长，过去十年，温哥华豪宅房价上涨101.5%，悉尼则以60%的涨幅排名第三，纽约虽然十年里仅上涨15.2%，涨幅垫底，但考虑到次贷危机的影响，“上涨”来之不易。</p><p style=\"text-align: center;\"><img src=\"http://n.sinaimg.cn/edu/crawl/687/w550h137/20190123/8Ccv-hryfqhm3287831.jpg\" alt=\"过去十年主要城市豪宅价格涨幅&nbsp; 图片来源：莱坊\"/></p><p style=\"text-align: center;\"><span class=\"img_descr\" style=\"line-height: 20px; padding: 6px 0px; font-size: 16px; margin: 5px auto; display: inline-block; zoom: 1; text-align: left; font-weight: 700;\">过去十年主要城市豪宅价格涨幅&nbsp; 图片来源：莱坊</span></p><p style=\"margin-top: 0px; margin-bottom: 30px; padding: 0px; font-family: &quot;Hiragino Sans GB&quot;, &quot;Microsoft Yahei&quot;, 微软雅黑, Simsun, 宋体, Arial; font-size: 18px; letter-spacing: 1px; white-space: normal;\">　　然而，价格涨幅并不能在新一年延续下去。房产咨询机构莱坊最近发布的豪宅预测称，2019年全球豪宅价格涨幅将放缓。房地产市场监管范围增加、融资成本上升、英国脱欧的不确定性，以及部分市场新建豪宅的大量供应，都在遏制豪宅价格。</p><p style=\"margin-top: 0px; margin-bottom: 30px; padding: 0px; font-family: &quot;Hiragino Sans GB&quot;, &quot;Microsoft Yahei&quot;, 微软雅黑, Simsun, 宋体, Arial; font-size: 18px; letter-spacing: 1px; white-space: normal;\">　　早在2015年大热的北美城市温哥华，经历2016年的楼市降温后，新一年的表现也将持续冷却。相比之下，悉尼、伦敦和纽约，涨幅可能在0-2%之间。尽管澳洲房地产整体情况不乐观，但豪宅未受波及。悉尼豪宅供应短缺可能是支撑房价上涨的原因。伦敦受到英国脱欧的影响，涨幅将趋于保守。</p><p style=\"margin-top: 0px; margin-bottom: 30px; padding: 0px; font-family: &quot;Hiragino Sans GB&quot;, &quot;Microsoft Yahei&quot;, 微软雅黑, Simsun, 宋体, Arial; font-size: 18px; letter-spacing: 1px; white-space: normal;\">　　在涨幅不明显的大环境下，欧洲市场凸显出来。在莱坊跟踪的15个主要城市里，新一年涨幅超过6%的城市都集中在欧洲。其中，马德里、柏林和巴黎的豪宅价格涨幅将最高。</p><p style=\"margin-top: 0px; margin-bottom: 30px; padding: 0px; font-family: &quot;Hiragino Sans GB&quot;, &quot;Microsoft Yahei&quot;, 微软雅黑, Simsun, 宋体, Arial; font-size: 18px; letter-spacing: 1px; white-space: normal;\">　　值得一提的是德国市场，过去十年来，柏林豪宅价格涨幅达到118.3%。即便是过去五年，它的涨幅虽然没有超过温哥华、悉尼，但也将墨尔本、香港、迈阿密，以及洛杉矶甩在身后。</p><p style=\"margin-top: 0px; margin-bottom: 30px; padding: 0px; font-family: &quot;Hiragino Sans GB&quot;, &quot;Microsoft Yahei&quot;, 微软雅黑, Simsun, 宋体, Arial; font-size: 18px; letter-spacing: 1px; white-space: normal;\">　　以前，很少有投资者会注意到德国住宅市场，投资者很难获得如温哥华、悉尼等热门地区相当的回报率。ZIEGERT Group首席运营官Sven Henkes认为，以国际标准来衡量，德国房地产市场的波动性要小得多。其中一个原因是，信贷银行体系对房地产购置和房地产贷款的限制要比其他国家严格。买方必须大幅提高抵押物价值，且银行无法为抵押贷款债券提供全额再融资（例如“潘德布雷夫银行”：住宅贷款仅占抵押贷款价值的60%）。</p><p style=\"text-align: center;\"><img src=\"http://n.sinaimg.cn/edu/crawl/517/w550h767/20190123/3EoM-hryfqhm3287937.jpg\" alt=\"\"/><span class=\"img_descr\" style=\"line-height: 20px; padding: 6px 0px; font-size: 16px; margin: 5px auto; display: inline-block; zoom: 1; text-align: left; font-weight: 700;\"></span></p><p style=\"margin-top: 0px; margin-bottom: 30px; padding: 0px; font-family: &quot;Hiragino Sans GB&quot;, &quot;Microsoft Yahei&quot;, 微软雅黑, Simsun, 宋体, Arial; font-size: 18px; letter-spacing: 1px; white-space: normal;\">　　主要城市人口数量、人口预测、完工建筑、已售公寓、住房拥有率、黄金地段价格对比&nbsp; 图片来源：莱坊</p><p style=\"margin-top: 0px; margin-bottom: 30px; padding: 0px; font-family: &quot;Hiragino Sans GB&quot;, &quot;Microsoft Yahei&quot;, 微软雅黑, Simsun, 宋体, Arial; font-size: 18px; letter-spacing: 1px; white-space: normal;\">　　但与加拿大、澳洲不同，德国并没有对海外买家购房施行限制性措施。“市场目前非常平衡，我们50%的销售额来自柏林，25%来自德国其他地区，另外25%来自国际市场。”Henkes对界面新闻评价道。</p><p><ins><ins><a href=\"http://saxn.sina.com.cn/dsp/click?t=MjAxOS0wMS0yNSAxMDozNjozMy43MjcJMTIyLjk2LjQyLjUxCTEwLjcxLjIuOTVfMTUzNzk3MTY1Ny4yMTI1NDQJYjMwZjA4MjYtMzI0ZS00YTA5LTlkMGEtYjU3NGMyZjRiY2NjCTM0NDQ4MjYJNjUwMDM1NzgzMV9QSU5QQUktQ1BDCTMxOTcxNTUJOTc5ODYJNC43NjE5MDQ3RS00CTEJdHJ1ZQlQRFBTMDAwMDAwMDU2MDUzCTM5NTM3NjEJUEMJaW1hZ2UJLQkwfDQxQzJ5c3JUWDU2cXpIVDhCajh1d3Z8bnVsbHxudWxsfGJqfDM0NDQ4MjZ8NXBsSUNzS2tFaEc3ZXZwNUhWRXcyQ3wwfHx8fEJ8fDB8fHwwfC0xfDB8CQkxCS0JLQktCTAJMTAuNzEuMi45NV8xNTM3OTcxNjU3LjIxMjU0NAlQQ19JTUFHRQktCW5vcm1hbHx1dmZtLXJ0CQl1c2VyX3RhZzoyMTA2MzowLjkzODA4fHVzZXJfYWdlOjYwMjowLjU2ODczfHVzZXJfZ2VuZGVyOjUwMjoxLjB8dl96b25lOjMxNjAxMDowLjB8Y3Jvd2RzOnxfY3Jvd2RzOgkwCTEwNTAwMAk1MDAwMAktCQkwCQlkODlkZDdmMS1jNjQyLTM4YWEtYTk5ZC0yMGQ2YmM0NTJmYjMJMA==&userid=10.71.2.95_1537971657.212544&auth=aa27fb9feedb2bc1&p=eVO2yThbOdKimDLTY%2By0W5waRBq02OE8LUT8hg%3D%3D&url=http%3A%2F%2Fsaxn.sina.com.cn%2Fclick%3Fid%3D17%26t%3DNzk1M2I2YzktMzg1Yi0zOWQyLWEyOTgtMzJkMzYzZWNiNDViCTE3CVBEUFMwMDAwMDAwNTYwNTMJMzk1Mzc2MQkxCVJUQgktCVY1LjAuMF9fX0JYXzEwLjEzLjIyNC4xMzEJCQlpcDoxMjIuOTYuNDIuNTF8ZGV2aWNlaWQ6fGNvb2tpZToxMC43MS4yLjk1XzE1Mzc5NzE2NTcuMjEyNTQ0fGRpZDp8cGxhdDpwY3x0czoxNTQ4MzgzNzkzfHRmOjB8ZHluYW1pY2FkOglkODlkZDdmMS1jNjQyLTM4YWEtYTk5ZC0yMGQ2YmM0NTJmYjM%253D%26type%3D2%26url%3Dhttp%253A%252F%252Ftehui01.yg-mall.cn%252Fshou%252Fcsbxl7%252F%253Fgzid%253Dn300250%26sina_sign%3D5f986868386f504c&sign=28194e02fa108d29\" target=\"_blank\" style=\"text-decoration-line: none; outline: 0px; color: rgb(238, 32, 27); display: block; line-height: 0;\"><br/></a></ins></ins></p><p style=\"margin-top: 0px; margin-bottom: 30px; padding: 0px; font-family: &quot;Hiragino Sans GB&quot;, &quot;Microsoft Yahei&quot;, 微软雅黑, Simsun, 宋体, Arial; font-size: 18px; letter-spacing: 1px; white-space: normal;\">　　在风险不可控的大背景下，以德国为代表的欧洲方式反倒成为“避风港”。Henkes观察到，一些中国买家也将注意力挪到柏林等城市。大部分中国买家都和柏林有着一定渊源。有些曾在此居住，或计划移居至此，还有些则是在以游客身份游览柏林后、或在孩子到柏林学习和工作后，希望把第二个家安在这里。在他看来，中国买家偏爱居住在水流和绿地附近，Charlottenburg、Mitte和Friedrichshain 都是首选地段。紧邻大型高校也是他们决策过程中的重要考虑因素。</p><p style=\"margin-top: 0px; margin-bottom: 30px; padding: 0px; font-family: &quot;Hiragino Sans GB&quot;, &quot;Microsoft Yahei&quot;, 微软雅黑, Simsun, 宋体, Arial; font-size: 18px; letter-spacing: 1px; white-space: normal;\">　　像柏林这样的欧洲城市，住房拥有率低（15%），租赁市场繁荣也吸引一部分投资者入场。“柏林的豪华公寓仍比纽约、伦敦或巴黎等大城市的同类公寓价格低。以法国首都为例，在同样的总价下，你能买到的建筑面积只有柏林的一半左右。”Henkes认为，价格优势也是高净值投资者在欧洲买豪宅的动因。</p><p style=\"margin-top: 0px; margin-bottom: 30px; padding: 0px; font-family: &quot;Hiragino Sans GB&quot;, &quot;Microsoft Yahei&quot;, 微软雅黑, Simsun, 宋体, Arial; font-size: 18px; letter-spacing: 1px; white-space: normal;\">　　当然，在牵一发而动全身的欧洲，政权变更、脱欧等国际形势将产生广泛影响，是受益还是受损，也将成为豪宅市场未来的变数。</p><p><br/></p>', 'http://n.sinaimg.cn/edu/crawl/62/w550h312/20190123/XXOu-hryfqhm3287777.jpg', '2019-01-25 10:37:29');
INSERT INTO `article` VALUES ('43', '纽约“严管爱彼迎法案”暂缓执行 房租恐大涨', '海外邦', '据美国《世界日报》报道，原定将于今年2月实施的纽约市严管爱彼迎（Airbnb）新法，日前遭到联邦法官裁决暂缓执行，反短租房团体“共享更好联盟”（Share Better Coalition）22日公布最新调查，表示若严管爱彼迎法案无法尽快实行，预计至今年8月，纽约市租金中位数将上涨33元，但若新法执行，至同期为止租金中位数可望下降74元，呼吁相关单位尽快通过新法并执行。　　纽约市议会去年7月通过新法，严管爱彼迎（Airbnb）等短租房，要求通过这类网站出租房屋的屋主必须提供租屋地址、屋主真实姓名及屋主地址等信息给予市长特别执法办公室（Mayors Office of Special Enforcement）备案，违者最高将被罚款25000美元，法案原定今年2月初开始实施，却在日前遭到联邦法官裁决暂缓执行。　　“共享更好联盟”表示，如果联邦法官迟迟不执行新法，将会造成纽约房市在可租房单位数量减少、租金上涨等后果；根据最新报告，有更多长期租房单位将被爱彼迎取代，导致市场上可租单位减少。　　根据供给需求，可租单位减少的情况下也会导致租金上涨，报告预估在今年8月纽约市租金中位数将会上涨0.12%、约为33元，而每年约有261000户搬家，预计在明年将导致全市共860万元的租金增长，未来三年内更可能增加总共6000万元的租金上涨；但若执法，预计租金中位数将下降0.27%、约74元。　　报告指出，若法案生效，纽约市每日平均上市的房源将会下降46%，过去被当作短租房的8700个住房单位也将重新重回到市场，其中包括曼哈顿华埠和下东城，预计将增加730个单位、布鲁克林、威廉斯堡（Williamsburg）和绿点（Greenpoint），也预计将有720个住房单位重回市场，雀儿喜、中城等高租金地点也将有1160个住房单位回到市场，在房源增加后，租金也会趋于合理、平衡。', '<p style=\"margin-top: 0px; margin-bottom: 30px; padding: 0px; font-family: &quot;Hiragino Sans GB&quot;, &quot;Microsoft Yahei&quot;, 微软雅黑, Simsun, 宋体, Arial; font-size: 18px; letter-spacing: 1px; white-space: normal;\">据美国《世界日报》报道，原定将于今年2月实施的纽约市严管爱彼迎（Airbnb）新法，日前遭到联邦法官裁决暂缓执行，反短租房团体“共享更好联盟”（Share Better Coalition）22日公布最新调查，表示若严管爱彼迎法案无法尽快实行，预计至今年8月，纽约市租金中位数将上涨33元，但若新法执行，至同期为止租金中位数可望下降74元，呼吁相关单位尽快通过新法并执行。</p><p style=\"margin-top: 0px; margin-bottom: 30px; padding: 0px; font-family: &quot;Hiragino Sans GB&quot;, &quot;Microsoft Yahei&quot;, 微软雅黑, Simsun, 宋体, Arial; font-size: 18px; letter-spacing: 1px; white-space: normal;\">　　纽约市议会去年7月通过新法，严管爱彼迎（Airbnb）等短租房，要求通过这类网站出租房屋的屋主必须提供租屋地址、屋主真实姓名及屋主地址等信息给予市长特别执法办公室（Mayors Office of Special Enforcement）备案，违者最高将被罚款25000美元，法案原定今年2月初开始实施，却在日前遭到联邦法官裁决暂缓执行。</p><p><ins><ins><a href=\"http://saxn.sina.com.cn/dsp/click?t=MjAxOS0wMS0yNSAxNjowMDo0NC4yODMJMTIyLjk2LjQyLjUxCTEwLjcxLjIuOTVfMTUzNzk3MTY1Ny4yMTI1NDQJMzFiMTYyYzEtNjU1OC00ZDgzLTkxMDctNTQzMGYwYWMxNjNiCTM0NDgxMjQJNjc1Njk0NTE4MV9QSU5QQUktQ1BDCTMxOTg0NzgJMTAwMDAwCTUuMEUtNAkxCXRydWUJUERQUzAwMDAwMDA1NjA1MwkzOTYwNzYxCVBDCWltYWdlCS0JMHwxNVdEMlNQNG03UTZFVkZYdmN4MXJvfG51bGx8bnVsbHxianwzNDQ4MTI0fDN4Sm9KYU53SkxOQWt3ek1tSkhHOEZ8MHx8fHxCfHwwfHx8MHwtMXwwfAkJMQktCS0JLQkwCTEwLjcxLjIuOTVfMTUzNzk3MTY1Ny4yMTI1NDQJUENfSU1BR0UJLQlub3JtYWx8dXZmbS1ydAkJdXNlcl90YWc6MjEwNjM6MC45MzgwOHx1c2VyX2FnZTo2MDI6MC41Njg3M3x1c2VyX2dlbmRlcjo1MDI6MS4wfHZfem9uZTozMTYwMTA6MC4wfGNyb3dkczp8X2Nyb3dkczoJMAkxMDAwMDAJNTAwMDAJLQkJMAkJOWU4MTY1YjUtYWY0Mi0zNjc0LWI0YTYtZWYwMTdkMGQzY2UxCTA=&userid=10.71.2.95_1537971657.212544&auth=c61bd550623570aa&p=aJjcX9XwPFmYvwt%2FUf0tcBILxRFn6QKoofYz1A%3D%3D&url=http%3A%2F%2Fsaxn.sina.com.cn%2Fclick%3Fid%3D17%26t%3DNjg5OGRjNWYtZDVmMC0zYzU5LTk4YmYtMGI3ZjUxZmQyZDcwCTE3CVBEUFMwMDAwMDAwNTYwNTMJMzk2MDc2MQkxCVJUQgktCVY1LjAuMF9fX0JYXzEwLjEzLjIyNC4xMjgJCQlpcDoxMjIuOTYuNDIuNTF8ZGV2aWNlaWQ6fGNvb2tpZToxMC43MS4yLjk1XzE1Mzc5NzE2NTcuMjEyNTQ0fGRpZDp8cGxhdDpwY3x0czoxNTQ4NDAzMjQ0fHRmOjB8ZHluYW1pY2FkOgk5ZTgxNjViNS1hZjQyLTM2NzQtYjRhNi1lZjAxN2QwZDNjZTE%253D%26type%3D2%26url%3Dhttp%253A%252F%252Ftehui01.yg-mall.cn%252Fshou%252Fcsbxl10%252F%253Fgzid%253Da300250%26sina_sign%3D071c7f84fd2d8a72&sign=6954e1ec26777753\" target=\"_blank\" style=\"text-decoration-line: none; outline: 0px; color: rgb(238, 32, 27); display: block; line-height: 0;\"><br/></a></ins></ins></p><p style=\"margin-top: 0px; margin-bottom: 30px; padding: 0px; font-family: &quot;Hiragino Sans GB&quot;, &quot;Microsoft Yahei&quot;, 微软雅黑, Simsun, 宋体, Arial; font-size: 18px; letter-spacing: 1px; white-space: normal;\">　　“共享更好联盟”表示，如果联邦法官迟迟不执行新法，将会造成纽约房市在可租房单位数量减少、租金上涨等后果；根据最新报告，有更多长期租房单位将被爱彼迎取代，导致市场上可租单位减少。</p><p style=\"margin-top: 0px; margin-bottom: 30px; padding: 0px; font-family: &quot;Hiragino Sans GB&quot;, &quot;Microsoft Yahei&quot;, 微软雅黑, Simsun, 宋体, Arial; font-size: 18px; letter-spacing: 1px; white-space: normal;\">　　根据供给需求，可租单位减少的情况下也会导致租金上涨，报告预估在今年8月纽约市租金中位数将会上涨0.12%、约为33元，而每年约有261000户搬家，预计在明年将导致全市共860万元的租金增长，未来三年内更可能增加总共6000万元的租金上涨；但若执法，预计租金中位数将下降0.27%、约74元。</p><p style=\"margin-top: 0px; margin-bottom: 30px; padding: 0px; font-family: &quot;Hiragino Sans GB&quot;, &quot;Microsoft Yahei&quot;, 微软雅黑, Simsun, 宋体, Arial; font-size: 18px; letter-spacing: 1px; white-space: normal;\">　　报告指出，若法案生效，纽约市每日平均上市的房源将会下降46%，过去被当作短租房的8700个住房单位也将重新重回到市场，其中包括曼哈顿华埠和下东城，预计将增加730个单位、布鲁克林、威廉斯堡（Williamsburg）和绿点（Greenpoint），也预计将有720个住房单位重回市场，雀儿喜、中城等高租金地点也将有1160个住房单位回到市场，在房源增加后，租金也会趋于合理、平衡。</p><p><br/></p>', '/img/default.jpg', '2019-01-25 16:01:07');
INSERT INTO `article` VALUES ('44', '特朗普新税法实施 专家解读华人移民如何受影响', '中新网', '据美国侨报网报道，自1月起，2019年美国总统特朗普的大部分税法内容开始实施，其中，新移民最关心的内容包括在中国国内持有公司股权者的纳税问题。此外，中美间现金流动也常引发问题，成为新移民关注的焦点。北美会计师协会创会会长林清吉在解释如何才能避免被美国国税局查账。（图片来源：美国《侨报》记者 邱晨 摄）　　北美华人会计师协会副会长张青表示，对于人在美国而持有中国国内企业50%以上股权的个人，按照美国的新税法，无论国内企业是否分红，都要上缴一定的税金。　　张青还提醒说，对于在国内有公司的新移民，就纳税议题来说，做加州居民与不做加州居民，区别很大。在国内拥有公司的加州新移民，国内公司分得红利后，除了要在中国缴税外，还要在加州缴税。　　由于中美两国近年出台的现金管控政策，目前中美间的现金流动已不像以前那样方便，致使一些新移民、长期居住在美国的中国商人、留学生，及访美学者等感到不便，有些人为能从中国取得更多现金，尝试了许多办法，而其中一些属违法行为，易招致联邦政府调查。　　北美华人会计师协会创会会长林清吉提醒说，常见向美国境内输送现金的方式包括，经第三地转账、化整为零入境后再携带、美国境内海外亲友赠予，及利用旅行支票汇钱等方式，但这些转移现金的方式都有可能触法，给自己带来麻烦。　　林清吉说，利用第三地转账，常是经中国香港、新加波等的地下钱庄转账，风险很高。他还表示，常见新移民为了带钱入关，把大笔现金转化成每笔不足1万美元的现金，分别让家人或其他亲友携带入境。然而，按照海关的规定，一家人所携带入境的现金额，应低于1万美元，否则需要申报。　　林清吉补充说，许多人入关时谨慎小心，他们出事往往在存钱的一刻：一次将所有的积蓄全部集中起来存入银行，没想到存钱超过1万美元要申报的事。　　林清吉说，还有人利用在国内购买旅行支票转移现金，殊不知这种夹带着旅行支票的邮件很容易被海关的专用扫描设备查出。一旦查出，相关部门即会向接受支票的人发函，提出是否同意没收。一旦出现了这种情况，澄清、解释是件很麻烦的事。　　林清吉说，还有一类转移现金的办法，是利用在美国的境外亲友赠予现金。林清吉提醒说，这种赠予一生只能赠予6万美元。6万美元以上的现金，将会被美国国税局征缴40%的遗产税。　　林清吉说，现在，银行对于涉嫌协助洗钱一词很敏感。凡是银行认为这一账户受到来自境外电汇的现金，或在美国境内储存了过高的资金，都会做出清理，有时甚至先终止客户的账户，然后再通知账户的主人。林清吉表示，从国内将现金转移到美，要把握“合情、合理、合法”的原则。', '<p style=\"margin-top: 0px; margin-bottom: 30px; padding: 0px; font-family: &quot;Hiragino Sans GB&quot;, &quot;Microsoft Yahei&quot;, 微软雅黑, Simsun, 宋体, Arial; font-size: 18px; letter-spacing: 1px; white-space: normal;\">据美国侨报网报道，自1月起，2019年美国总统特朗普的大部分税法内容开始实施，其中，新移民最关心的内容包括在中国国内持有公司股权者的纳税问题。此外，中美间现金流动也常引发问题，成为新移民关注的焦点。</p><p style=\"text-align: center;\"><img src=\"http://n.sinaimg.cn/edu/crawl/33/w500h333/20190125/6IlM-hsccyrs6765412.jpg\" alt=\"北美会计师协会创会会长林清吉在解释如何才能避免被美国国税局查账。（图片来源：美国《侨报》记者 邱晨 摄）\"/><span class=\"img_descr\" style=\"line-height: 20px; padding: 6px 0px; font-size: 16px; margin: 5px auto; display: inline-block; zoom: 1; text-align: left; font-weight: 700;\">北美会计师协会创会会长林清吉在解释如何才能避免被美国国税局查账。（图片来源：美国《侨报》记者 邱晨 摄）</span></p><p style=\"margin-top: 0px; margin-bottom: 30px; padding: 0px; font-family: &quot;Hiragino Sans GB&quot;, &quot;Microsoft Yahei&quot;, 微软雅黑, Simsun, 宋体, Arial; font-size: 18px; letter-spacing: 1px; white-space: normal;\">　　北美华人会计师协会副会长张青表示，对于人在美国而持有中国国内企业50%以上股权的个人，按照美国的新税法，无论国内企业是否分红，都要上缴一定的税金。</p><p style=\"margin-top: 0px; margin-bottom: 30px; padding: 0px; font-family: &quot;Hiragino Sans GB&quot;, &quot;Microsoft Yahei&quot;, 微软雅黑, Simsun, 宋体, Arial; font-size: 18px; letter-spacing: 1px; white-space: normal;\">　　张青还提醒说，对于在国内有公司的新移民，就纳税议题来说，做加州居民与不做加州居民，区别很大。在国内拥有公司的加州新移民，国内公司分得红利后，除了要在中国缴税外，还要在加州缴税。</p><p style=\"margin-top: 0px; margin-bottom: 30px; padding: 0px; font-family: &quot;Hiragino Sans GB&quot;, &quot;Microsoft Yahei&quot;, 微软雅黑, Simsun, 宋体, Arial; font-size: 18px; letter-spacing: 1px; white-space: normal;\">　　由于中美两国近年出台的现金管控政策，目前中美间的现金流动已不像以前那样方便，致使一些新移民、长期居住在美国的中国商人、留学生，及访美学者等感到不便，有些人为能从中国取得更多现金，尝试了许多办法，而其中一些属违法行为，易招致联邦政府调查。</p><p style=\"margin-top: 0px; margin-bottom: 30px; padding: 0px; font-family: &quot;Hiragino Sans GB&quot;, &quot;Microsoft Yahei&quot;, 微软雅黑, Simsun, 宋体, Arial; font-size: 18px; letter-spacing: 1px; white-space: normal;\">　　北美华人会计师协会创会会长林清吉提醒说，常见向美国境内输送现金的方式包括，经第三地转账、化整为零入境后再携带、美国境内海外亲友赠予，及利用旅行支票汇钱等方式，但这些转移现金的方式都有可能触法，给自己带来麻烦。</p><p style=\"margin-top: 0px; margin-bottom: 30px; padding: 0px; font-family: &quot;Hiragino Sans GB&quot;, &quot;Microsoft Yahei&quot;, 微软雅黑, Simsun, 宋体, Arial; font-size: 18px; letter-spacing: 1px; white-space: normal;\">　　林清吉说，利用第三地转账，常是经中国香港、新加波等的地下钱庄转账，风险很高。他还表示，常见新移民为了带钱入关，把大笔现金转化成每笔不足1万美元的现金，分别让家人或其他亲友携带入境。然而，按照海关的规定，一家人所携带入境的现金额，应低于1万美元，否则需要申报。</p><p></p><p style=\"margin-top: 0px; margin-bottom: 30px; padding: 0px; font-family: &quot;Hiragino Sans GB&quot;, &quot;Microsoft Yahei&quot;, 微软雅黑, Simsun, 宋体, Arial; font-size: 18px; letter-spacing: 1px; white-space: normal;\">　　林清吉补充说，许多人入关时谨慎小心，他们出事往往在存钱的一刻：一次将所有的积蓄全部集中起来存入银行，没想到存钱超过1万美元要申报的事。</p><p style=\"margin-top: 0px; margin-bottom: 30px; padding: 0px; font-family: &quot;Hiragino Sans GB&quot;, &quot;Microsoft Yahei&quot;, 微软雅黑, Simsun, 宋体, Arial; font-size: 18px; letter-spacing: 1px; white-space: normal;\">　　林清吉说，还有人利用在国内购买旅行支票转移现金，殊不知这种夹带着旅行支票的邮件很容易被海关的专用扫描设备查出。一旦查出，相关部门即会向接受支票的人发函，提出是否同意没收。一旦出现了这种情况，澄清、解释是件很麻烦的事。</p><p style=\"margin-top: 0px; margin-bottom: 30px; padding: 0px; font-family: &quot;Hiragino Sans GB&quot;, &quot;Microsoft Yahei&quot;, 微软雅黑, Simsun, 宋体, Arial; font-size: 18px; letter-spacing: 1px; white-space: normal;\">　　林清吉说，还有一类转移现金的办法，是利用在美国的境外亲友赠予现金。林清吉提醒说，这种赠予一生只能赠予6万美元。6万美元以上的现金，将会被美国国税局征缴40%的遗产税。</p><p style=\"margin-top: 0px; margin-bottom: 30px; padding: 0px; font-family: &quot;Hiragino Sans GB&quot;, &quot;Microsoft Yahei&quot;, 微软雅黑, Simsun, 宋体, Arial; font-size: 18px; letter-spacing: 1px; white-space: normal;\">　　林清吉说，现在，银行对于涉嫌协助洗钱一词很敏感。凡是银行认为这一账户受到来自境外电汇的现金，或在美国境内储存了过高的资金，都会做出清理，有时甚至先终止客户的账户，然后再通知账户的主人。林清吉表示，从国内将现金转移到美，要把握“合情、合理、合法”的原则。</p><p><br/></p>', 'http://n.sinaimg.cn/edu/crawl/33/w500h333/20190125/6IlM-hsccyrs6765412.jpg', '2019-01-25 16:01:45');

-- ----------------------------
-- Table structure for `banner`
-- ----------------------------
DROP TABLE IF EXISTS `banner`;
CREATE TABLE `banner` (
  `id` int(11) NOT NULL AUTO_INCREMENT,
  `name` varchar(256) COLLATE utf8mb4_unicode_ci DEFAULT NULL,
  `title` varchar(256) COLLATE utf8mb4_unicode_ci DEFAULT NULL,
  `image_id` int(11) DEFAULT NULL,
  `attach_id` int(11) DEFAULT NULL,
  `attach_type` int(11) DEFAULT NULL,
  `show_type` int(11) DEFAULT NULL,
  `url` varchar(256) COLLATE utf8mb4_unicode_ci DEFAULT NULL,
  `sortid` int(11) DEFAULT NULL,
  PRIMARY KEY (`id`)
) ENGINE=InnoDB AUTO_INCREMENT=7 DEFAULT CHARSET=utf8mb4 COLLATE=utf8mb4_unicode_ci;

-- ----------------------------
-- Records of banner
-- ----------------------------
INSERT INTO `banner` VALUES ('1', '英国移民', '英暂停发放投资移民签证 中国投资者受影响最大', '71', '7', '1', '0', '/article/7', null);
INSERT INTO `banner` VALUES ('2', '希腊移民', '美移民局简化官网页面 实现信息共享过程现代化', '2', '13', '1', '0', '/article/13', null);
INSERT INTO `banner` VALUES ('3', '澳洲绿卡', '澳总理宣布削减移民数量 不强迫移民定居次发达地区', '3', '11', '1', '0', '/article/11', null);
INSERT INTO `banner` VALUES ('4', '000', '24', '33', '24', '1', '1', '/article/24', '0');
INSERT INTO `banner` VALUES ('5', '111', '19', '34', '19', '1', '1', '/article/19', '0');
INSERT INTO `banner` VALUES ('6', '222', '22', '35', '22', '1', '1', '/article/22', '0');

-- ----------------------------
-- Table structure for `campaign`
-- ----------------------------
DROP TABLE IF EXISTS `campaign`;
CREATE TABLE `campaign` (
  `id` int(11) NOT NULL AUTO_INCREMENT,
  `title` varchar(256) DEFAULT NULL,
  `author` varchar(128) DEFAULT NULL,
  `summary` text,
  `contents` text,
  `image_url` varchar(512) DEFAULT NULL,
  `create_time` timestamp NOT NULL DEFAULT CURRENT_TIMESTAMP,
  PRIMARY KEY (`id`)
) ENGINE=InnoDB AUTO_INCREMENT=5 DEFAULT CHARSET=utf8mb4;

-- ----------------------------
-- Records of campaign
-- ----------------------------
INSERT INTO `campaign` VALUES ('1', '2019英国投资移民趋势解析会', '海外邦', '&nbsp;　　为什么英国如此吸引中国富人?据LJ Partnership的数据显示，2017年中国对英国的总投资达到208亿美元，远高于2016年的92亿美元。同时，英国《独立报》近日报道，最近一年，获得英国“200万镑投资移民签证”最多的为中国公民。　　对中国富人而言，英国在金融领域的领先地位及其政策、法律方面的稳定性和健全性，是影响其投资抉择的关键。对于那些希望子女能在优秀的寄宿学校和大学接受教育的投资者来说，英国的教育也非常有吸引力。投资英国既是对财富身份、文化身份的双重投资，也是对子女未来影响深远的教育投资。　　作为全球首屈一指的金融中心，英国拥有全球稳定、安全的金融运行与监管体系。投资英国国债风险低、收益稳健且可全家移民。同时，英国安全的法律体系、保护投资者资产的口碑以及因英镑疲软而产生的价格套利，正在不断促使更多中国富人投资移居英国。　　近日，英国经济方面的利好消息不断：得益于建筑业和服务业的良好表现，英国5月-7月三个月内的季度GDP增长达到近一年来最快的速度。这对于准备投资英国的人士来说也是又一投资利好。　　随着英国脱欧进程的不断推进，英国市场信心恢复较快，经济增长迅速，英镑稳中向上。计划移民英国的投资者需把握好时机，及时为自己持有的资产进行合理规划，借力汇率市场风云，及时在英镑低位投资英国、移民英国。　　在您拿到英国身份后将享受更多的投资便利条件。仅20万镑投资成型企业，就可以在拿身份同时获得全职工作，快速融入当地生活。现在英镑汇率还处在低位，更可借此汇率窗口期办理英国移民，投资英国，坐享收益!　　作为国内很早就在英国伦敦、曼彻斯特分别成立直属公司，且拥有独立办公室和接待团队的中介机构，侨外出国将英国20万英镑投资移民，即企业家项目引入中国大陆的时间已超过4年之久。四年来，侨外已成功推出137个项目，其中6家酒店、131家英国本土成型企业，创造了“当天”获批纪录、“1天免面试”获批纪录等多项获批纪录，帮助数百家庭实现了移民英国的梦想。　　2018年12月22日，年度收官之作，为您解读2019年英国投资移民趋势，现场还会有英国各领域专家有针对性地解决您从获批到登陆，从教育规划到资产配置等出国服务全程所涉及的一系列问题。', '<p style=\"margin-top: 0px; margin-bottom: 0px; padding: 0px; overflow-wrap: break-word; color: rgb(51, 51, 51); font-family: &quot;microsoft yahei&quot;, &quot;Arial Narrow&quot;, HELVETICA; font-size: 14px; white-space: normal; background-color: rgb(255, 255, 255); text-align: center;\"><span style=\"color: rgb(255, 0, 0);\"><strong><img alt=\"\" src=\"http://www.iqiaowai.com/uploads/allimg/181214/152A2IW-0.jpg\"/></strong></span><br/>&nbsp;</p><p style=\"margin-top: 0px; margin-bottom: 0px; padding: 0px; overflow-wrap: break-word; color: rgb(51, 51, 51); font-family: &quot;microsoft yahei&quot;, &quot;Arial Narrow&quot;, HELVETICA; font-size: 14px; white-space: normal; background-color: rgb(255, 255, 255);\">　　为什么英国如此吸引中国富人?据LJ Partnership的数据显示，2017年中国对英国的总投资达到208亿美元，远高于2016年的92亿美元。同时，英国《独立报》近日报道，最近一年，获得英国“<span style=\"text-decoration:underline;\"><strong><a href=\"http://www.iqiaowai.com/plus/view.php?aid=30841\" target=\"_blank\" style=\"background: transparent; color: rgb(68, 68, 68); text-decoration-line: none; outline: none;\"><span style=\"color: rgb(0, 0, 205);\">200万镑投资移民签证</span></a></strong></span>”最多的为中国公民。</p><p style=\"margin-top: 0px; margin-bottom: 0px; padding: 0px; overflow-wrap: break-word; color: rgb(51, 51, 51); font-family: &quot;microsoft yahei&quot;, &quot;Arial Narrow&quot;, HELVETICA; font-size: 14px; white-space: normal; background-color: rgb(255, 255, 255);\">　　对中国富人而言，英国在金融领域的领先地位及其政策、法律方面的稳定性和健全性，是影响其投资抉择的关键。对于那些希望子女能在优秀的寄宿学校和大学接受教育的投资者来说，英国的教育也非常有吸引力。投资英国既是对财富身份、文化身份的双重投资，也是对子女未来影响深远的教育投资。</p><p style=\"margin-top: 0px; margin-bottom: 0px; padding: 0px; overflow-wrap: break-word; color: rgb(51, 51, 51); font-family: &quot;microsoft yahei&quot;, &quot;Arial Narrow&quot;, HELVETICA; font-size: 14px; white-space: normal; background-color: rgb(255, 255, 255);\">　　作为全球首屈一指的金融中心，英国拥有全球稳定、安全的金融运行与监管体系。投资英国国债风险低、收益稳健且可全家移民。同时，英国安全的法律体系、保护投资者资产的口碑以及因英镑疲软而产生的价格套利，正在不断促使更多中国富人投资移居英国。</p><p style=\"margin-top: 0px; margin-bottom: 0px; padding: 0px; overflow-wrap: break-word; color: rgb(51, 51, 51); font-family: &quot;microsoft yahei&quot;, &quot;Arial Narrow&quot;, HELVETICA; font-size: 14px; white-space: normal; background-color: rgb(255, 255, 255);\">　　近日，英国经济方面的利好消息不断：得益于建筑业和服务业的良好表现，英国5月-7月三个月内的季度GDP增长达到近一年来最快的速度。这对于准备投资英国的人士来说也是又一投资利好。</p><p style=\"margin-top: 0px; margin-bottom: 0px; padding: 0px; overflow-wrap: break-word; color: rgb(51, 51, 51); font-family: &quot;microsoft yahei&quot;, &quot;Arial Narrow&quot;, HELVETICA; font-size: 14px; white-space: normal; background-color: rgb(255, 255, 255);\">　　随着英国脱欧进程的不断推进，英国市场信心恢复较快，经济增长迅速，英镑稳中向上。计划<span style=\"text-decoration:underline;\"><strong><a href=\"http://www.iqiaowai.com/zhuanti/edu181204/\" target=\"_blank\" style=\"background: transparent; color: rgb(68, 68, 68); text-decoration-line: none; outline: none;\"><span style=\"color: rgb(0, 0, 205);\">移民英国</span></a></strong></span>的投资者需把握好时机，及时为自己持有的资产进行合理规划，借力汇率市场风云，及时在英镑低位投资英国、移民英国。</p><p style=\"margin-top: 0px; margin-bottom: 0px; padding: 0px; overflow-wrap: break-word; color: rgb(51, 51, 51); font-family: &quot;microsoft yahei&quot;, &quot;Arial Narrow&quot;, HELVETICA; font-size: 14px; white-space: normal; background-color: rgb(255, 255, 255);\">　　在您拿到英国身份后将享受更多的投资便利条件。仅20万镑投资成型企业，就可以在拿身份同时获得全职工作，快速融入当地生活。现在英镑汇率还处在低位，更可借此汇率窗口期办理英国移民，投资英国，坐享收益!</p><p style=\"margin-top: 0px; margin-bottom: 0px; padding: 0px; overflow-wrap: break-word; color: rgb(51, 51, 51); font-family: &quot;microsoft yahei&quot;, &quot;Arial Narrow&quot;, HELVETICA; font-size: 14px; white-space: normal; background-color: rgb(255, 255, 255);\">　　作为国内很早就在英国伦敦、曼彻斯特分别成立直属公司，且拥有独立办公室和接待团队的中介机构，侨外出国将英国20万英镑投资移民，即企业家项目引入中国大陆的时间已超过4年之久。四年来，侨外已成功推出137个项目，其中6家酒店、131家英国本土成型企业，创造了“当天”获批纪录、“1天免面试”获批纪录等多项获批纪录，帮助数百家庭实现了移民英国的梦想。</p><p style=\"margin-top: 0px; margin-bottom: 0px; padding: 0px; overflow-wrap: break-word; color: rgb(51, 51, 51); font-family: &quot;microsoft yahei&quot;, &quot;Arial Narrow&quot;, HELVETICA; font-size: 14px; white-space: normal; background-color: rgb(255, 255, 255);\">　　2018年12月22日，年度收官之作，为您解读<span style=\"text-decoration:underline;\"><strong><a href=\"http://www.iqiaowai.com/england/\" target=\"_blank\" style=\"background: transparent; color: rgb(68, 68, 68); text-decoration-line: none; outline: none;\"><span style=\"color: rgb(0, 0, 205);\">2019年英国投资移民趋势</span></a></strong></span>，现场还会有英国各领域专家有针对性地解决您从获批到登陆，从教育规划到资产配置等出国服务全程所涉及的一系列问题。</p><p><br/></p>', 'http://www.iqiaowai.com/uploads/allimg/181214/152A2IW-0.jpg', '2018-12-22 20:45:51');
INSERT INTO `campaign` VALUES ('2', '美国，加拿大，塞浦路斯，保加利亚，哪个更适合你？', '海外邦', '美国移民政策变化不断，怎么稳握正确方向？&nbsp;加拿大魁省投资移民，门坎低、政府担保、风险小，但应该如何规划？&nbsp;塞浦路斯&amp;保加利亚护照申请热度不减，拥有一个欧盟身份，就可以自由迁移、居住，更可以在欧盟国家内自由通行、工作。欧洲还是美洲，哪个身份更适合您?&nbsp;[12月13日]晚上7时-9时专家为您专业解读&nbsp;', '<p style=\"text-align: center;\"><span style=\"box-sizing: border-box;\"><span style=\"box-sizing: border-box; font-weight: 700;\"><span style=\"box-sizing: border-box; color: rgb(0, 0, 255);\">美国移民</span></span>政策变化不断，</span></p><p style=\"text-align: center;\"><span style=\"box-sizing: border-box;\">怎么稳握正确方向？</span></p><p style=\"text-align: center;\">&nbsp;</p><p style=\"text-align: center;\"><span style=\"box-sizing: border-box;\"><span style=\"box-sizing: border-box; font-weight: 700;\"><span style=\"box-sizing: border-box; color: rgb(255, 140, 0);\">加拿大魁省投资移民</span></span>，</span></p><p style=\"text-align: center;\"><span style=\"box-sizing: border-box;\">门坎低、政府担保、风险小，</span></p><p style=\"text-align: center;\"><span style=\"box-sizing: border-box;\">但应该如何规划？</span></p><p style=\"text-align: center;\">&nbsp;</p><p style=\"text-align: center;\"><span style=\"box-sizing: border-box;\"><span style=\"box-sizing: border-box; font-weight: 700;\"><span style=\"box-sizing: border-box; color: rgb(0, 128, 0);\">塞浦路斯&amp;保加利亚护照</span></span>申请热度不减，</span></p><p style=\"text-align: center;\"><span style=\"box-sizing: border-box;\">拥有一个欧盟身份，就可以自由迁移、居住，</span></p><p style=\"text-align: center;\"><span style=\"box-sizing: border-box;\">更可以在欧盟国家内自由通行、工作。</span></p><p style=\"text-align: center;\"><span style=\"box-sizing: border-box;\">欧洲还是美洲，哪个身份更适合您?<br/><br/><img alt=\"\" src=\"https://www.ekimmigration.com/uploads/allimg/181207/8-1Q20GF4391F.jpg\"/></span></p><p>&nbsp;</p><p><span style=\"box-sizing: border-box; font-weight: 700;\"><span style=\"box-sizing: border-box; color: rgb(255, 0, 0);\">[12月13日]晚上7时-9时</span></span></p><p><span style=\"box-sizing: border-box;\"><span style=\"box-sizing: border-box; font-weight: 700;\"><span style=\"box-sizing: border-box; color: rgb(255, 0, 0);\">专家为您专业解读</span></span></span><br/>&nbsp;</p><p><br/></p>', 'https://www.ekimmigration.com/uploads/allimg/181207/8-1Q20GF4391F.jpg', '2018-12-22 20:56:14');
INSERT INTO `campaign` VALUES ('3', '加拿大资产申报指南', '海外邦', '　　&nbsp;&nbsp;&nbsp;&nbsp;&nbsp;&nbsp;&nbsp; 近几年来，加拿大政府出台了打击国际逃税的一系列新举措，增加本国税收。在这种环境下，移民加拿大正确申报海外资产和规划今后资产的转入就显得更为重要了。　　而每一位移民加拿大的朋友—作为税务居民—从长登那天起，你就有义务为你的全球收入向加拿大政府纳税。　　本指南全面整理了关于海外资产申报和转入布局的要点。　　1. 全球征税　　税务局要求加拿大的税务居民申报海外资产，这其中主要的目的就是为了避免居民隐瞒海外收入而逃税。　　而我们新移民必须记牢的一点就是：作为加拿大的税务居民，从长登那天起我们就有义务为自己的全球收入向加拿大政府纳税。　　2. 什么钱可以避税　　是什么钱，加拿大政府都要征税吗? 当然不是，作为新移民，这三种钱就是可以避税的。　　1.移民前，就有的钱。　　2.移民以后挣得，并且已经向加拿大税务局申报过、纳过税的钱。　　3.父母等人的赠予，例如继承的遗产。　　3. 资产转入的时机　　常常有新移民会问：什么时候把钱转到加拿大好呢?　　我们强烈建议: 尽快转入.　　一般来说，在新移民登陆的前两年，税务局默认你需要转入资金安家置业，所以他们对你的资金监察较为宽松。　　不过，如果你正确地申报了海外资产和海外收入，并且做好了充分的准备，任何时候你都可以将资产安全地转移到加拿大来。　　4. 收入报多少比较合适　　当然如实申报，肯定是风险小的，但这样我们肯定也是交税多的。　　其实这里面也是有几个原则的。　　原则一 收入大于支出　　一般来说，你申报的年收入必须满足这个条件。通俗的说就是，在交完税以后，剩下的钱是能够满足家庭生活开销的。“坐吃山空”的做法，当然不合逻辑的，如果长期倒挂，就容易引起税务局的注意。　　原则二 接近平均水平　　这是什么意思呢?　　就是你申报的家庭收入，好和你所在社区的家庭平均水平相接近，不然怎么叫物以类聚呢?如果明显偏低，也容易引起税务局的稽核。　　5. 收入应该怎样报　　我们建议你这么申报：　　优先申报你的海外资产性收益　　海外资产(比如银行存款，股票基金投资，债权等)性收益申报了，那以后这些海外资产就能合法转入了!　　然后国外工作收入(有的话)　　打工和租金收入如果不报，问题不大，因为税务局目前可能也查不到，但以后你想把这部分钱转进加拿大，可能会有问题，所以还是建议先申报了。　　后国内资产 这就不解释了。　　6. 税务局是这么查税的　　目前加拿大税务局一般不会主动去中国查税，或是要求中国方面提供某人名下的资产情况。只有他们对某个科目有疑问，他们才会要求纳税人提供证据。　　所以，在目前环境下，如果你隐瞒中国的资产或是收入不报，只要你永远不把这些资产转过来，加拿大税务局一般是不会查到的。　　但是，反过来说，如果有一天你想把这笔资产转过来，又被税务局发现了。这个时候怎么办?只要说不清资产来源，那你就惨了，将面临补交税款、罚款和利息。这个数额很可能是巨大的。　　那未来呢，会由变化吗?　　近几年加拿大和中国大陆、香港、澳门都已经同意采用自动交换信息新标准(AUTOMATIC EXCHANGE OF INFORMATION，AEOI)。承诺从2018年开始与其他缔约国进行信息交换。所以，到2018年，加拿大税务局会像美国一样实现全球查税。　　7. 申报时的常见问题　　1)自住房怎么申报?　　自住、或是父母亲友居住的房子，是不用在T1135表上申报的。　　但是不申报，不等于不用纳税。　　加拿大税务局规定：每一对夫妻在全球范围内只有一套自住房的增值税是可以免交的，这套房叫做你的“主要住宅”。　　所以如果你除了这套主要住宅以外，还拥有其他房产，今后在出售那些房产时，增值部分的一半，要纳入当年的收入里面纳税。如果你没有纳税，等卖房子所得的钱转过来时，税务局发现你漏税，你将面临罚款和利息。　　2)资产的成本怎么确定?　　对于新移民来说，你的资产的成本是你登陆那天的市场价值。　　房产，非上市公司股份等要找第三方的评估公司评估。这个评估也可以等你出售资产的时候再进行。　　TIPS　　将登陆时的市场价值评高一点是有好处的，因为这个评估价值越高，今后资产的增值部分就越小，你要交的增值税就越少，但是好在合理的范围内。　　虚构不存在的资产是没有意义的，因为当税务局要求提供那笔资产的来源时，你没有办法提供你虚构的证据。　　3)债权怎么申报?　　你拥有债权的证据绝不是一纸借条那么简单。税务局会要求有正式的借款合同，钱转到你的债务人名下时的转帐记录，债务人向你支付利息的记录，还款计划等等。而且，借债不付利息，在加拿大人看来是不合常规的。　　4)父母赠予怎么申报?　　如果你的父母不是加拿大的税务局民，他们将他们名下的资产赠予你，或是作为遗产留给你，是不会有任何税务上的后果的。　　但是，你在登陆前或刚登陆的时候就将你的大笔资产送给你的父母，然后当你需要钱的时候由他们用赠予的方式将钱转给你是有可能受到税务局的质疑的.　　因为你还是这个资产的实际受益人，你的父母实际上只是为你“代持”该资产。根据“事实重于形式”的原则，你还是需要为该资产所带来的收入在加拿大纳税。　　5)海外隶属公司怎么申报?　　你在中国的海外隶属公司是中国的纳税实体，只要你进行的是积极的生意，无论公司有多少盈利，一般都不用向加拿大税务局交税。　　只有作为股东的你从公司拿到分红，或是作为雇员的你从公司领到工资时，你才需要向加拿大税务局申报收入并纳税。　　所以说，申报海外隶属公司本身并没有税务上的直接后果。　　申报的好处是：你出售公司股份或是资产的钱今后就可以名正言顺的转过来，而且，你作为股东给公司的借款可以免税的转过来。　　如果以前没有申报，可以通过参加税务局的“主动坦白计划”来补报。主动坦白的好处是：晚报的罚款可能会被免除。　　6) 移民时申报的资产和报税时申报的资产可以不一样吗?　　申请移民时向移民局申报的资产与你登陆后向税务局申报的资产有较大的差距是正常的。　　因为：　　这中间有好几年的时间，你的资产发生变化是正常的;　　税务局和移民局一般是各司其职，只要你给税务局申报的资产是当时的真实情况，即使比申请移民时多，税务局也不会追究你。　　不过，一般来说，你在移民时申报过的资产，好在向税务局申报海外资产时也申报。　　', '<p style=\"margin-top: 0px; margin-bottom: 0px; padding: 0px; font-family: 微软雅黑; color: rgb(76, 76, 76); font-size: 14px; white-space: normal; background-color: rgb(255, 255, 255); text-align: center;\">　　<img alt=\"\" src=\"http://www.bifrost.cn/uploads/allimg/170908/3-1FZQA112K6.png\"/>&nbsp;</p><p style=\"margin-top: 0px; margin-bottom: 0px; padding: 0px; font-family: 微软雅黑; color: rgb(76, 76, 76); font-size: 14px; white-space: normal; background-color: rgb(255, 255, 255);\">&nbsp;&nbsp;&nbsp;&nbsp;&nbsp;&nbsp; 近几年来，加拿大政府出台了打击国际逃税的一系列新举措，增加本国税收。在这种环境下，移民加拿大正确申报海外资产和规划今后资产的转入就显得更为重要了。</p><p style=\"margin-top: 0px; margin-bottom: 0px; padding: 0px; font-family: 微软雅黑; color: rgb(76, 76, 76); font-size: 14px; white-space: normal; background-color: rgb(255, 255, 255);\">　　而每一位移民加拿大的朋友—作为税务居民—从长登那天起，你就有义务为你的全球收入向加拿大政府纳税。</p><p style=\"margin-top: 0px; margin-bottom: 0px; padding: 0px; font-family: 微软雅黑; color: rgb(76, 76, 76); font-size: 14px; white-space: normal; background-color: rgb(255, 255, 255);\">　　本指南全面整理了关于海外资产申报和转入布局的要点。</p><p style=\"margin-top: 0px; margin-bottom: 0px; padding: 0px; font-family: 微软雅黑; color: rgb(76, 76, 76); font-size: 14px; white-space: normal; background-color: rgb(255, 255, 255);\">　<strong style=\"margin: 0px; padding: 0px;\">　1. 全球征税</strong></p><p style=\"margin-top: 0px; margin-bottom: 0px; padding: 0px; font-family: 微软雅黑; color: rgb(76, 76, 76); font-size: 14px; white-space: normal; background-color: rgb(255, 255, 255);\">　　税务局要求加拿大的税务居民申报海外资产，这其中主要的目的就是为了避免居民隐瞒海外收入而逃税。</p><p style=\"margin-top: 0px; margin-bottom: 0px; padding: 0px; font-family: 微软雅黑; color: rgb(76, 76, 76); font-size: 14px; white-space: normal; background-color: rgb(255, 255, 255);\">　　而我们新移民必须记牢的一点就是：作为加拿大的税务居民，从长登那天起我们就有义务为自己的全球收入向加拿大政府纳税。</p><p style=\"margin-top: 0px; margin-bottom: 0px; padding: 0px; font-family: 微软雅黑; color: rgb(76, 76, 76); font-size: 14px; white-space: normal; background-color: rgb(255, 255, 255);\">　　<strong style=\"margin: 0px; padding: 0px;\">2. 什么钱可以避税</strong></p><p style=\"margin-top: 0px; margin-bottom: 0px; padding: 0px; font-family: 微软雅黑; color: rgb(76, 76, 76); font-size: 14px; white-space: normal; background-color: rgb(255, 255, 255);\">　　是什么钱，加拿大政府都要征税吗? 当然不是，作为新移民，这三种钱就是可以避税的。</p><p style=\"margin-top: 0px; margin-bottom: 0px; padding: 0px; font-family: 微软雅黑; color: rgb(76, 76, 76); font-size: 14px; white-space: normal; background-color: rgb(255, 255, 255);\">　　1.移民前，就有的钱。</p><p style=\"margin-top: 0px; margin-bottom: 0px; padding: 0px; font-family: 微软雅黑; color: rgb(76, 76, 76); font-size: 14px; white-space: normal; background-color: rgb(255, 255, 255);\">　　2.移民以后挣得，并且已经向加拿大税务局申报过、纳过税的钱。</p><p style=\"margin-top: 0px; margin-bottom: 0px; padding: 0px; font-family: 微软雅黑; color: rgb(76, 76, 76); font-size: 14px; white-space: normal; background-color: rgb(255, 255, 255);\">　　3.父母等人的赠予，例如继承的遗产。</p><p style=\"margin-top: 0px; margin-bottom: 0px; padding: 0px; font-family: 微软雅黑; color: rgb(76, 76, 76); font-size: 14px; white-space: normal; background-color: rgb(255, 255, 255);\">　<strong style=\"margin: 0px; padding: 0px;\">　3. 资产转入的时机</strong></p><p style=\"margin-top: 0px; margin-bottom: 0px; padding: 0px; font-family: 微软雅黑; color: rgb(76, 76, 76); font-size: 14px; white-space: normal; background-color: rgb(255, 255, 255);\">　　常常有新移民会问：什么时候把钱转到加拿大好呢?</p><p style=\"margin-top: 0px; margin-bottom: 0px; padding: 0px; font-family: 微软雅黑; color: rgb(76, 76, 76); font-size: 14px; white-space: normal; background-color: rgb(255, 255, 255);\">　　我们强烈建议: 尽快转入.</p><p style=\"margin-top: 0px; margin-bottom: 0px; padding: 0px; font-family: 微软雅黑; color: rgb(76, 76, 76); font-size: 14px; white-space: normal; background-color: rgb(255, 255, 255);\">　　一般来说，在新移民登陆的前两年，税务局默认你需要转入资金安家置业，所以他们对你的资金监察较为宽松。</p><p style=\"margin-top: 0px; margin-bottom: 0px; padding: 0px; font-family: 微软雅黑; color: rgb(76, 76, 76); font-size: 14px; white-space: normal; background-color: rgb(255, 255, 255);\">　　不过，如果你正确地申报了海外资产和海外收入，并且做好了充分的准备，任何时候你都可以将资产安全地转移到加拿大来。</p><p style=\"margin-top: 0px; margin-bottom: 0px; padding: 0px; font-family: 微软雅黑; color: rgb(76, 76, 76); font-size: 14px; white-space: normal; background-color: rgb(255, 255, 255);\">　<strong style=\"margin: 0px; padding: 0px;\">　4. 收入报多少比较合适</strong></p><p style=\"margin-top: 0px; margin-bottom: 0px; padding: 0px; font-family: 微软雅黑; color: rgb(76, 76, 76); font-size: 14px; white-space: normal; background-color: rgb(255, 255, 255);\">　　当然如实申报，肯定是风险小的，但这样我们肯定也是交税多的。</p><p style=\"margin-top: 0px; margin-bottom: 0px; padding: 0px; font-family: 微软雅黑; color: rgb(76, 76, 76); font-size: 14px; white-space: normal; background-color: rgb(255, 255, 255);\">　　其实这里面也是有几个原则的。</p><p style=\"margin-top: 0px; margin-bottom: 0px; padding: 0px; font-family: 微软雅黑; color: rgb(76, 76, 76); font-size: 14px; white-space: normal; background-color: rgb(255, 255, 255);\">　　原则一 收入大于支出</p><p style=\"margin-top: 0px; margin-bottom: 0px; padding: 0px; font-family: 微软雅黑; color: rgb(76, 76, 76); font-size: 14px; white-space: normal; background-color: rgb(255, 255, 255);\">　　一般来说，你申报的年收入必须满足这个条件。通俗的说就是，在交完税以后，剩下的钱是能够满足家庭生活开销的。“坐吃山空”的做法，当然不合逻辑的，如果长期倒挂，就容易引起税务局的注意。</p><p style=\"margin-top: 0px; margin-bottom: 0px; padding: 0px; font-family: 微软雅黑; color: rgb(76, 76, 76); font-size: 14px; white-space: normal; background-color: rgb(255, 255, 255);\">　　原则二 接近平均水平</p><p style=\"margin-top: 0px; margin-bottom: 0px; padding: 0px; font-family: 微软雅黑; color: rgb(76, 76, 76); font-size: 14px; white-space: normal; background-color: rgb(255, 255, 255);\">　　这是什么意思呢?</p><p style=\"margin-top: 0px; margin-bottom: 0px; padding: 0px; font-family: 微软雅黑; color: rgb(76, 76, 76); font-size: 14px; white-space: normal; background-color: rgb(255, 255, 255);\">　　就是你申报的家庭收入，好和你所在社区的家庭平均水平相接近，不然怎么叫物以类聚呢?如果明显偏低，也容易引起税务局的稽核。</p><p style=\"margin-top: 0px; margin-bottom: 0px; padding: 0px; font-family: 微软雅黑; color: rgb(76, 76, 76); font-size: 14px; white-space: normal; background-color: rgb(255, 255, 255);\">　<strong style=\"margin: 0px; padding: 0px;\">　5. 收入应该怎样报</strong></p><p style=\"margin-top: 0px; margin-bottom: 0px; padding: 0px; font-family: 微软雅黑; color: rgb(76, 76, 76); font-size: 14px; white-space: normal; background-color: rgb(255, 255, 255);\">　　我们建议你这么申报：</p><p style=\"margin-top: 0px; margin-bottom: 0px; padding: 0px; font-family: 微软雅黑; color: rgb(76, 76, 76); font-size: 14px; white-space: normal; background-color: rgb(255, 255, 255);\">　　优先申报你的海外资产性收益</p><p style=\"margin-top: 0px; margin-bottom: 0px; padding: 0px; font-family: 微软雅黑; color: rgb(76, 76, 76); font-size: 14px; white-space: normal; background-color: rgb(255, 255, 255);\">　　海外资产(比如银行存款，股票基金投资，债权等)性收益申报了，那以后这些海外资产就能合法转入了!</p><p style=\"margin-top: 0px; margin-bottom: 0px; padding: 0px; font-family: 微软雅黑; color: rgb(76, 76, 76); font-size: 14px; white-space: normal; background-color: rgb(255, 255, 255);\">　　然后国外工作收入(有的话)</p><p style=\"margin-top: 0px; margin-bottom: 0px; padding: 0px; font-family: 微软雅黑; color: rgb(76, 76, 76); font-size: 14px; white-space: normal; background-color: rgb(255, 255, 255);\">　　打工和租金收入如果不报，问题不大，因为税务局目前可能也查不到，但以后你想把这部分钱转进加拿大，可能会有问题，所以还是建议先申报了。</p><p style=\"margin-top: 0px; margin-bottom: 0px; padding: 0px; font-family: 微软雅黑; color: rgb(76, 76, 76); font-size: 14px; white-space: normal; background-color: rgb(255, 255, 255);\">　　后国内资产 这就不解释了。</p><p style=\"margin-top: 0px; margin-bottom: 0px; padding: 0px; font-family: 微软雅黑; color: rgb(76, 76, 76); font-size: 14px; white-space: normal; background-color: rgb(255, 255, 255);\">　<strong style=\"margin: 0px; padding: 0px;\">　6. 税务局是这么查税的</strong></p><p style=\"margin-top: 0px; margin-bottom: 0px; padding: 0px; font-family: 微软雅黑; color: rgb(76, 76, 76); font-size: 14px; white-space: normal; background-color: rgb(255, 255, 255);\">　　目前加拿大税务局一般不会主动去中国查税，或是要求中国方面提供某人名下的资产情况。只有他们对某个科目有疑问，他们才会要求纳税人提供证据。</p><p style=\"margin-top: 0px; margin-bottom: 0px; padding: 0px; font-family: 微软雅黑; color: rgb(76, 76, 76); font-size: 14px; white-space: normal; background-color: rgb(255, 255, 255);\">　　所以，在目前环境下，如果你隐瞒中国的资产或是收入不报，只要你永远不把这些资产转过来，加拿大税务局一般是不会查到的。</p><p style=\"margin-top: 0px; margin-bottom: 0px; padding: 0px; font-family: 微软雅黑; color: rgb(76, 76, 76); font-size: 14px; white-space: normal; background-color: rgb(255, 255, 255);\">　　但是，反过来说，如果有一天你想把这笔资产转过来，又被税务局发现了。这个时候怎么办?只要说不清资产来源，那你就惨了，将面临补交税款、罚款和利息。这个数额很可能是巨大的。</p><p style=\"margin-top: 0px; margin-bottom: 0px; padding: 0px; font-family: 微软雅黑; color: rgb(76, 76, 76); font-size: 14px; white-space: normal; background-color: rgb(255, 255, 255);\">　　那未来呢，会由变化吗?</p><p style=\"margin-top: 0px; margin-bottom: 0px; padding: 0px; font-family: 微软雅黑; color: rgb(76, 76, 76); font-size: 14px; white-space: normal; background-color: rgb(255, 255, 255);\">　　近几年加拿大和中国大陆、香港、澳门都已经同意采用自动交换信息新标准(AUTOMATIC EXCHANGE OF INFORMATION，AEOI)。承诺从2018年开始与其他缔约国进行信息交换。所以，到2018年，加拿大税务局会像美国一样实现全球查税。</p><p style=\"margin-top: 0px; margin-bottom: 0px; padding: 0px; font-family: 微软雅黑; color: rgb(76, 76, 76); font-size: 14px; white-space: normal; background-color: rgb(255, 255, 255);\">　<strong style=\"margin: 0px; padding: 0px;\">　7. 申报时的常见问题</strong></p><p style=\"margin-top: 0px; margin-bottom: 0px; padding: 0px; font-family: 微软雅黑; color: rgb(76, 76, 76); font-size: 14px; white-space: normal; background-color: rgb(255, 255, 255);\">　　1)自住房怎么申报?</p><p style=\"margin-top: 0px; margin-bottom: 0px; padding: 0px; font-family: 微软雅黑; color: rgb(76, 76, 76); font-size: 14px; white-space: normal; background-color: rgb(255, 255, 255);\">　　自住、或是父母亲友居住的房子，是不用在T1135表上申报的。</p><p style=\"margin-top: 0px; margin-bottom: 0px; padding: 0px; font-family: 微软雅黑; color: rgb(76, 76, 76); font-size: 14px; white-space: normal; background-color: rgb(255, 255, 255);\">　　但是不申报，不等于不用纳税。</p><p style=\"margin-top: 0px; margin-bottom: 0px; padding: 0px; font-family: 微软雅黑; color: rgb(76, 76, 76); font-size: 14px; white-space: normal; background-color: rgb(255, 255, 255);\">　　加拿大税务局规定：每一对夫妻在全球范围内只有一套自住房的增值税是可以免交的，这套房叫做你的“主要住宅”。</p><p style=\"margin-top: 0px; margin-bottom: 0px; padding: 0px; font-family: 微软雅黑; color: rgb(76, 76, 76); font-size: 14px; white-space: normal; background-color: rgb(255, 255, 255);\">　　所以如果你除了这套主要住宅以外，还拥有其他房产，今后在出售那些房产时，增值部分的一半，要纳入当年的收入里面纳税。如果你没有纳税，等卖房子所得的钱转过来时，税务局发现你漏税，你将面临罚款和利息。</p><p style=\"margin-top: 0px; margin-bottom: 0px; padding: 0px; font-family: 微软雅黑; color: rgb(76, 76, 76); font-size: 14px; white-space: normal; background-color: rgb(255, 255, 255);\">　　2)资产的成本怎么确定?</p><p style=\"margin-top: 0px; margin-bottom: 0px; padding: 0px; font-family: 微软雅黑; color: rgb(76, 76, 76); font-size: 14px; white-space: normal; background-color: rgb(255, 255, 255);\">　　对于新移民来说，你的资产的成本是你登陆那天的市场价值。</p><p style=\"margin-top: 0px; margin-bottom: 0px; padding: 0px; font-family: 微软雅黑; color: rgb(76, 76, 76); font-size: 14px; white-space: normal; background-color: rgb(255, 255, 255);\">　　房产，非上市公司股份等要找第三方的评估公司评估。这个评估也可以等你出售资产的时候再进行。</p><p style=\"margin-top: 0px; margin-bottom: 0px; padding: 0px; font-family: 微软雅黑; color: rgb(76, 76, 76); font-size: 14px; white-space: normal; background-color: rgb(255, 255, 255);\">　　TIPS</p><p style=\"margin-top: 0px; margin-bottom: 0px; padding: 0px; font-family: 微软雅黑; color: rgb(76, 76, 76); font-size: 14px; white-space: normal; background-color: rgb(255, 255, 255);\">　　将登陆时的市场价值评高一点是有好处的，因为这个评估价值越高，今后资产的增值部分就越小，你要交的增值税就越少，但是好在合理的范围内。</p><p style=\"margin-top: 0px; margin-bottom: 0px; padding: 0px; font-family: 微软雅黑; color: rgb(76, 76, 76); font-size: 14px; white-space: normal; background-color: rgb(255, 255, 255);\">　　虚构不存在的资产是没有意义的，因为当税务局要求提供那笔资产的来源时，你没有办法提供你虚构的证据。</p><p style=\"margin-top: 0px; margin-bottom: 0px; padding: 0px; font-family: 微软雅黑; color: rgb(76, 76, 76); font-size: 14px; white-space: normal; background-color: rgb(255, 255, 255);\">　　3)债权怎么申报?</p><p style=\"margin-top: 0px; margin-bottom: 0px; padding: 0px; font-family: 微软雅黑; color: rgb(76, 76, 76); font-size: 14px; white-space: normal; background-color: rgb(255, 255, 255);\">　　你拥有债权的证据绝不是一纸借条那么简单。税务局会要求有正式的借款合同，钱转到你的债务人名下时的转帐记录，债务人向你支付利息的记录，还款计划等等。而且，借债不付利息，在加拿大人看来是不合常规的。</p><p style=\"margin-top: 0px; margin-bottom: 0px; padding: 0px; font-family: 微软雅黑; color: rgb(76, 76, 76); font-size: 14px; white-space: normal; background-color: rgb(255, 255, 255);\">　　4)父母赠予怎么申报?</p><p style=\"margin-top: 0px; margin-bottom: 0px; padding: 0px; font-family: 微软雅黑; color: rgb(76, 76, 76); font-size: 14px; white-space: normal; background-color: rgb(255, 255, 255);\">　　如果你的父母不是加拿大的税务局民，他们将他们名下的资产赠予你，或是作为遗产留给你，是不会有任何税务上的后果的。</p><p style=\"margin-top: 0px; margin-bottom: 0px; padding: 0px; font-family: 微软雅黑; color: rgb(76, 76, 76); font-size: 14px; white-space: normal; background-color: rgb(255, 255, 255);\">　　但是，你在登陆前或刚登陆的时候就将你的大笔资产送给你的父母，然后当你需要钱的时候由他们用赠予的方式将钱转给你是有可能受到税务局的质疑的.</p><p style=\"margin-top: 0px; margin-bottom: 0px; padding: 0px; font-family: 微软雅黑; color: rgb(76, 76, 76); font-size: 14px; white-space: normal; background-color: rgb(255, 255, 255);\">　　因为你还是这个资产的实际受益人，你的父母实际上只是为你“代持”该资产。根据“事实重于形式”的原则，你还是需要为该资产所带来的收入在加拿大纳税。</p><p style=\"margin-top: 0px; margin-bottom: 0px; padding: 0px; font-family: 微软雅黑; color: rgb(76, 76, 76); font-size: 14px; white-space: normal; background-color: rgb(255, 255, 255);\">　　5)海外隶属公司怎么申报?</p><p style=\"margin-top: 0px; margin-bottom: 0px; padding: 0px; font-family: 微软雅黑; color: rgb(76, 76, 76); font-size: 14px; white-space: normal; background-color: rgb(255, 255, 255);\">　　你在中国的海外隶属公司是中国的纳税实体，只要你进行的是积极的生意，无论公司有多少盈利，一般都不用向加拿大税务局交税。</p><p style=\"margin-top: 0px; margin-bottom: 0px; padding: 0px; font-family: 微软雅黑; color: rgb(76, 76, 76); font-size: 14px; white-space: normal; background-color: rgb(255, 255, 255);\">　　只有作为股东的你从公司拿到分红，或是作为雇员的你从公司领到工资时，你才需要向加拿大税务局申报收入并纳税。</p><p style=\"margin-top: 0px; margin-bottom: 0px; padding: 0px; font-family: 微软雅黑; color: rgb(76, 76, 76); font-size: 14px; white-space: normal; background-color: rgb(255, 255, 255);\">　　所以说，申报海外隶属公司本身并没有税务上的直接后果。</p><p style=\"margin-top: 0px; margin-bottom: 0px; padding: 0px; font-family: 微软雅黑; color: rgb(76, 76, 76); font-size: 14px; white-space: normal; background-color: rgb(255, 255, 255);\">　　申报的好处是：你出售公司股份或是资产的钱今后就可以名正言顺的转过来，而且，你作为股东给公司的借款可以免税的转过来。</p><p style=\"margin-top: 0px; margin-bottom: 0px; padding: 0px; font-family: 微软雅黑; color: rgb(76, 76, 76); font-size: 14px; white-space: normal; background-color: rgb(255, 255, 255);\">　　如果以前没有申报，可以通过参加税务局的“主动坦白计划”来补报。主动坦白的好处是：晚报的罚款可能会被免除。</p><p style=\"margin-top: 0px; margin-bottom: 0px; padding: 0px; font-family: 微软雅黑; color: rgb(76, 76, 76); font-size: 14px; white-space: normal; background-color: rgb(255, 255, 255);\">　　6) 移民时申报的资产和报税时申报的资产可以不一样吗?</p><p style=\"margin-top: 0px; margin-bottom: 0px; padding: 0px; font-family: 微软雅黑; color: rgb(76, 76, 76); font-size: 14px; white-space: normal; background-color: rgb(255, 255, 255);\">　　申请移民时向移民局申报的资产与你登陆后向税务局申报的资产有较大的差距是正常的。</p><p style=\"margin-top: 0px; margin-bottom: 0px; padding: 0px; font-family: 微软雅黑; color: rgb(76, 76, 76); font-size: 14px; white-space: normal; background-color: rgb(255, 255, 255);\">　　因为：</p><p style=\"margin-top: 0px; margin-bottom: 0px; padding: 0px; font-family: 微软雅黑; color: rgb(76, 76, 76); font-size: 14px; white-space: normal; background-color: rgb(255, 255, 255);\">　　这中间有好几年的时间，你的资产发生变化是正常的;</p><p style=\"margin-top: 0px; margin-bottom: 0px; padding: 0px; font-family: 微软雅黑; color: rgb(76, 76, 76); font-size: 14px; white-space: normal; background-color: rgb(255, 255, 255);\">　　税务局和移民局一般是各司其职，只要你给税务局申报的资产是当时的真实情况，即使比申请移民时多，税务局也不会追究你。</p><p style=\"margin-top: 0px; margin-bottom: 0px; padding: 0px; font-family: 微软雅黑; color: rgb(76, 76, 76); font-size: 14px; white-space: normal; background-color: rgb(255, 255, 255);\">　　不过，一般来说，你在移民时申报过的资产，好在向税务局申报海外资产时也申报。</p><p style=\"margin-top: 0px; margin-bottom: 0px; padding: 0px; font-family: 微软雅黑; color: rgb(76, 76, 76); font-size: 14px; white-space: normal; background-color: rgb(255, 255, 255);\">　　</p>', 'http://www.bifrost.cn/uploads/allimg/170908/3-1FZQA112K6.png', '2018-12-22 21:06:30');
INSERT INTO `campaign` VALUES ('4', '计划移民？ 盘点各国入籍政策你需要了解一下', '海外邦', '根据《世界移民报告2018》显示，国际移民数量大幅上升，大多数移民生活在高收入国家。到2015年，全球国际移民人数达2.44亿，占世界总人口3.3%。截至2015年，欧洲和亚洲为世界接收移民数量最多的两个大洲，接收的移民数量占全球移民总人数的62%。美国是最大的移民目的国，在2015年达到4600万移民。而印度则是世界最大的移民输出国，输出了超过1500万移民。　　如今世界上越来越多的人开始筹备移民，入籍成为其中最为核心的关卡。不管是技术移民还是投资移民，最终都要面对入籍这一关，不管是想入籍的新移民还是老移民，都得了解移民目的国最基本的移民入籍条件。小编为此整理了几个热门移民国家在2018年出台的相关入籍政策供你参考，接着往下看，入籍政策不错过！　　澳大利亚：入籍政策将越来越难　　2017年的澳洲入籍新法案，如同过山车一般，在澳最短居住年限延长？入籍考试更难？最终澳大利亚入籍法案还是维持了现状。正当所有PR持有人以为可以松一口气的时候，2018年年初一份新的入籍法案再次悄悄递交议会，且这次提案更严格。　　在新的提案中PR入籍最短居住时间由四年翻至八年，且八年期间离澳时间不得超过十二个月。此外澳洲政府一直倾向认为良好的英语能力可以更好地融入澳洲社，因此2018有提案提出四个六分的英语测试要求。如果在递交材料中发现虚假或是涉及虚假的材料，将被直接取消入籍资格。　　2018年下半年，澳洲入籍程序又或有新变化，为防止多次参加考试，靠死记硬背蒙混过关，澳联邦内阁已在起草新法案，以堵住该入籍测试的漏洞。无论这些澳大利亚入籍新提案能否顺利通过，但入籍政策将会越来越难这是必然的。有打算入籍的PR最好尽快递交申请。　　加拿大：百万移民计划福利政策多　　去年，加拿大提出了“百万移民计划”，并在随后推出一系列福利式的政策改变，比如在新一年里重开父母团聚类移民，而福利覆盖年龄也扩散到未成年人群体。具体福利政策可看下表。　　费用直降430加元　　加拿大未成年永久居民自行申请入籍费用直降430加元，为了鼓励在加拿大的未成年人积极融入这个国家，加拿大移民局将该群体的移民申请费用从530加元降至100加元。　　取消年龄限制　　在今年6月份最新出台的立法修正案中，取消了加拿大入籍申请必须满足18岁的要求。在加拿大生活的外籍未成年人，可自己申请公民资格。　　无身份限制　　加拿大鼓励所有移民，包括18岁以下的移民加入加拿大，并获得公民身份。且目前来看此轮福利并不限定未成年人的父母是否为加拿大人，也不管父母是否随同一起入籍。　　不仅针对未成年人入籍有如上的福利条件，移民加拿大的条件也随之放宽。加拿大的入籍要求从6年住满4年改为5年住满三年即可申请入籍。且加拿大沿用了40年的体检规则第一次做出修改，放宽了部分政策限制，75%本因医疗规定被拒移民将会因此受益。　　美国：在美入籍规划道阻且长　　说到移民入籍政策，作为一直以来的热门移民国家，美国可是不得不提。移民想要在美国入籍归化，真是道阻且长。2016年入籍归化申请的处理时间还只需要5个月，而特朗普刚上任不满一年，申请处理时间就翻倍达到9个月之多。且申请美国入籍归化不是一件容易事，支付725美元的入籍费用只是第一步。申请人之后必须经过刑事和安全背景检查，然后必须通过英文口试和笔试（老年人除外），而考试内容有关美国法律和文化，即便是本地出生的美国人也未见能考及格。　　葡萄牙：计划更宽松入籍法案　　葡萄牙议会讨论更宽松的入籍法案，对于出生葡萄牙的外籍入学儿童，社会党提案建议将父母任意一方的葡萄牙居住时长要求从5年降至2年；同时建议对计划申请入籍的外籍人士的最低居住时长从6年减至5年。　　除缩短居住时长外，该法案还提出“若申请入籍人士来自葡语国家，则默认其语言能力达到入籍要求”。就在17年9月，葡萄牙的现任德索萨总统公布了刚获得批准的这一法规。　　瑞士：加入瑞士国籍门槛提高　　从2018年1月1日起。瑞士提高了入籍门槛。以前拥有瑞士B类居留证（长期居留证）或者暂时居留证F的外国人，如果满足其他条件，就可以申请加入瑞士籍。但2018年1月1日起，只有持永久居留证C的人才有申请入籍的资格。除此之外，对申请者是否接受社会福利补助或是否有过犯罪记录也都加强了审核。入籍新条例还将入籍所需在瑞士至少生活的年限从12年改为10年，但是必须证明能熟练掌握瑞士一门官方语言，并在同一个州生活过一整段时间。　　除入籍门槛提高以外，加入瑞士国籍的手续也愈渐标准化。想入籍瑞士的人必须通过考试，而且必须要在递交申请之前通过考试，如果一次考试没通过，几个月以后还可以参加补考，但考题会更换且每次补考都要交300瑞郎的补考费。　　最后哪怕你通过了入籍考试但也还不能开始申请入籍。从2014年以来，在伯尔尼州，申请入籍之前还必须要提供德语或法语语言水平的证明。且瑞士各州有权提出更高的语言水平要求。　　世上没有白走的路，每一步都算数。选择护照签证还是永居移民，还是需要考虑清楚，视自己的情况和需求决定。', '<p style=\"margin-top: 0px; margin-bottom: 30px; padding: 0px; font-family: &quot;Hiragino Sans GB&quot;, &quot;Microsoft Yahei&quot;, 微软雅黑, Simsun, 宋体, Arial; font-size: 18px; letter-spacing: 1px; white-space: normal;\">根据《世界移民报告2018》显示，国际移民数量大幅上升，大多数移民生活在高收入国家。到2015年，全球国际移民人数达2.44亿，占世界总人口3.3%。截至2015年，欧洲和亚洲为世界接收移民数量最多的两个大洲，接收的移民数量占全球移民总人数的62%。美国是最大的移民目的国，在2015年达到4600万移民。而印度则是世界最大的移民输出国，输出了超过1500万移民。</p><p style=\"margin-top: 0px; margin-bottom: 30px; padding: 0px; font-family: &quot;Hiragino Sans GB&quot;, &quot;Microsoft Yahei&quot;, 微软雅黑, Simsun, 宋体, Arial; font-size: 18px; letter-spacing: 1px; white-space: normal;\">　　如今世界上越来越多的人开始筹备移民，入籍成为其中最为核心的关卡。不管是技术移民还是投资移民，最终都要面对入籍这一关，不管是想入籍的新移民还是老移民，都得了解移民目的国最基本的移民入籍条件。小编为此整理了几个热门移民国家在2018年出台的相关入籍政策供你参考，接着往下看，入籍政策不错过！</p><p style=\"margin-top: 0px; margin-bottom: 30px; padding: 0px; font-family: &quot;Hiragino Sans GB&quot;, &quot;Microsoft Yahei&quot;, 微软雅黑, Simsun, 宋体, Arial; font-size: 18px; letter-spacing: 1px; white-space: normal;\">　　<strong>澳大利亚：入籍政策将越来越难</strong></p><p style=\"margin-top: 0px; margin-bottom: 30px; padding: 0px; font-family: &quot;Hiragino Sans GB&quot;, &quot;Microsoft Yahei&quot;, 微软雅黑, Simsun, 宋体, Arial; font-size: 18px; letter-spacing: 1px; white-space: normal;\">　　2017年的澳洲入籍新法案，如同过山车一般，在澳最短居住年限延长？入籍考试更难？最终澳大利亚入籍法案还是维持了现状。正当所有PR持有人以为可以松一口气的时候，2018年年初一份新的入籍法案再次悄悄递交议会，且这次提案更严格。</p><p style=\"text-align: center;\"><img src=\"http://n.sinaimg.cn/edu/transform/228/w550h478/20180921/fnui-hiixpup3407161.jpg\" alt=\"\"/><span class=\"img_descr\" style=\"line-height: 20px; padding: 6px 0px; font-size: 16px; margin: 5px auto; display: inline-block; zoom: 1; text-align: left; font-weight: 700;\"></span></p><p style=\"margin-top: 0px; margin-bottom: 30px; padding: 0px; font-family: &quot;Hiragino Sans GB&quot;, &quot;Microsoft Yahei&quot;, 微软雅黑, Simsun, 宋体, Arial; font-size: 18px; letter-spacing: 1px; white-space: normal;\">　　在新的提案中PR入籍最短居住时间由四年翻至八年，且八年期间离澳时间不得超过十二个月。此外澳洲政府一直倾向认为良好的英语能力可以更好地融入澳洲社，因此2018有提案提出四个六分的英语测试要求。如果在递交材料中发现虚假或是涉及虚假的材料，将被直接取消入籍资格。</p><p style=\"margin-top: 0px; margin-bottom: 30px; padding: 0px; font-family: &quot;Hiragino Sans GB&quot;, &quot;Microsoft Yahei&quot;, 微软雅黑, Simsun, 宋体, Arial; font-size: 18px; letter-spacing: 1px; white-space: normal;\">　　2018年下半年，澳洲入籍程序又或有新变化，为防止多次参加考试，靠死记硬背蒙混过关，澳联邦内阁已在起草新法案，以堵住该入籍测试的漏洞。无论这些澳大利亚入籍新提案能否顺利通过，但入籍政策将会越来越难这是必然的。有打算入籍的PR最好尽快递交申请。</p><p style=\"text-align: center;\"><img src=\"http://n.sinaimg.cn/edu/transform/59/w550h309/20180921/5aSf-hkhfqnt4171465.jpg\" alt=\"\"/><span class=\"img_descr\" style=\"line-height: 20px; padding: 6px 0px; font-size: 16px; margin: 5px auto; display: inline-block; zoom: 1; text-align: left; font-weight: 700;\"></span></p><p style=\"margin-top: 0px; margin-bottom: 30px; padding: 0px; font-family: &quot;Hiragino Sans GB&quot;, &quot;Microsoft Yahei&quot;, 微软雅黑, Simsun, 宋体, Arial; font-size: 18px; letter-spacing: 1px; white-space: normal;\">　　<strong>加拿大：百万移民计划福利政策多</strong></p><p style=\"margin-top: 0px; margin-bottom: 30px; padding: 0px; font-family: &quot;Hiragino Sans GB&quot;, &quot;Microsoft Yahei&quot;, 微软雅黑, Simsun, 宋体, Arial; font-size: 18px; letter-spacing: 1px; white-space: normal;\">　　去年，加拿大提出了“百万移民计划”，并在随后推出一系列福利式的政策改变，比如在新一年里重开父母团聚类移民，而福利覆盖年龄也扩散到未成年人群体。具体福利政策可看下表。</p><p style=\"text-align: center;\"><img src=\"http://n.sinaimg.cn/edu/transform/w550h578/20180223/uEv_-fyrswmv2784450.jpg\" alt=\"\"/><span class=\"img_descr\" style=\"line-height: 20px; padding: 6px 0px; font-size: 16px; margin: 5px auto; display: inline-block; zoom: 1; text-align: left; font-weight: 700;\"></span></p><p style=\"margin-top: 0px; margin-bottom: 30px; padding: 0px; font-family: &quot;Hiragino Sans GB&quot;, &quot;Microsoft Yahei&quot;, 微软雅黑, Simsun, 宋体, Arial; font-size: 18px; letter-spacing: 1px; white-space: normal;\">　　费用直降430加元</p><p style=\"margin-top: 0px; margin-bottom: 30px; padding: 0px; font-family: &quot;Hiragino Sans GB&quot;, &quot;Microsoft Yahei&quot;, 微软雅黑, Simsun, 宋体, Arial; font-size: 18px; letter-spacing: 1px; white-space: normal;\">　　加拿大未成年永久居民自行申请入籍费用直降430加元，为了鼓励在加拿大的未成年人积极融入这个国家，加拿大移民局将该群体的移民申请费用从530加元降至100加元。</p><p style=\"margin-top: 0px; margin-bottom: 30px; padding: 0px; font-family: &quot;Hiragino Sans GB&quot;, &quot;Microsoft Yahei&quot;, 微软雅黑, Simsun, 宋体, Arial; font-size: 18px; letter-spacing: 1px; white-space: normal;\">　　取消年龄限制</p><p style=\"margin-top: 0px; margin-bottom: 30px; padding: 0px; font-family: &quot;Hiragino Sans GB&quot;, &quot;Microsoft Yahei&quot;, 微软雅黑, Simsun, 宋体, Arial; font-size: 18px; letter-spacing: 1px; white-space: normal;\">　　在今年6月份最新出台的立法修正案中，取消了加拿大入籍申请必须满足18岁的要求。在加拿大生活的外籍未成年人，可自己申请公民资格。</p><p style=\"margin-top: 0px; margin-bottom: 30px; padding: 0px; font-family: &quot;Hiragino Sans GB&quot;, &quot;Microsoft Yahei&quot;, 微软雅黑, Simsun, 宋体, Arial; font-size: 18px; letter-spacing: 1px; white-space: normal;\">　　无身份限制</p><p style=\"margin-top: 0px; margin-bottom: 30px; padding: 0px; font-family: &quot;Hiragino Sans GB&quot;, &quot;Microsoft Yahei&quot;, 微软雅黑, Simsun, 宋体, Arial; font-size: 18px; letter-spacing: 1px; white-space: normal;\">　　加拿大鼓励所有移民，包括18岁以下的移民加入加拿大，并获得公民身份。且目前来看此轮福利并不限定未成年人的父母是否为加拿大人，也不管父母是否随同一起入籍。</p><p style=\"margin-top: 0px; margin-bottom: 30px; padding: 0px; font-family: &quot;Hiragino Sans GB&quot;, &quot;Microsoft Yahei&quot;, 微软雅黑, Simsun, 宋体, Arial; font-size: 18px; letter-spacing: 1px; white-space: normal;\">　　不仅针对未成年人入籍有如上的福利条件，移民加拿大的条件也随之放宽。加拿大的入籍要求从6年住满4年改为5年住满三年即可申请入籍。且加拿大沿用了40年的体检规则第一次做出修改，放宽了部分政策限制，75%本因医疗规定被拒移民将会因此受益。</p><p style=\"text-align: center;\"><img src=\"http://n.sinaimg.cn/edu/transform/58/w550h308/20180921/2jyA-hiixpup3410557.jpg\" alt=\"\"/><span class=\"img_descr\" style=\"line-height: 20px; padding: 6px 0px; font-size: 16px; margin: 5px auto; display: inline-block; zoom: 1; text-align: left; font-weight: 700;\"></span></p><p style=\"margin-top: 0px; margin-bottom: 30px; padding: 0px; font-family: &quot;Hiragino Sans GB&quot;, &quot;Microsoft Yahei&quot;, 微软雅黑, Simsun, 宋体, Arial; font-size: 18px; letter-spacing: 1px; white-space: normal;\">　　<strong>美国：在美入籍规划道阻且长</strong></p><p style=\"margin-top: 0px; margin-bottom: 30px; padding: 0px; font-family: &quot;Hiragino Sans GB&quot;, &quot;Microsoft Yahei&quot;, 微软雅黑, Simsun, 宋体, Arial; font-size: 18px; letter-spacing: 1px; white-space: normal;\">　　说到移民入籍政策，作为一直以来的热门移民国家，美国可是不得不提。移民想要在美国入籍归化，真是道阻且长。2016年入籍归化申请的处理时间还只需要5个月，而特朗普刚上任不满一年，申请处理时间就翻倍达到9个月之多。且申请美国入籍归化不是一件容易事，支付725美元的入籍费用只是第一步。申请人之后必须经过刑事和安全背景检查，然后必须通过英文口试和笔试（老年人除外），而考试内容有关美国法律和文化，即便是本地出生的美国人也未见能考及格。</p><p style=\"text-align: center;\"><img src=\"http://n.sinaimg.cn/edu/transform/59/w550h309/20180921/pldf-hiixpup3411831.jpg\" alt=\"\"/><span class=\"img_descr\" style=\"line-height: 20px; padding: 6px 0px; font-size: 16px; margin: 5px auto; display: inline-block; zoom: 1; text-align: left; font-weight: 700;\"></span></p><p style=\"margin-top: 0px; margin-bottom: 30px; padding: 0px; font-family: &quot;Hiragino Sans GB&quot;, &quot;Microsoft Yahei&quot;, 微软雅黑, Simsun, 宋体, Arial; font-size: 18px; letter-spacing: 1px; white-space: normal;\">　　<strong>葡萄牙：计划更宽松入籍法案</strong></p><p style=\"margin-top: 0px; margin-bottom: 30px; padding: 0px; font-family: &quot;Hiragino Sans GB&quot;, &quot;Microsoft Yahei&quot;, 微软雅黑, Simsun, 宋体, Arial; font-size: 18px; letter-spacing: 1px; white-space: normal;\">　　葡萄牙议会讨论更宽松的入籍法案，对于出生葡萄牙的外籍入学儿童，社会党提案建议将父母任意一方的葡萄牙居住时长要求从5年降至2年；同时建议对计划申请入籍的外籍人士的最低居住时长从6年减至5年。</p><p style=\"margin-top: 0px; margin-bottom: 30px; padding: 0px; font-family: &quot;Hiragino Sans GB&quot;, &quot;Microsoft Yahei&quot;, 微软雅黑, Simsun, 宋体, Arial; font-size: 18px; letter-spacing: 1px; white-space: normal;\">　　除缩短居住时长外，该法案还提出“若申请入籍人士来自葡语国家，则默认其语言能力达到入籍要求”。就在17年9月，葡萄牙的现任德索萨总统公布了刚获得批准的这一法规。</p><p style=\"text-align: center;\"><img src=\"http://n.sinaimg.cn/edu/transform/59/w550h309/20180921/7hGm-hiixpup3412726.jpg\" alt=\"\"/><span class=\"img_descr\" style=\"line-height: 20px; padding: 6px 0px; font-size: 16px; margin: 5px auto; display: inline-block; zoom: 1; text-align: left; font-weight: 700;\"></span></p><p style=\"margin-top: 0px; margin-bottom: 30px; padding: 0px; font-family: &quot;Hiragino Sans GB&quot;, &quot;Microsoft Yahei&quot;, 微软雅黑, Simsun, 宋体, Arial; font-size: 18px; letter-spacing: 1px; white-space: normal;\">　　<strong>瑞士：加入瑞士国籍门槛提高</strong></p><p style=\"margin-top: 0px; margin-bottom: 30px; padding: 0px; font-family: &quot;Hiragino Sans GB&quot;, &quot;Microsoft Yahei&quot;, 微软雅黑, Simsun, 宋体, Arial; font-size: 18px; letter-spacing: 1px; white-space: normal;\">　　从2018年1月1日起。瑞士提高了入籍门槛。以前拥有瑞士B类居留证（长期居留证）或者暂时居留证F的外国人，如果满足其他条件，就可以申请加入瑞士籍。但2018年1月1日起，只有持永久居留证C的人才有申请入籍的资格。除此之外，对申请者是否接受社会福利补助或是否有过犯罪记录也都加强了审核。入籍新条例还将入籍所需在瑞士至少生活的年限从12年改为10年，但是必须证明能熟练掌握瑞士一门官方语言，并在同一个州生活过一整段时间。</p><p style=\"margin-top: 0px; margin-bottom: 30px; padding: 0px; font-family: &quot;Hiragino Sans GB&quot;, &quot;Microsoft Yahei&quot;, 微软雅黑, Simsun, 宋体, Arial; font-size: 18px; letter-spacing: 1px; white-space: normal;\">　　除入籍门槛提高以外，加入瑞士国籍的手续也愈渐标准化。想入籍瑞士的人必须通过考试，而且必须要在递交申请之前通过考试，如果一次考试没通过，几个月以后还可以参加补考，但考题会更换且每次补考都要交300瑞郎的补考费。</p><p style=\"margin-top: 0px; margin-bottom: 30px; padding: 0px; font-family: &quot;Hiragino Sans GB&quot;, &quot;Microsoft Yahei&quot;, 微软雅黑, Simsun, 宋体, Arial; font-size: 18px; letter-spacing: 1px; white-space: normal;\">　　最后哪怕你通过了入籍考试但也还不能开始申请入籍。从2014年以来，在伯尔尼州，申请入籍之前还必须要提供德语或法语语言水平的证明。且瑞士各州有权提出更高的语言水平要求。</p><p style=\"text-align: center;\"><img src=\"http://n.sinaimg.cn/edu/transform/59/w550h309/20180921/s4IK-hhuhism5071021.jpg\" alt=\"\"/><span class=\"img_descr\" style=\"line-height: 20px; padding: 6px 0px; font-size: 16px; margin: 5px auto; display: inline-block; zoom: 1; text-align: left; font-weight: 700;\"></span></p><br/><p style=\"margin-top: 0px; margin-bottom: 30px; padding: 0px; font-family: &quot;Hiragino Sans GB&quot;, &quot;Microsoft Yahei&quot;, 微软雅黑, Simsun, 宋体, Arial; font-size: 18px; letter-spacing: 1px; white-space: normal;\">　　世上没有白走的路，每一步都算数。选择护照签证还是永居移民，还是需要考虑清楚，视自己的情况和需求决定。</p><p><br/></p>', 'http://n.sinaimg.cn/edu/transform/228/w550h478/20180921/fnui-hiixpup3407161.jpg', '2018-12-23 11:13:50');

-- ----------------------------
-- Table structure for `country`
-- ----------------------------
DROP TABLE IF EXISTS `country`;
CREATE TABLE `country` (
  `id` int(11) NOT NULL AUTO_INCREMENT,
  `name` varchar(256) COLLATE utf8mb4_unicode_ci DEFAULT NULL,
  `name_zh` varchar(256) COLLATE utf8mb4_unicode_ci DEFAULT NULL,
  `continent_id` int(11) DEFAULT NULL,
  `continent_name` varchar(256) COLLATE utf8mb4_unicode_ci DEFAULT NULL,
  `detail` varchar(2048) COLLATE utf8mb4_unicode_ci DEFAULT NULL,
  PRIMARY KEY (`id`)
) ENGINE=InnoDB AUTO_INCREMENT=20 DEFAULT CHARSET=utf8mb4 COLLATE=utf8mb4_unicode_ci;

-- ----------------------------
-- Records of country
-- ----------------------------
INSERT INTO `country` VALUES ('1', 'america', '美国', '1', '美洲', null);
INSERT INTO `country` VALUES ('2', 'canada', '加拿大', '1', '美洲', null);
INSERT INTO `country` VALUES ('3', 'saintkitts', '圣基茨和尼维斯', '1', '美洲', null);
INSERT INTO `country` VALUES ('4', 'dominic', '多米尼克', '1', '美洲', null);
INSERT INTO `country` VALUES ('5', 'england', '英国', '2', '欧洲', null);
INSERT INTO `country` VALUES ('6', 'spain', '西班牙', '2', '欧洲', null);
INSERT INTO `country` VALUES ('7', 'greece', '希腊', '2', '欧洲', null);
INSERT INTO `country` VALUES ('8', 'netherlands', '荷兰', '2', '欧洲', null);
INSERT INTO `country` VALUES ('9', 'malta', '马耳他', '2', '欧洲', null);
INSERT INTO `country` VALUES ('10', 'italy', '意大利', '2', '欧洲', null);
INSERT INTO `country` VALUES ('11', 'portugal', '葡萄牙', '2', '欧洲', null);
INSERT INTO `country` VALUES ('12', 'germany', '德国', '2', '欧洲', null);
INSERT INTO `country` VALUES ('13', 'ireland', '爱尔兰', '2', '欧洲', null);
INSERT INTO `country` VALUES ('14', 'cyprus', '塞浦路斯', '2', '欧洲', null);
INSERT INTO `country` VALUES ('15', 'australia', '澳大利亚', '3', '大洋洲', null);
INSERT INTO `country` VALUES ('16', 'newzealand', '新西兰', '3', '大洋洲', null);
INSERT INTO `country` VALUES ('17', 'vanuatu', '瓦努阿图', '3', '大洋洲', null);
INSERT INTO `country` VALUES ('18', 'korea', '韩国', '4', '亚洲', null);
INSERT INTO `country` VALUES ('19', 'thailand', '泰国', '4', '亚洲', null);

-- ----------------------------
-- Table structure for `country_doc_source`
-- ----------------------------
DROP TABLE IF EXISTS `country_doc_source`;
CREATE TABLE `country_doc_source` (
  `id` int(11) NOT NULL AUTO_INCREMENT,
  `name` varchar(256) COLLATE utf8mb4_unicode_ci DEFAULT NULL,
  `country_id` int(11) DEFAULT NULL,
  `doc_id` int(11) DEFAULT NULL,
  PRIMARY KEY (`id`)
) ENGINE=InnoDB AUTO_INCREMENT=12 DEFAULT CHARSET=utf8mb4 COLLATE=utf8mb4_unicode_ci;

-- ----------------------------
-- Records of country_doc_source
-- ----------------------------
INSERT INTO `country_doc_source` VALUES ('6', '走进美国.pdf', '1', '24');
INSERT INTO `country_doc_source` VALUES ('7', '美国房产.pdf', '1', '25');
INSERT INTO `country_doc_source` VALUES ('8', '美国福利.pdf', '1', '26');
INSERT INTO `country_doc_source` VALUES ('9', '美国税收.pdf', '1', '27');
INSERT INTO `country_doc_source` VALUES ('11', '美国中小学教育.pdf', '1', '29');

-- ----------------------------
-- Table structure for `country_image_source`
-- ----------------------------
DROP TABLE IF EXISTS `country_image_source`;
CREATE TABLE `country_image_source` (
  `id` int(11) NOT NULL AUTO_INCREMENT,
  `name` varchar(256) COLLATE utf8mb4_unicode_ci DEFAULT NULL,
  `country_id` int(11) DEFAULT NULL,
  `image_id` int(11) DEFAULT NULL,
  `show_type` int(11) DEFAULT NULL,
  PRIMARY KEY (`id`)
) ENGINE=InnoDB AUTO_INCREMENT=39 DEFAULT CHARSET=utf8mb4 COLLATE=utf8mb4_unicode_ci;

-- ----------------------------
-- Records of country_image_source
-- ----------------------------
INSERT INTO `country_image_source` VALUES ('1', 'Usa.png', '1', '74', '0');
INSERT INTO `country_image_source` VALUES ('2', 'Usa.png', '1', '12', '0');
INSERT INTO `country_image_source` VALUES ('3', 'Usa.png', '1', '16', '0');
INSERT INTO `country_image_source` VALUES ('4', 'a.jpg', '1', '48', '1');
INSERT INTO `country_image_source` VALUES ('5', 'o.jpg', '2', '49', '1');
INSERT INTO `country_image_source` VALUES ('6', 'default-country-mobile.jpg', '3', '46', '1');
INSERT INTO `country_image_source` VALUES ('7', 'default-country-mobile.jpg', '4', '46', '1');
INSERT INTO `country_image_source` VALUES ('8', 'default-country-mobile.jpg', '5', '46', '1');
INSERT INTO `country_image_source` VALUES ('9', 'h.jpg', '6', '53', '1');
INSERT INTO `country_image_source` VALUES ('11', 'b.jpg', '8', '51', '1');
INSERT INTO `country_image_source` VALUES ('12', 'default-country-mobile.jpg', '9', '46', '1');
INSERT INTO `country_image_source` VALUES ('13', 'd.jpg', '10', '52', '1');
INSERT INTO `country_image_source` VALUES ('14', 'm.jpg', '11', '54', '1');
INSERT INTO `country_image_source` VALUES ('15', 'default-country-mobile.jpg', '12', '46', '1');
INSERT INTO `country_image_source` VALUES ('16', 'default-country-mobile.jpg', '13', '46', '1');
INSERT INTO `country_image_source` VALUES ('17', 'default-country-mobile.jpg', '14', '46', '1');
INSERT INTO `country_image_source` VALUES ('18', 'Australia.png', '15', '55', '1');
INSERT INTO `country_image_source` VALUES ('19', 'i.jpg', '16', '56', '1');
INSERT INTO `country_image_source` VALUES ('20', 'default-country-mobile.jpg', '17', '46', '1');
INSERT INTO `country_image_source` VALUES ('22', 'default-country-mobile.jpg', '19', '46', '1');
INSERT INTO `country_image_source` VALUES ('35', '希腊.jpg', '7', '64', '1');
INSERT INTO `country_image_source` VALUES ('36', '希腊.jpg', '7', '65', '1');
INSERT INTO `country_image_source` VALUES ('37', 'o.jpg', '18', '66', '1');
INSERT INTO `country_image_source` VALUES ('38', 'Usa.png', '1', '79', '0');

-- ----------------------------
-- Table structure for `custom`
-- ----------------------------
DROP TABLE IF EXISTS `custom`;
CREATE TABLE `custom` (
  `id` int(11) NOT NULL AUTO_INCREMENT,
  `purpose` int(11) DEFAULT NULL,
  `username` varchar(256) DEFAULT NULL,
  `phone` varchar(256) DEFAULT NULL,
  `is_contact` int(11) DEFAULT '0',
  `create_time` timestamp NOT NULL DEFAULT CURRENT_TIMESTAMP,
  PRIMARY KEY (`id`)
) ENGINE=InnoDB AUTO_INCREMENT=76 DEFAULT CHARSET=utf8mb4;

-- ----------------------------
-- Records of custom
-- ----------------------------
INSERT INTO `custom` VALUES ('74', '2', 'admin', '1111', '0', '2019-01-05 17:23:34');
INSERT INTO `custom` VALUES ('75', '0', 'admin', '1111', '0', '2019-01-25 15:38:29');

-- ----------------------------
-- Table structure for `doc`
-- ----------------------------
DROP TABLE IF EXISTS `doc`;
CREATE TABLE `doc` (
  `id` int(11) NOT NULL AUTO_INCREMENT,
  `name` varchar(256) COLLATE utf8mb4_unicode_ci DEFAULT NULL,
  `url` varchar(256) COLLATE utf8mb4_unicode_ci DEFAULT NULL,
  PRIMARY KEY (`id`)
) ENGINE=InnoDB AUTO_INCREMENT=30 DEFAULT CHARSET=utf8mb4 COLLATE=utf8mb4_unicode_ci;

-- ----------------------------
-- Records of doc
-- ----------------------------
INSERT INTO `doc` VALUES ('1', '美国高技术(NIW)移民.pdf', '/doc/america/美国高技术(NIW)移民.pdf');
INSERT INTO `doc` VALUES ('4', 'Kubernets培训课件1.pdf', '/docfile/america/美国EB-2 NIW国家利益豁免/Kubernets培训课件1.pdf');
INSERT INTO `doc` VALUES ('6', 'Kubernets培训课件1.pdf', '/docfile/america/美国EB-2 NIW国家利益豁免/Kubernets培训课件1.pdf');
INSERT INTO `doc` VALUES ('7', 'Kubernets培训课件1.pdf', '/docfile/america/美国EB-2 NIW国家利益豁免/Kubernets培训课件1.pdf');
INSERT INTO `doc` VALUES ('8', 'Kubernets培训课件1.pdf', '/docfile/america/美国EB-2 NIW国家利益豁免/Kubernets培训课件1.pdf');
INSERT INTO `doc` VALUES ('9', 'Kubernets培训课件1.pdf', '/docfile/america/美国EB-2 NIW国家利益豁免/Kubernets培训课件1.pdf');
INSERT INTO `doc` VALUES ('10', 'Kubernets培训课件1.pdf', '/docfile/america/美国EB-2 NIW国家利益豁免/Kubernets培训课件1.pdf');
INSERT INTO `doc` VALUES ('11', 'Kubernets培训课件1.pdf', '/docfile/america/美国EB-2 NIW国家利益豁免/Kubernets培训课件1.pdf');
INSERT INTO `doc` VALUES ('12', 'Kubernets培训课件1.pdf', '/docfile/america/美国EB-2 NIW国家利益豁免/Kubernets培训课件1.pdf');
INSERT INTO `doc` VALUES ('13', 'Kubernets培训课件1.pdf', '/docfile/america/美国EB-2 NIW国家利益豁免/Kubernets培训课件1.pdf');
INSERT INTO `doc` VALUES ('14', 'Kubernets培训课件1.pdf', '/docfile/america/美国EB-2 NIW国家利益豁免/Kubernets培训课件1.pdf');
INSERT INTO `doc` VALUES ('15', 'Kubernetes培训课件（柯普瑞企业IT学院）.pdf', '/docfile/america/美国EB-2 NIW国家利益豁免/Kubernetes培训课件（柯普瑞企业IT学院）.pdf');
INSERT INTO `doc` VALUES ('16', 'Kubernetes培训课件（柯普瑞企业IT学院）.pdf', '/docfile/america/美国EB-2 NIW国家利益豁免/Kubernetes培训课件（柯普瑞企业IT学院）.pdf');
INSERT INTO `doc` VALUES ('17', 'Kubernets培训课件1.pdf', '/docfile/america/美国EB-2 NIW国家利益豁免/Kubernets培训课件1.pdf');
INSERT INTO `doc` VALUES ('18', 'Kubernets培训课件1.pdf', '/docfile/america/美国EB-2 NIW国家利益豁免/Kubernets培训课件1.pdf');
INSERT INTO `doc` VALUES ('19', 'Kubernets培训课件1.pdf', '/docfile/america/Kubernets培训课件1.pdf');
INSERT INTO `doc` VALUES ('20', 'Kubernets培训课件1.pdf', '/docfile/america/Kubernets培训课件1.pdf');
INSERT INTO `doc` VALUES ('21', 'Kubernets培训课件1.pdf', '/docfile/america/美国EB-2 NIW国家利益豁免/Kubernets培训课件1.pdf');
INSERT INTO `doc` VALUES ('22', 'Kubernets培训课件1.pdf', '/docfile/1/Kubernets培训课件1.pdf');
INSERT INTO `doc` VALUES ('23', '美国高技术(NIW)移民.pdf', '/docfile/1/1/美国高技术(NIW)移民.pdf');
INSERT INTO `doc` VALUES ('24', '走进美国.pdf', '/docfile/1/走进美国.pdf');
INSERT INTO `doc` VALUES ('25', '美国房产.pdf', '/docfile/1/美国房产.pdf');
INSERT INTO `doc` VALUES ('26', '美国福利.pdf', '/docfile/1/美国福利.pdf');
INSERT INTO `doc` VALUES ('27', '美国税收.pdf', '/docfile/1/美国税收.pdf');
INSERT INTO `doc` VALUES ('28', '美国教育.pdf', '/docfile/1/美国教育.pdf');
INSERT INTO `doc` VALUES ('29', '美国中小学教育.pdf', '/docfile/1/美国中小学教育.pdf');

-- ----------------------------
-- Table structure for `example`
-- ----------------------------
DROP TABLE IF EXISTS `example`;
CREATE TABLE `example` (
  `id` int(11) NOT NULL AUTO_INCREMENT,
  `title` varchar(256) DEFAULT NULL,
  `author` varchar(128) DEFAULT NULL,
  `summary` text,
  `contents` text,
  `image_url` varchar(512) DEFAULT NULL,
  `create_time` timestamp NOT NULL DEFAULT CURRENT_TIMESTAMP,
  PRIMARY KEY (`id`)
) ENGINE=InnoDB AUTO_INCREMENT=12 DEFAULT CHARSET=utf8mb4;

-- ----------------------------
-- Records of example
-- ----------------------------
INSERT INTO `example` VALUES ('2', '华裔移民如何主导美国洗衣业？美媒讲述艰辛往事', '海外邦', '&nbsp;美媒称，在整个纽约，有数千家由华人移民拥有、经营的洗衣店，他们家的店是其中之一。在大萧条之初，纽约的华人洗衣店估计有3550家，如此大的数量，以至于自成一体，被称为“华人手工洗衣店”——它们打的广告上就是这么写的。早在19世纪，中国人首先在加利福尼亚州开展业务。越来越多的人被这个行业吸引，移民社群从中国东南部的家乡带来劳动力。　　据《纽约时报》网站10月17日报道，这项工作是早期美国华人致富的少数几条途径之一。而对于在洗衣店长大的孩子们来说，这里就是他们的家。他们对家用洗衣机出现之前那些日子的回忆，呈现出了美国华人的历史。　　76岁的李国文和家里的四个孩子在哈莱姆区的一家洗衣店长大，当时这里的居民以黑人为主。　　李国文说，有一次，他家的澡盆被拿走了，因为父亲没给一个住房官员好处。“我们不得不想办法凑和着洗澡。因为那个家伙再也没有回来，最后，我们又弄来一个澡盆。”还有些时候，警察会上门找茬，“你给他们5块10块的，他们就消失了。这地方腐败着呢，他们知道可以在移民身上敲一笔，”李国文说。　　报道称，过去很长一段时间，美国人总是把华裔和洗衣店联想到一处。甚至在上世纪70年代，卡尔贡公司有条广告，描绘了一对开洗衣店的美国华裔夫妇，他们洗衣用的是“中国古代秘方”（也就是卡尔贡洗涤液）。　　报道称，这种联系始于淘金热：当时在西部，找不到洗衣服的女性，白人男子一般认为男人洗衣服不成体统。根据陈依范在1980年的《美国华人史》一书，当时一些经济条件允许的人甚至把脏衣服以每打衬衫12美元的高价一路运到香港，需要四个月才能返回。后来，是送到檀香山，每打8美元。（这两种选择都比运回东岸去洗便宜）。旧金山的中国企业家看到了商机。第一家已知的华人洗衣店是李华在1851年开的，收费是一打衬衫5美元。　　“到1870年，约有2000家华人洗衣店主导了这座城市的业务，”陈依范写道。“经常可以看到华人洗衣工挑着扁担用篮子送衣服的景象。”　　随着时间的推移，华裔从“男人的”工作领域被排挤出去，他们进入了洗衣业这种安全的、没人想做的行业。1920年的人口普查显示，美国近30%有工作的华裔是在洗衣店工作。　　这些前洗衣店子女的回忆，都收录在纽约州阿德尔菲大学74岁的心理学教授黄美意自费出版的《纽约唐人街的华人》一书中。黄美意在她家位于布鲁克林贝德斯泰马西大道的洗衣店楼上长大。　　周日的时候，他们一家人会去唐人街的刘氏宗亲会，来自同村的人聚在一起回忆往事。房间里除了黄美意一家，其他人都是妻子在中国的单身洗衣工。美国的移民法规最早令他们无法团聚。据黄美意回忆，在被问到职业时，她父亲总是说：“还能是什么？开洗衣房呗！”其他的洗衣工也会发牢骚：“佬番（白人或者外国人）不会让你做其他事。”', '<p style=\"margin-top: 0px; margin-bottom: 30px; padding: 0px; font-family: &quot;Hiragino Sans GB&quot;, &quot;Microsoft Yahei&quot;, 微软雅黑, Simsun, 宋体, Arial; font-size: 18px; letter-spacing: 1px; white-space: normal;\">&nbsp;美媒称，在整个纽约，有数千家由华人移民拥有、经营的洗衣店，他们家的店是其中之一。在大萧条之初，纽约的华人洗衣店估计有3550家，如此大的数量，以至于自成一体，被称为“华人手工洗衣店”——它们打的广告上就是这么写的。早在19世纪，中国人首先在加利福尼亚州开展业务。越来越多的人被这个行业吸引，移民社群从中国东南部的家乡带来劳动力。</p><p style=\"margin-top: 0px; margin-bottom: 30px; padding: 0px; font-family: &quot;Hiragino Sans GB&quot;, &quot;Microsoft Yahei&quot;, 微软雅黑, Simsun, 宋体, Arial; font-size: 18px; letter-spacing: 1px; white-space: normal;\">　　据《纽约时报》网站10月17日报道，这项工作是早期美国华人致富的少数几条途径之一。而对于在洗衣店长大的孩子们来说，这里就是他们的家。他们对家用洗衣机出现之前那些日子的回忆，呈现出了美国华人的历史。</p><p style=\"margin-top: 0px; margin-bottom: 30px; padding: 0px; font-family: &quot;Hiragino Sans GB&quot;, &quot;Microsoft Yahei&quot;, 微软雅黑, Simsun, 宋体, Arial; font-size: 18px; letter-spacing: 1px; white-space: normal;\">　　76岁的李国文和家里的四个孩子在哈莱姆区的一家洗衣店长大，当时这里的居民以黑人为主。</p><p style=\"margin-top: 0px; margin-bottom: 30px; padding: 0px; font-family: &quot;Hiragino Sans GB&quot;, &quot;Microsoft Yahei&quot;, 微软雅黑, Simsun, 宋体, Arial; font-size: 18px; letter-spacing: 1px; white-space: normal;\">　　李国文说，有一次，他家的澡盆被拿走了，因为父亲没给一个住房官员好处。“我们不得不想办法凑和着洗澡。因为那个家伙再也没有回来，最后，我们又弄来一个澡盆。”还有些时候，警察会上门找茬，“你给他们5块10块的，他们就消失了。这地方腐败着呢，他们知道可以在移民身上敲一笔，”李国文说。</p><p style=\"margin-top: 0px; margin-bottom: 30px; padding: 0px; font-family: &quot;Hiragino Sans GB&quot;, &quot;Microsoft Yahei&quot;, 微软雅黑, Simsun, 宋体, Arial; font-size: 18px; letter-spacing: 1px; white-space: normal;\">　　报道称，过去很长一段时间，美国人总是把华裔和洗衣店联想到一处。甚至在上世纪70年代，卡尔贡公司有条广告，描绘了一对开洗衣店的美国华裔夫妇，他们洗衣用的是“中国古代秘方”（也就是卡尔贡洗涤液）。</p><p style=\"margin-top: 0px; margin-bottom: 30px; padding: 0px; font-family: &quot;Hiragino Sans GB&quot;, &quot;Microsoft Yahei&quot;, 微软雅黑, Simsun, 宋体, Arial; font-size: 18px; letter-spacing: 1px; white-space: normal;\">　　报道称，这种联系始于淘金热：当时在西部，找不到洗衣服的女性，白人男子一般认为男人洗衣服不成体统。根据陈依范在1980年的《美国华人史》一书，当时一些经济条件允许的人甚至把脏衣服以每打衬衫12美元的高价一路运到香港，需要四个月才能返回。后来，是送到檀香山，每打8美元。（这两种选择都比运回东岸去洗便宜）。旧金山的中国企业家看到了商机。第一家已知的华人洗衣店是李华在1851年开的，收费是一打衬衫5美元。</p><p style=\"margin-top: 0px; margin-bottom: 30px; padding: 0px; font-family: &quot;Hiragino Sans GB&quot;, &quot;Microsoft Yahei&quot;, 微软雅黑, Simsun, 宋体, Arial; font-size: 18px; letter-spacing: 1px; white-space: normal;\">　　“到1870年，约有2000家华人洗衣店主导了这座城市的业务，”陈依范写道。“经常可以看到华人洗衣工挑着扁担用篮子送衣服的景象。”</p><p style=\"margin-top: 0px; margin-bottom: 30px; padding: 0px; font-family: &quot;Hiragino Sans GB&quot;, &quot;Microsoft Yahei&quot;, 微软雅黑, Simsun, 宋体, Arial; font-size: 18px; letter-spacing: 1px; white-space: normal;\">　　随着时间的推移，华裔从“男人的”工作领域被排挤出去，他们进入了洗衣业这种安全的、没人想做的行业。1920年的人口普查显示，美国近30%有工作的华裔是在洗衣店工作。</p><p style=\"margin-top: 0px; margin-bottom: 30px; padding: 0px; font-family: &quot;Hiragino Sans GB&quot;, &quot;Microsoft Yahei&quot;, 微软雅黑, Simsun, 宋体, Arial; font-size: 18px; letter-spacing: 1px; white-space: normal;\">　　这些前洗衣店子女的回忆，都收录在纽约州阿德尔菲大学74岁的心理学教授黄美意自费出版的《纽约唐人街的华人》一书中。黄美意在她家位于布鲁克林贝德斯泰马西大道的洗衣店楼上长大。</p><p style=\"margin-top: 0px; margin-bottom: 30px; padding: 0px; font-family: &quot;Hiragino Sans GB&quot;, &quot;Microsoft Yahei&quot;, 微软雅黑, Simsun, 宋体, Arial; font-size: 18px; letter-spacing: 1px; white-space: normal;\">　　周日的时候，他们一家人会去唐人街的刘氏宗亲会，来自同村的人聚在一起回忆往事。房间里除了黄美意一家，其他人都是妻子在中国的单身洗衣工。美国的移民法规最早令他们无法团聚。据黄美意回忆，在被问到职业时，她父亲总是说：“还能是什么？开洗衣房呗！”其他的洗衣工也会发牢骚：“佬番（白人或者外国人）不会让你做其他事。”</p><p><br/></p>', '/img/default.jpg', '2018-12-11 11:17:01');
INSERT INTO `example` VALUES ('3', '唯快不破！14天获批，EB-1A是移民美国的快速通道', '海外邦', '　&nbsp; &nbsp;L女士是一名从事商贸行业的企业家，她深知美国的教育环境世界闻名，有着其他国家无可比拟的优势。那里拥有世界知名的学府，是每个孩子心里的梦。由于儿子马上就到21岁了，想让孩子到美国名校深造，又担心因年龄问题无法随同，心里非常着急，经过与顾问的深入沟通，考虑到EB-1A速度快，选择了通过EB-1A的方式移民美国。　　企业家背景助力美国梦　　L女士拥有一家商贸企业，早在1年前就开始了移民美国的计划，最初选择的是EB-5项目，由于排期太长，考虑到EB-1A速度快，费用低，最终确定通过EB-1A的方式移民美国。　　为了更广阔的发展空间 圆孩子的求学梦　　L女士办理美国移民主要为了孩子的教育和未来发展，她多次向顾问、留学专家咨询美国的学习生活，了解到美国大学的课堂早已突破单一的授课模式，而是采用“相互对话与反复质询”的创新授课模式，来探索知识脉络。想让孩子到美国接受前沿的教育理念，培养他独立思考、自信乐观的性格，期望能发掘孩子内在的潜能，将来有更广阔的发展空间，也是圆孩子的一个求学梦。　　14天获批，客户听闻消息不敢相信，再三感谢　　L女士是2018年4月与太平洋出国签定的移民意向协议，同时开始准备资料，由于L女士的儿子马上就到21岁了，所以签约时非常担心未来孩子无法随同，尽快递交并通过审核就成为了L女士的迫切需求。　　考虑到L女士家庭的这种特殊情况，她的整个文件处理周期被压缩到了极致，太平洋出国的文案团队为L女士开启了抢案模式，经过不到2个月的资料筹备，最终14天就获得移民局的核准。L女士听到这个消息，自己都不敢相信，对太平洋出国一再感谢!　　L女士的获批函　　　　写给有意向移民美国的申请人：　　美国移民局近日发布了一份新版政策备忘录：9月11日起收到的移民申请，如果证明材料不够充分或材料不符合要求，移民官有权直接拒绝，而不再寄发补件(RFE)或否决意向(NOID)通知。也就是说，改革后，移民局官员拥有更多自由裁量权，可以更加自如的去拒绝申请案，拒绝的范围更宽泛，但是补件并未取消!　　所以不少投资人因怕受到影响，近期开始匆匆准备申请材料，抢在9月11日前递交。但需要提醒大家，越是在这个时候，越要充分准备!匆忙之下的申请，只会带来更大的麻烦!最好的解决方法还是在移民前有专业的美国移民律师和专业的移民机构，根据移民局的标准事先审案，为申请人把关，把申请材料准备充足，提高递案的成功率。', '<p style=\"box-sizing: border-box; margin-top: 0px; margin-bottom: 0px; padding: 0px;\">　&nbsp; &nbsp;L女士是一名从事商贸行业的企业家，她深知美国的教育环境世界闻名，有着其他国家无可比拟的优势。那里拥有世界知名的学府，是每个孩子心里的梦。由于儿子马上就到21岁了，想让孩子到美国名校深造，又担心因年龄问题无法随同，心里非常着急，经过与顾问的深入沟通，考虑到EB-1A速度快，选择了通过EB-1A的方式移民美国。</p><p style=\"box-sizing: border-box; margin-top: 0px; margin-bottom: 0px; padding: 0px;\">　　<span style=\"box-sizing: border-box; font-weight: 700;\">企业家背景助力美国梦</span></p><p style=\"box-sizing: border-box; margin-top: 0px; margin-bottom: 0px; padding: 0px;\">　　L女士拥有一家商贸企业，早在1年前就开始了移民美国的计划，最初选择的是EB-5项目，由于排期太长，考虑到EB-1A速度快，费用低，最终确定通过EB-1A的方式移民美国。</p><p style=\"box-sizing: border-box; margin-top: 0px; margin-bottom: 0px; padding: 0px;\">　　<span style=\"box-sizing: border-box; font-weight: 700;\">为了更广阔的发展空间 圆孩子的求学梦</span></p><p style=\"box-sizing: border-box; margin-top: 0px; margin-bottom: 0px; padding: 0px;\">　　L女士办理美国移民主要为了孩子的教育和未来发展，她多次向顾问、留学专家咨询美国的学习生活，了解到美国大学的课堂早已突破单一的授课模式，而是采用“相互对话与反复质询”的创新授课模式，来探索知识脉络。想让孩子到美国接受前沿的教育理念，培养他独立思考、自信乐观的性格，期望能发掘孩子内在的潜能，将来有更广阔的发展空间，也是圆孩子的一个求学梦。</p><p style=\"box-sizing: border-box; margin-top: 0px; margin-bottom: 0px; padding: 0px;\">　　<span style=\"box-sizing: border-box; font-weight: 700; color: rgb(73, 73, 73); font-family: Arial, &quot;PingFang SC&quot;, &quot;Microsoft Yahei&quot;; text-align: justify; background-color: rgb(255, 255, 255);\">14天获批，客户听闻消息不敢相信，再三感谢</span><span style=\"box-sizing: border-box; font-weight: 700;\"></span></p><p style=\"box-sizing: border-box; margin-top: 0px; margin-bottom: 0px; padding: 0px; font-family: Arial, &quot;PingFang SC&quot;, &quot;Microsoft Yahei&quot;; color: rgb(73, 73, 73); text-align: justify; white-space: normal; background-color: rgb(255, 255, 255);\">　　L女士是2018年4月与太平洋出国签定的移民意向协议，同时开始准备资料，由于L女士的儿子马上就到21岁了，所以签约时非常担心未来孩子无法随同，尽快递交并通过审核就成为了L女士的迫切需求。</p><p style=\"box-sizing: border-box; margin-top: 0px; margin-bottom: 0px; padding: 0px; font-family: Arial, &quot;PingFang SC&quot;, &quot;Microsoft Yahei&quot;; color: rgb(73, 73, 73); text-align: justify; white-space: normal; background-color: rgb(255, 255, 255);\">　　考虑到L女士家庭的这种特殊情况，她的整个文件处理周期被压缩到了极致，太平洋出国的文案团队为L女士开启了抢案模式，经过不到2个月的资料筹备，最终14天就获得移民局的核准。L女士听到这个消息，自己都不敢相信，对太平洋出国一再感谢!</p><p style=\"box-sizing: border-box; margin-top: 0px; margin-bottom: 0px; padding: 0px; text-align: center;\"><img src=\"http://cdn.pacificimmi.com/dir/5a9b114f763d99453afa3fde0169a765.jpg\"/></p><p style=\"box-sizing: border-box; margin-top: 0px; margin-bottom: 0px; padding: 0px; text-align: center;\">　　L女士的获批函<br/><br/></p><p style=\"box-sizing: border-box; margin-top: 0px; margin-bottom: 0px; padding: 0px; text-align: center;\">　　</p><p style=\"box-sizing: border-box; margin-top: 0px; margin-bottom: 0px; padding: 0px;\">　　<span style=\"box-sizing: border-box; font-weight: 700;\">写给有意向移民美国的申请人：</span></p><p style=\"box-sizing: border-box; margin-top: 0px; margin-bottom: 0px; padding: 0px;\">　　美国移民局近日发布了一份新版政策备忘录：9月11日起收到的移民申请，如果证明材料不够充分或材料不符合要求，移民官有权直接拒绝，而不再寄发补件(RFE)或否决意向(NOID)通知。也就是说，改革后，移民局官员拥有更多自由裁量权，可以更加自如的去拒绝申请案，拒绝的范围更宽泛，但是补件并未取消!</p><p style=\"box-sizing: border-box; margin-top: 0px; margin-bottom: 0px; padding: 0px;\">　　所以不少投资人因怕受到影响，近期开始匆匆准备申请材料，抢在9月11日前递交。但需要提醒大家，越是在这个时候，越要充分准备!匆忙之下的申请，只会带来更大的麻烦!最好的解决方法还是在移民前有专业的美国移民律师和专业的移民机构，根据移民局的标准事先审案，为申请人把关，把申请材料准备充足，提高递案的成功率。</p><p style=\"box-sizing: border-box; margin-top: 0px; margin-bottom: 0px; padding: 0px;\"><br/></p><p><br/></p>', 'http://cdn.pacificimmi.com/dir/5a9b114f763d99453afa3fde0169a765.jpg', '2018-12-11 11:22:57');
INSERT INTO `example` VALUES ('4', '美国投资移民免排期获批', '侨外', '&nbsp; &nbsp; &nbsp; &nbsp; W女士是一家贸易公司的高管，早年一直在贸易行业中打拼事业，累积了财富和经验后，想把家庭的重心转移到海外，一是为了能给孩子更好的成长环境及教育规划，二是想改变国内快速生活的节奏，把更多的时间和精力留给家庭和孩子。&nbsp; &nbsp; &nbsp; &nbsp;&nbsp;作为公司高管，W女士常年需要奔波各国之间，但除去疲惫外，W女士是很享受这样的工作节奏，这与W女士的成长经历有关。W女士从小就喜欢国外的生活，所以W女士长大后选择的工作也是辗转于各国之间，她说：&quot;只有在国外，我才能真正地让彻底放松自我&quot;。10年前W女士通过工作上认识了自己的先生，先生是土耳其人，两人非常投契，也有着共同的兴趣爱好，在一起后很快便组建了家庭，不久后W女士也相继生下了三个可爱的女儿。随着孩子年岁渐长，W女士开始计划给孩子一个更好的成长环境。&nbsp; &nbsp; &nbsp; &nbsp;&nbsp;W女士有个哥哥，从小两人的感情就很好，哥哥早年在侨外办理了美国投资移民成功拿到了永久绿卡，并且在美国组建了自己的家庭。想到自己的亲人都在美国生活发展，W女士也决定把孩子带到美国去，让她们接受美国优质的教育。有了自己亲哥哥的成功案例作参考，W女士和先生来到侨外咨询时也表示，对侨外的专业团队相当有信心，并且当场与侨外签署了服务协议，申请美国EB-5投资移民。&nbsp; &nbsp; &nbsp; &nbsp;&nbsp;W女士作为主申请人，先生作为附属申请人，于2014年12月在广州侨外办理美国投资移民。顾及到自己是在中国大陆出生的情况，W女士表示出对排期时长的担心。得知W女士的担忧后，侨外专业资深顾问向W女士解释道，由于她的先生是以非中国大陆出生的身份作为附属申请人，所以也能免受排期的影响，这消息让W女士全家人激动不已。资料准备的过程相当顺利，递交后W女士和先生都免排期顺利通过了面试。&nbsp; &nbsp; &nbsp; &nbsp;&nbsp;目前，W女士一家已经拿到绿卡了登陆洛杉矶与家人团聚，在美国开始了新的生活。', '<p>&nbsp; &nbsp; &nbsp; &nbsp; W女士是一家贸易公司的高管，早年一直在贸易行业中打拼事业，累积了财富和经验后，想把家庭的重心转移到海外，一是为了能给孩子更好的成长环境及<a href=\"http://www.iqiaowai.com/zhuanti/edu170808\" style=\"background: transparent; color: rgb(68, 68, 68); text-decoration-line: none; outline: none;\"><span style=\"color: rgb(0, 0, 255);\"><span style=\"text-decoration:underline;\"><strong>教育规划</strong></span></span></a>，二是想改变国内快速生活的节奏，把更多的时间和精力留给家庭和孩子。</p><p><br/>&nbsp; &nbsp; &nbsp; &nbsp;&nbsp;作为公司高管，W女士常年需要奔波各国之间，但除去疲惫外，W女士是很享受这样的工作节奏，这与W女士的成长经历有关。W女士从小就喜欢国外的生活，所以W女士长大后选择的工作也是辗转于各国之间，她说：&quot;只有在国外，我才能真正地让彻底放松自我&quot;。10年前W女士通过工作上认识了自己的先生，先生是土耳其人，两人非常投契，也有着共同的兴趣爱好，在一起后很快便组建了家庭，不久后W女士也相继生下了三个可爱的女儿。随着孩子年岁渐长，W女士<span style=\"color: rgb(255, 0, 0);\"><strong>开始计划给孩子一个更好的成长环境</strong></span>。</p><p><br/>&nbsp; &nbsp; &nbsp; &nbsp;&nbsp;W女士有个哥哥，从小两人的感情就很好，哥哥早年在侨外办理了美国投资移民成功拿到了永久绿卡，并且在美国组建了自己的家庭。想到自己的亲人都在美国生活发展，W女士也决定把孩子带到美国去，让她们接受美国优质的教育。有了自己亲哥哥的成功案例作参考，W女士和先生来到侨外咨询时也表示，对侨外的专业团队相当有信心，并且当场与侨外签署了服务协议，申请美国EB-5投资移民。</p><p><br/>&nbsp; &nbsp; &nbsp; &nbsp;&nbsp;W女士作为主申请人，先生作为附属申请人，于2014年12月在广州侨外办理<a href=\"http://www.iqiaowai.com/america/\" style=\"background: transparent; color: rgb(68, 68, 68); text-decoration-line: none; outline: none;\"><span style=\"color: rgb(0, 0, 255);\"><span style=\"text-decoration:underline;\"><strong>美国投资移民</strong></span></span></a>。顾及到自己是在中国大陆出生的情况，W女士表示出对排期时长的担心。得知W女士的担忧后，侨外专业资深顾问向W女士解释道，由于她的先生是<span style=\"color: rgb(255, 0, 0);\"><strong>以非中国大陆出生的身份作为附属申请人，所以也能免受排期的影响</strong></span>，这消息让W女士全家人激动不已。资料准备的过程相当顺利，递交后W女士和先生都免排期顺利通过了面试。</p><p><br/>&nbsp; &nbsp; &nbsp; &nbsp;&nbsp;目前，W女士一家已经拿到绿卡了登陆洛杉矶与家人团聚，在美国开始了新的生活。</p><p><br/></p>', '/img/default.jpg', '2018-12-11 12:36:30');
INSERT INTO `example` VALUES ('5', '留学容易留下难，看英国留学生如何梦想成真!', '侨外', '　　L小姐想要出国读研究生，由于多年一直专心学业，很少接触社会，上学期间也没任何实习经验，工作经历基本为零。本科读得是教育专业，没有任何的商业背景，看上去离&quot;企业家&quot;三个字很是遥远。但因身边有英国留学的朋友，所以自己一直想要接受英国的良好教育，享受英国的生活节奏，并非常迫切地希望留学之后可以继续留在英国，同时从长远考虑，也希望自己的子女之后也能体验优质的英国教育。&nbsp;&nbsp;　　侨外英国投资移民客户L小姐背景　　年龄：23岁　　学历背景：北京师范大学-教育学专业　　工作背景：无　　投资方式：加入英国一家幼儿园　　投资领域：教育行业　　无面试&nbsp;&nbsp;　　L小姐规划方案　　L小姐最终如愿以偿在巴斯大学攻读教育学硕士学位，2014年毕业后计划留在英国。然而目前留学之后留在英国并非轻而易举，因此L小姐希望通过投资移民的方式获得合法身份。之前她也曾咨询过其他公司，寻找教育相关的投资项目，但最终无法匹配到与其背景相关的企业。选择侨外后，侨外根据L小姐的专业背景和个人意向，最终确定申请加入一家幼儿园的项目。　　在此期间，侨外专业的顾问协助L小姐与企业进行了前期的接洽，在接洽过程中，为了打消L小姐的紧张情绪，侨外专业的顾问提前帮助L小姐消化吸收企业知识，最终非常顺利地完成了与企业的沟通。由于项目的顺利匹配及高契合度、细致且全面的企业支持材料以及有针对性的培训方式和学习方法，让L小姐的移民申请最终一次性免面试通过。&nbsp;&nbsp;　　侨外英国投资移民专家点评　　L小姐在英国的学习经历，有助于英国企业家移民签证的申请。匹配和客户背景契合的项目，做好规划，消除紧张情绪并掌控好流程，是成功获批的必要条件。&nbsp;&nbsp;', '<p style=\"margin-top: 0px; margin-bottom: 0px; padding: 0px; overflow-wrap: break-word; color: rgb(51, 51, 51); font-family: &quot;microsoft yahei&quot;, &quot;Arial Narrow&quot;, HELVETICA; font-size: 14px; white-space: normal; background-color: rgb(255, 255, 255);\">　　L小姐想要出国读研究生，由于多年一直专心学业，很少接触社会，上学期间也没任何实习经验，工作经历基本为零。本科读得是教育专业，没有任何的商业背景，看上去离&quot;企业家&quot;三个字很是遥远。但因身边有<span style=\"text-decoration:underline;\"><strong><a href=\"http://www.iqiaowai.com/education/\" style=\"background: transparent; color: rgb(68, 68, 68); text-decoration-line: none; outline: none;\"><span style=\"color: rgb(0, 0, 205);\">英国留学</span></a></strong></span>的朋友，所以自己一直想要接受英国的良好教育，享受英国的生活节奏，并非常迫切地希望留学之后可以继续留在英国，同时从长远考虑，也希望自己的子女之后也能体验优质的英国教育。<br/>&nbsp;</p><p style=\"margin-top: 0px; margin-bottom: 0px; padding: 0px; overflow-wrap: break-word; color: rgb(51, 51, 51); font-family: &quot;microsoft yahei&quot;, &quot;Arial Narrow&quot;, HELVETICA; font-size: 14px; white-space: normal; background-color: rgb(255, 255, 255); text-align: center;\"><img alt=\"\" src=\"http://www.iqiaowai.com/uploads/allimg/181127/1G45aG6-0.jpg\"/><br/>&nbsp;</p><p style=\"margin-top: 0px; margin-bottom: 0px; padding: 0px; overflow-wrap: break-word; color: rgb(51, 51, 51); font-family: &quot;microsoft yahei&quot;, &quot;Arial Narrow&quot;, HELVETICA; font-size: 14px; white-space: normal; background-color: rgb(255, 255, 255);\"><span style=\"color: rgb(255, 140, 0);\"><span style=\"font-size: 16px;\"><strong>　　侨外英国投资移民客户L小姐背景</strong></span></span></p><p style=\"margin-top: 0px; margin-bottom: 0px; padding: 0px; overflow-wrap: break-word; color: rgb(51, 51, 51); font-family: &quot;microsoft yahei&quot;, &quot;Arial Narrow&quot;, HELVETICA; font-size: 14px; white-space: normal; background-color: rgb(255, 255, 255);\">　　年龄：23岁</p><p style=\"margin-top: 0px; margin-bottom: 0px; padding: 0px; overflow-wrap: break-word; color: rgb(51, 51, 51); font-family: &quot;microsoft yahei&quot;, &quot;Arial Narrow&quot;, HELVETICA; font-size: 14px; white-space: normal; background-color: rgb(255, 255, 255);\">　　学历背景：北京师范大学-教育学专业</p><p style=\"margin-top: 0px; margin-bottom: 0px; padding: 0px; overflow-wrap: break-word; color: rgb(51, 51, 51); font-family: &quot;microsoft yahei&quot;, &quot;Arial Narrow&quot;, HELVETICA; font-size: 14px; white-space: normal; background-color: rgb(255, 255, 255);\">　　工作背景：无</p><p style=\"margin-top: 0px; margin-bottom: 0px; padding: 0px; overflow-wrap: break-word; color: rgb(51, 51, 51); font-family: &quot;microsoft yahei&quot;, &quot;Arial Narrow&quot;, HELVETICA; font-size: 14px; white-space: normal; background-color: rgb(255, 255, 255);\">　　投资方式：加入英国一家幼儿园</p><p style=\"margin-top: 0px; margin-bottom: 0px; padding: 0px; overflow-wrap: break-word; color: rgb(51, 51, 51); font-family: &quot;microsoft yahei&quot;, &quot;Arial Narrow&quot;, HELVETICA; font-size: 14px; white-space: normal; background-color: rgb(255, 255, 255);\">　　投资领域：教育行业</p><p style=\"margin-top: 0px; margin-bottom: 0px; padding: 0px; overflow-wrap: break-word; color: rgb(51, 51, 51); font-family: &quot;microsoft yahei&quot;, &quot;Arial Narrow&quot;, HELVETICA; font-size: 14px; white-space: normal; background-color: rgb(255, 255, 255);\">　　无面试<br/>&nbsp;</p><p style=\"margin-top: 0px; margin-bottom: 0px; padding: 0px; overflow-wrap: break-word; color: rgb(51, 51, 51); font-family: &quot;microsoft yahei&quot;, &quot;Arial Narrow&quot;, HELVETICA; font-size: 14px; white-space: normal; background-color: rgb(255, 255, 255); text-align: center;\"><img alt=\"\" src=\"http://www.iqiaowai.com/uploads/allimg/181127/1G4595239-1.jpg\"/><br/>&nbsp;</p><p style=\"margin-top: 0px; margin-bottom: 0px; padding: 0px; overflow-wrap: break-word; color: rgb(51, 51, 51); font-family: &quot;microsoft yahei&quot;, &quot;Arial Narrow&quot;, HELVETICA; font-size: 14px; white-space: normal; background-color: rgb(255, 255, 255);\"><span style=\"color: rgb(255, 140, 0);\"><span style=\"font-size: 16px;\"><strong>　　L小姐规划方案</strong></span></span></p><p style=\"margin-top: 0px; margin-bottom: 0px; padding: 0px; overflow-wrap: break-word; color: rgb(51, 51, 51); font-family: &quot;microsoft yahei&quot;, &quot;Arial Narrow&quot;, HELVETICA; font-size: 14px; white-space: normal; background-color: rgb(255, 255, 255);\">　　L小姐最终如愿以偿在巴斯大学攻读教育学硕士学位，2014年毕业后计划留在英国。然而目前留学之后留在英国并非轻而易举，因此L小姐希望通过投资移民的方式获得合法身份。之前她也曾咨询过其他公司，寻找教育相关的投资项目，但最终无法匹配到与其背景相关的企业。选择侨外后，侨外根据L小姐的专业背景和个人意向，最终确定申请加入一家幼儿园的项目。</p><p style=\"margin-top: 0px; margin-bottom: 0px; padding: 0px; overflow-wrap: break-word; color: rgb(51, 51, 51); font-family: &quot;microsoft yahei&quot;, &quot;Arial Narrow&quot;, HELVETICA; font-size: 14px; white-space: normal; background-color: rgb(255, 255, 255);\">　　在此期间，侨外专业的顾问协助L小姐与企业进行了前期的接洽，在接洽过程中，为了打消L小姐的紧张情绪，侨外专业的顾问提前帮助L小姐消化吸收企业知识，最终非常顺利地完成了与企业的沟通。由于项目的顺利匹配及高契合度、细致且全面的企业支持材料以及有针对性的培训方式和学习方法，让L小姐的移民申请最终一次性免面试通过。<br/>&nbsp;</p><p style=\"margin-top: 0px; margin-bottom: 0px; padding: 0px; overflow-wrap: break-word; color: rgb(51, 51, 51); font-family: &quot;microsoft yahei&quot;, &quot;Arial Narrow&quot;, HELVETICA; font-size: 14px; white-space: normal; background-color: rgb(255, 255, 255); text-align: center;\"><img alt=\"\" src=\"http://www.iqiaowai.com/uploads/allimg/181127/1G45a015-2.jpg\"/><br/>&nbsp;</p><p style=\"margin-top: 0px; margin-bottom: 0px; padding: 0px; overflow-wrap: break-word; color: rgb(51, 51, 51); font-family: &quot;microsoft yahei&quot;, &quot;Arial Narrow&quot;, HELVETICA; font-size: 14px; white-space: normal; background-color: rgb(255, 255, 255);\"><span style=\"color: rgb(255, 140, 0);\"><span style=\"font-size: 16px;\"><strong>　　</strong></span></span><span style=\"text-decoration:underline;\"><span style=\"font-size: 16px;\"><strong><a href=\"http://www.iqiaowai.com/england/\" target=\"_blank\" style=\"background: transparent; color: rgb(68, 68, 68); text-decoration-line: none; outline: none;\"><span style=\"color: rgb(0, 0, 205);\">侨外英国投资移民</span></a></strong></span></span><span style=\"color: rgb(255, 140, 0);\"><span style=\"font-size: 16px;\"><strong>专家点评</strong></span></span></p><p style=\"margin-top: 0px; margin-bottom: 0px; padding: 0px; overflow-wrap: break-word; color: rgb(51, 51, 51); font-family: &quot;microsoft yahei&quot;, &quot;Arial Narrow&quot;, HELVETICA; font-size: 14px; white-space: normal; background-color: rgb(255, 255, 255);\">　　L小姐在英国的学习经历，有助于英国企业家移民签证的申请。匹配和客户背景契合的项目，做好规划，消除紧张情绪并掌控好流程，是成功获批的必要条件。<br/>&nbsp;</p><p style=\"margin-top: 0px; margin-bottom: 0px; padding: 0px; overflow-wrap: break-word; color: rgb(51, 51, 51); font-family: &quot;microsoft yahei&quot;, &quot;Arial Narrow&quot;, HELVETICA; font-size: 14px; white-space: normal; background-color: rgb(255, 255, 255); text-align: center;\"><img alt=\"\" src=\"http://www.iqiaowai.com/uploads/allimg/181127/1G4594D6-3.jpg\"/><br/>&nbsp;</p><p><br/></p>', 'http://www.iqiaowai.com/uploads/allimg/181127/1G45aG6-0.jpg', '2018-12-11 12:37:48');
INSERT INTO `example` VALUES ('6', '没有商业背景也能申请英国企业家移民?', '侨外', '　　H女士下定决心办理移民的时候，肚子里已经有了和丈夫的爱情结晶。事实上，也正是因为有了这个宝贝，H女士才想要为孩子寻找一个优质的教育环境。在确定了自己的想法之后，H女士找到了侨外，侨外的资深顾问了解到H女士的情况和需求后为其推荐了英国20万英镑企业家移民。不仅可以满足H女士移民、子女上学的目的，还能为其提供一份工作，这让H女士的家人非常满意。　　因为H女士的丈夫曾经有过被美国拒签三次的纪录，进过深入沟通后，侨外建议由H女士担任主申请人。随后，在匹配项目、撰写商业计划书以及准备材料等各方面H女士和家人都积极配合。但是在培训初期，面对之前没有过多接触的商业知识，H女士还是感到了困扰，一直顺利进行的流程有了小小的停滞。　　此时，培训人员在尽力安抚H女士情绪的同时，通过反复沟通和精心修改，特地为客户重新制定了一套新的培训计划，通过在每次培训课前协助客户预习知识点，以及在培训后强化知识点的等方法，最终让H女士通过模拟考核，安排了网络递交。&nbsp;&nbsp;　　2018年11月26日，H女士在上海进行了面试，三天后H女士就收到了获批的好消息。努力了许久的H女士很开心，也很感谢侨外提供了一个这么完善和贴心的服务。侨外英国也在这里祝福H女士未来的生活幸福美满！', '<p style=\"margin-top: 0px; margin-bottom: 0px; padding: 0px; overflow-wrap: break-word; color: rgb(51, 51, 51); font-family: &quot;microsoft yahei&quot;, &quot;Arial Narrow&quot;, HELVETICA; font-size: 14px; white-space: normal; background-color: rgb(255, 255, 255);\">　　H女士下定决心办理移民的时候，肚子里已经有了和丈夫的爱情结晶。事实上，也正是因为有了这个宝贝，H女士才想要为孩子寻找一个优质的教育环境。在确定了自己的想法之后，H女士找到了侨外，侨外的资深顾问了解到H女士的情况和需求后为其推荐了<span style=\"text-decoration:underline;\"><strong><a href=\"http://www.iqiaowai.com/case/england/\" target=\"_blank\" style=\"background: transparent; color: rgb(68, 68, 68); text-decoration-line: none; outline: none;\"><span style=\"color: rgb(0, 0, 205);\">英国20万英镑企业家移民</span></a></strong></span>。不仅可以满足H女士移民、子女上学的目的，还能为其提供一份工作，这让H女士的家人非常满意。</p><p style=\"margin-top: 0px; margin-bottom: 0px; padding: 0px; overflow-wrap: break-word; color: rgb(51, 51, 51); font-family: &quot;microsoft yahei&quot;, &quot;Arial Narrow&quot;, HELVETICA; font-size: 14px; white-space: normal; background-color: rgb(255, 255, 255);\">　　因为H女士的丈夫曾经有过被美国拒签三次的纪录，进过深入沟通后，侨外建议由H女士担任主申请人。随后，在匹配项目、撰写商业计划书以及准备材料等各方面H女士和家人都积极配合。但是在培训初期，面对之前没有过多接触的商业知识，H女士还是感到了困扰，一直顺利进行的流程有了小小的停滞。</p><p style=\"margin-top: 0px; margin-bottom: 0px; padding: 0px; overflow-wrap: break-word; color: rgb(51, 51, 51); font-family: &quot;microsoft yahei&quot;, &quot;Arial Narrow&quot;, HELVETICA; font-size: 14px; white-space: normal; background-color: rgb(255, 255, 255);\">　　此时，培训人员在尽力安抚H女士情绪的同时，通过反复沟通和精心修改，特地为客户重新制定了一套新的培训计划，通过在每次培训课前协助客户预习知识点，以及在培训后强化知识点的等方法，最终让H女士通过模拟考核，安排了网络递交。<br/>&nbsp;</p><p style=\"margin-top: 0px; margin-bottom: 0px; padding: 0px; overflow-wrap: break-word; color: rgb(51, 51, 51); font-family: &quot;microsoft yahei&quot;, &quot;Arial Narrow&quot;, HELVETICA; font-size: 14px; white-space: normal; background-color: rgb(255, 255, 255); text-align: center;\"><img alt=\"\" src=\"http://www.iqiaowai.com/uploads/allimg/181205/1I55053c-0.jpg\"/><br/>&nbsp;</p><p style=\"margin-top: 0px; margin-bottom: 0px; padding: 0px; overflow-wrap: break-word; color: rgb(51, 51, 51); font-family: &quot;microsoft yahei&quot;, &quot;Arial Narrow&quot;, HELVETICA; font-size: 14px; white-space: normal; background-color: rgb(255, 255, 255);\">　　2018年11月26日，H女士在上海进行了面试，三天后H女士就收到了获批的好消息。努力了许久的H女士很开心，也很感谢侨外提供了一个这么完善和贴心的服务。侨外英国也在这里祝福H女士未来的生活幸福美满！</p><p><br/></p>', 'http://www.iqiaowai.com/uploads/allimg/181205/1I55053c-0.jpg', '2018-12-11 12:38:21');
INSERT INTO `example` VALUES ('7', '告别职场重压，赴美开启新生活', '侨外', '&nbsp;&nbsp; &nbsp; &nbsp; &nbsp;&nbsp;前手机巨头公司高层离职后，想改变原来的生活方式，和从医的太太商量，到底要不要继续这种起早摸夜、压力巨大的职场生活。外界眼中，L先生一家是幸福的，但是职场的压力和培养独生女的教育规划压力又有多少人知道呢？&nbsp; &nbsp; &nbsp; &nbsp; 在2016年春节，L先生全家一起去了美国自由行一个月，感受异国的春节。因前公司的总部在美国，过往一直中美往返，L先生对美国是熟悉的，L太太对独生女的教育也很上心，也想顺便看看美国的校园环境。&nbsp;&nbsp; &nbsp; &nbsp; &nbsp; L先生来广州侨外出国咨询的时候，跟顾问聊起这趟2016春节美国旅游，感触还是很深的，因为这次美国之行，因缘巧合让他决定加入目前这家IT500强公司，重新开始职场生活，也重新接受未知行业的挑战；独生女儿也爱上了美国的校园环境，决定高一要过去美国读高中。侨外顾问跟L先生算了一下女儿的留学花费等，还考虑到L先生以后有机会到美国总部任职，较后，L先生决定办理美国投资移民。&nbsp; &nbsp; &nbsp; &nbsp; 因多年的工作收入和奖金已经累积一定的财富了，最难得是客户的缴税情况非常好，税单齐全，因此美国投资移民投资款的资金来源非常好解析，L先生也是爽快的人，居前次咨询就签约并交纳费用了。&nbsp; &nbsp; &nbsp; &nbsp;&nbsp;L先生和L太太都是执行力很强的人，在文件准备阶段非常配合，3周就完成文件递交了，目前正在等待I526的获批，侨外出国祝愿L先生一家早日登陆美国，开展生活新篇章。', '<p>&nbsp;<span style=\"color: rgb(51, 51, 51); font-family: &quot;microsoft yahei&quot;, &quot;Arial Narrow&quot;, HELVETICA; font-size: 14px; background-color: rgb(255, 255, 255);\">&nbsp; &nbsp; &nbsp; &nbsp;&nbsp;<span style=\"color: rgb(255, 0, 0);\"><strong>前手机巨头公司高层离职后，想改变原来的生活方式，和从医的太太商量，到底要不要继续这种起早摸夜、压力巨大的职场生活。</strong></span>外界眼中，L先生一家是幸福的，但是职场的压力和培养独生女的<a href=\"http://www.iqiaowai.com/zhuanti/edu170808/#title\" style=\"background: transparent; color: rgb(68, 68, 68); text-decoration-line: none; outline: none;\"><span style=\"color: rgb(0, 0, 255);\"><span style=\"text-decoration:underline;\"><strong>教育规划</strong></span></span></a>压力又有多少人知道呢？<br/><br/>&nbsp; &nbsp; &nbsp; &nbsp; 在2016年春节，L先生全家一起去了美国自由行一个月，感受异国的春节。因前公司的总部在美国，过往一直中美往返，L先生对美国是熟悉的，L太太对独生女的教育也很上心，也想顺便看看美国的校园环境。</span><br/><br/></p><p style=\"text-align: center;\"><img alt=\"\" src=\"http://img3.iqiaowai.com/uploads/allimg/171124/206-1G124162041945.jpg\"/><br/>&nbsp;</p><p><span style=\"color: rgb(51, 51, 51); font-family: &quot;microsoft yahei&quot;, &quot;Arial Narrow&quot;, HELVETICA; font-size: 14px; background-color: rgb(255, 255, 255);\">&nbsp; &nbsp; &nbsp; &nbsp; L先生来广州侨外出国咨询的时候，跟顾问聊起这趟2016春节美国旅游，感触还是很深的，因为这次美国之行，因缘巧合让他决定加入目前这家IT500强公司，重新开始职场生活，也重新接受未知行业的挑战；独生女儿也爱上了美国的校园环境，决定高一要过去美国读高中。<span style=\"color: rgb(255, 0, 0);\"><strong>侨外顾问跟L先生算了一下女儿的留学花费等，还考虑到L先生以后有机会到美国总部任职，较后，L先生决定办理</strong></span><a href=\"http://www.iqiaowai.com/zhuanti/america170307/\" style=\"background: transparent; color: rgb(68, 68, 68); text-decoration-line: none; outline: none;\"><span style=\"color: rgb(0, 0, 255);\"><span style=\"text-decoration:underline;\"><strong>美国投资移民</strong></span></span></a>。<br/><br/>&nbsp; &nbsp; &nbsp; &nbsp; 因多年的工作收入和奖金已经累积一定的财富了，最难得是客户的缴税情况非常好，税单齐全，因此美国投资移民投资款的资金来源非常好解析，L先生也是爽快的人，居前次咨询就签约并交纳费用了。<br/><br/>&nbsp; &nbsp; &nbsp; &nbsp;&nbsp;<span style=\"color: rgb(255, 0, 0);\"><strong>L先生和L太太都是执行力很强的人，在文件准备阶段非常配合，3周就完成文件递交了，目前正在等待I526的获批，</strong></span><a href=\"http://www.iqiaowai.com/\" style=\"background: transparent; color: rgb(68, 68, 68); text-decoration-line: none; outline: none;\"><span style=\"color: rgb(0, 0, 255);\"><strong><span style=\"text-decoration:underline;\">侨外出国</span></strong></span></a><span style=\"color: rgb(255, 0, 0);\"><strong>祝愿L先生一家早日登陆美国，开展生活新篇章。</strong></span></span></p><p><br/></p>', 'http://img3.iqiaowai.com/uploads/allimg/171124/206-1G124162041945.jpg', '2018-12-11 12:39:16');
INSERT INTO `example` VALUES ('9', '教育领域精英：两名华人获颁美国“弗布莱特奖”', '海外邦', '据美国侨报网报道，当地时间12月18日，美国国会众议员赵美心在南加州帕沙迪那举行颁奖活动，将弗布莱特奖颁发给9名获奖人。获奖人包括2名华人，她们分别是亚凯迪亚市的陈金伯莉（Kimberly Chen）和帕沙迪那市的刘米雪（Michele Lew）。赵美心为陈金伯莉颁发弗布莱特奖。（图片来源：美国侨报网 赵美心洛杉矶办公室提供）　　赵美心表示，弗布莱特奖是1946年由国会设立的奖项，每年通过文化教育部颁发给授奖人，目的是推动美国精英和世界各国的文化交流。弗布莱特奖是世界知名的交流奖项之一，授奖人都是科学、艺术、商业、哲学、教育和公共服务领域里的精英。他们通过层层选拔，在参政、业绩等方面得到评委的认可，是美国和世界各国杰出人物的代表，是同辈和下一代学习的榜样。赵美心为刘米雪颁发弗布莱特奖。（图片来源：美国侨报网 赵美心洛杉矶办公室提供）　　获奖人陈金伯莉是一名来自中国台湾的小学老师，一名文化教育的开拓者。她毕业于伯克利大学，为高雄学生创立了“早晨英语俱乐部”，通过“笔友计划”把加州3年级学生和台湾小学生联系在一起。她在高雄当地图书馆组织读书活动，把她的家变成了学生交流联谊的俱乐部。她计划在下一个学年继续从事教学工作。　　获奖人刘米雪在巴勒斯坦教育部属下的机构担任了6周的特教老师。在此期间，她负责对特教生进行评估，制定招生计划。她游走了伯利恒、那不勒斯、耶路撒冷、拉马拉和希布伦等很多城市，对当地的教育工作者进行特教培训，让很多特教老师经过6天的培训学会让自闭症学生找回自信的教学技巧。', '<p style=\"margin-top: 0px; margin-bottom: 30px; padding: 0px; font-family: &quot;Hiragino Sans GB&quot;, &quot;Microsoft Yahei&quot;, 微软雅黑, Simsun, 宋体, Arial; font-size: 18px; letter-spacing: 1px; white-space: normal;\">据美国侨报网报道，当地时间12月18日，美国国会众议员赵美心在南加州帕沙迪那举行颁奖活动，将弗布莱特奖颁发给9名获奖人。获奖人包括2名华人，她们分别是亚凯迪亚市的陈金伯莉（Kimberly Chen）和帕沙迪那市的刘米雪（Michele Lew）。</p><p style=\"text-align: center;\"><img src=\"http://n.sinaimg.cn/edu/crawl/75/w500h375/20181220/lgcu-hqnkypr6916755.jpg\" alt=\"赵美心为陈金伯莉颁发弗布莱特奖。（图片来源：美国侨报网 赵美心洛杉矶办公室提供）\"/><span class=\"img_descr\" style=\"line-height: 20px; padding: 6px 0px; font-size: 16px; margin: 5px auto; display: inline-block; zoom: 1; text-align: left; font-weight: 700;\">赵美心为陈金伯莉颁发弗布莱特奖。（图片来源：美国侨报网 赵美心洛杉矶办公室提供）</span></p><p style=\"margin-top: 0px; margin-bottom: 30px; padding: 0px; font-family: &quot;Hiragino Sans GB&quot;, &quot;Microsoft Yahei&quot;, 微软雅黑, Simsun, 宋体, Arial; font-size: 18px; letter-spacing: 1px; white-space: normal;\">　　赵美心表示，弗布莱特奖是1946年由国会设立的奖项，每年通过文化教育部颁发给授奖人，目的是推动美国精英和世界各国的文化交流。弗布莱特奖是世界知名的交流奖项之一，授奖人都是科学、艺术、商业、哲学、教育和公共服务领域里的精英。他们通过层层选拔，在参政、业绩等方面得到评委的认可，是美国和世界各国杰出人物的代表，是同辈和下一代学习的榜样。</p><p style=\"text-align: center;\"><img src=\"http://n.sinaimg.cn/edu/crawl/75/w500h375/20181220/XKkH-hqnkypr6916843.jpg\" alt=\"赵美心为刘米雪颁发弗布莱特奖。（图片来源：美国侨报网 赵美心洛杉矶办公室提供）\"/><span class=\"img_descr\" style=\"line-height: 20px; padding: 6px 0px; font-size: 16px; margin: 5px auto; display: inline-block; zoom: 1; text-align: left; font-weight: 700;\">赵美心为刘米雪颁发弗布莱特奖。（图片来源：美国侨报网 赵美心洛杉矶办公室提供）</span></p><br/><p style=\"margin-top: 0px; margin-bottom: 30px; padding: 0px; font-family: &quot;Hiragino Sans GB&quot;, &quot;Microsoft Yahei&quot;, 微软雅黑, Simsun, 宋体, Arial; font-size: 18px; letter-spacing: 1px; white-space: normal;\">　　获奖人陈金伯莉是一名来自中国台湾的小学老师，一名文化教育的开拓者。她毕业于伯克利大学，为高雄学生创立了“早晨英语俱乐部”，通过“笔友计划”把加州3年级学生和台湾小学生联系在一起。她在高雄当地图书馆组织读书活动，把她的家变成了学生交流联谊的俱乐部。她计划在下一个学年继续从事教学工作。</p><p style=\"margin-top: 0px; margin-bottom: 30px; padding: 0px; font-family: &quot;Hiragino Sans GB&quot;, &quot;Microsoft Yahei&quot;, 微软雅黑, Simsun, 宋体, Arial; font-size: 18px; letter-spacing: 1px; white-space: normal;\">　　获奖人刘米雪在巴勒斯坦教育部属下的机构担任了6周的特教老师。在此期间，她负责对特教生进行评估，制定招生计划。她游走了伯利恒、那不勒斯、耶路撒冷、拉马拉和希布伦等很多城市，对当地的教育工作者进行特教培训，让很多特教老师经过6天的培训学会让自闭症学生找回自信的教学技巧。</p><p><br/></p>', 'http://n.sinaimg.cn/edu/crawl/75/w500h375/20181220/lgcu-hqnkypr6916755.jpg', '2018-12-23 11:11:23');
INSERT INTO `example` VALUES ('10', '加拿大移民成功获批：改变人生轨迹 生活更加多彩', '太平洋移民', '近期，李先生夫妇成功通过了加拿大技术移民申请，即将登陆加拿大。李先生夫妇非常开心，感谢太平洋出国团队的付出，让他们的移民之路如此顺利，改变了他们的人生轨迹，即将开启全新的生活。　　李太太在上大学之前就有了移民的打算，当时姐姐在加拿大留学并定居，给她介绍了加拿大的生活福利、教育环境，希望今后能一起在加拿大生活，所以当初的大学专业选的是护理专业，也是为出国提早做了准备。　　有了移民打算后，李先生夫妇上网查找了很多家移民公司，最后精选了几家口碑比较好的，本来想多家公司比较一下，但来到太平洋出国，就被公司的实力和顾问的专业打动了，当时就决定在太平洋出国办理技术移民。　　在整个办理的过程中，李先生夫妇表示，文案团队能在各个时间节点给予及时的提醒和专业的指导，使得很多问题得以顺利的解决。由于语言门槛可能提高，文案提前通知，并告知他们抓紧准备，尽快参加语言考试，最终凭借李先生夫妇的努力，成功通过了考试。此外，在个税证明的材料准备中，文案也给出了专业的建议，由于得知常规的证明材料无法通过审核，经过共同商讨，在文案的指导下，他们最终开出了移民局认可的证明材料。在最后的环节，还有一个小插曲，由于移民纸上所需的照片不合格，需要重新拍摄，但李先生夫妇不巧正在外地旅游，无法赶回，文案就让李先生夫妇回传了一套在外地的照片电子版，后续所有的规格处理、照片冲洗、资料填写等问题都由文案代为办理，使问题得到了圆满的解决。整个过程中虽然遇到一些小问题，但最终所有材料都按要求准备妥当，顺利通过了审核。　　经过与太平洋出国的接触，李先生夫妇切身感受到了他们的专业和尽职精神，时刻把客户需求放在首位。他们建议其他申请人，在文件办理过程中，需要给予团队充分的信任，积极配合文案工作人员，听从律师的专业指导，在最快时间内尽全力把材料准备好，才能让申请之路一帆风顺。　　李先生夫妇为太平洋出国赠送锦旗　　得知太平洋出国已经成功在新三板挂牌，李先生夫妇更加感到他们当初选择的明智，同时为公司送上了真诚的祝福!也希望李先生夫妇在加拿大的生活一切顺利，人生更加多彩!', '<p style=\"box-sizing: border-box; margin-top: 0px; margin-bottom: 0px; padding: 0px; font-family: Arial, &quot;PingFang SC&quot;, &quot;Microsoft Yahei&quot;; color: rgb(73, 73, 73); text-align: justify; white-space: normal; background-color: rgb(255, 255, 255);\">近期，李先生夫妇成功通过了加拿大技术移民申请，即将登陆加拿大。李先生夫妇非常开心，感谢太平洋出国团队的付出，让他们的移民之路如此顺利，改变了他们的人生轨迹，即将开启全新的生活。</p><p style=\"box-sizing: border-box; margin-top: 0px; margin-bottom: 0px; padding: 0px; font-family: Arial, &quot;PingFang SC&quot;, &quot;Microsoft Yahei&quot;; color: rgb(73, 73, 73); text-align: justify; white-space: normal; background-color: rgb(255, 255, 255);\">　　李太太在上大学之前就有了移民的打算，当时姐姐在加拿大留学并定居，给她介绍了加拿大的生活福利、教育环境，希望今后能一起在加拿大生活，所以当初的大学专业选的是护理专业，也是为出国提早做了准备。</p><p style=\"box-sizing: border-box; margin-top: 0px; margin-bottom: 0px; padding: 0px; font-family: Arial, &quot;PingFang SC&quot;, &quot;Microsoft Yahei&quot;; color: rgb(73, 73, 73); text-align: justify; white-space: normal; background-color: rgb(255, 255, 255);\">　　有了移民打算后，李先生夫妇上网查找了很多家移民公司，最后精选了几家口碑比较好的，本来想多家公司比较一下，但来到太平洋出国，就被公司的实力和顾问的专业打动了，当时就决定在太平洋出国办理技术移民。</p><p style=\"box-sizing: border-box; margin-top: 0px; margin-bottom: 0px; padding: 0px; font-family: Arial, &quot;PingFang SC&quot;, &quot;Microsoft Yahei&quot;; color: rgb(73, 73, 73); text-align: justify; white-space: normal; background-color: rgb(255, 255, 255);\">　　在整个办理的过程中，李先生夫妇表示，文案团队能在各个时间节点给予及时的提醒和专业的指导，使得很多问题得以顺利的解决。由于语言门槛可能提高，文案提前通知，并告知他们抓紧准备，尽快参加语言考试，最终凭借李先生夫妇的努力，成功通过了考试。此外，在个税证明的材料准备中，文案也给出了专业的建议，由于得知常规的证明材料无法通过审核，经过共同商讨，在文案的指导下，他们最终开出了移民局认可的证明材料。在最后的环节，还有一个小插曲，由于移民纸上所需的照片不合格，需要重新拍摄，但李先生夫妇不巧正在外地旅游，无法赶回，文案就让李先生夫妇回传了一套在外地的照片电子版，后续所有的规格处理、照片冲洗、资料填写等问题都由文案代为办理，使问题得到了圆满的解决。整个过程中虽然遇到一些小问题，但最终所有材料都按要求准备妥当，顺利通过了审核。</p><p style=\"box-sizing: border-box; margin-top: 0px; margin-bottom: 0px; padding: 0px; font-family: Arial, &quot;PingFang SC&quot;, &quot;Microsoft Yahei&quot;; color: rgb(73, 73, 73); text-align: justify; white-space: normal; background-color: rgb(255, 255, 255);\">　　经过与太平洋出国的接触，李先生夫妇切身感受到了他们的专业和尽职精神，时刻把客户需求放在首位。他们建议其他申请人，在文件办理过程中，需要给予团队充分的信任，积极配合文案工作人员，听从律师的专业指导，在最快时间内尽全力把材料准备好，才能让申请之路一帆风顺。</p><p style=\"box-sizing: border-box; margin-top: 0px; margin-bottom: 0px; padding: 0px; font-family: Arial, &quot;PingFang SC&quot;, &quot;Microsoft Yahei&quot;; color: rgb(73, 73, 73); white-space: normal; background-color: rgb(255, 255, 255); text-align: center;\">　　<img src=\"http://cdn.pacificimmi.com/dir/685117bd577a6b3012224ed9247dd817.jpg\"/></p><p style=\"box-sizing: border-box; margin-top: 0px; margin-bottom: 0px; padding: 0px; font-family: Arial, &quot;PingFang SC&quot;, &quot;Microsoft Yahei&quot;; color: rgb(73, 73, 73); white-space: normal; background-color: rgb(255, 255, 255); text-align: center;\">李先生夫妇为太平洋出国赠送锦旗</p><p style=\"box-sizing: border-box; margin-top: 0px; margin-bottom: 0px; padding: 0px; font-family: Arial, &quot;PingFang SC&quot;, &quot;Microsoft Yahei&quot;; color: rgb(73, 73, 73); text-align: justify; white-space: normal; background-color: rgb(255, 255, 255);\">　　得知太平洋出国已经成功在新三板挂牌，李先生夫妇更加感到他们当初选择的明智，同时为公司送上了真诚的祝福!也希望李先生夫妇在加拿大的生活一切顺利，人生更加多彩!</p><p><br/></p>', 'http://cdn.pacificimmi.com/dir/685117bd577a6b3012224ed9247dd817.jpg', '2018-12-26 21:59:08');
INSERT INTO `example` VALUES ('11', '德国移民：一张蓝卡的魅力', '侨外', '　德国在历史上被称作&quot;诗人与思想家的国度&quot;，许多人被她浓厚的文化底蕴或者天然去雕饰的自然风光所吸引。我也不例外，但我更加仰慕他那良好的社会形态和完善的福利制度。　　我是法学硕士毕业，目前就职于国内某知名银行的风控管理经理，国内的工作与生活还算满意，随着身边有些朋友去了德国生活，跟我介绍德国的生活环境以及社会福利有多好，我听了也是很心动，有时候循规蹈矩的生活过久了也想有些改变，可能人生的境遇和心态会有很大的不同。　　于是我开始在网络上了解各种有关德国移民的信息。一次偶然，我看到了侨外出国的一份德国蓝卡移民项目活动的邀请函，先是在网上了解了之后，我主动联系了侨外的工作人员，侨外出国顾问在电话里的沟通，让我能够感受到他们的专业以及真诚。随后应邀参加了江苏侨外举办的德国蓝卡项目的说明会，侨外的工作人员在了解了我的明确规划以后，详细的为我介绍了德国蓝卡项目的办理流程以及在办理过程中需要准备的所有的材料等等。这一次的沟通再一次坚定了我选择侨外来办理德国移民的决心。&nbsp;&nbsp;　　2018年3月我们与侨外签约了德国蓝卡项目，由于我的工作背景以及专业原因，花费了2个月左右时间企业匹配完成，挑选出的企业和我的工作背景高度匹配，我非常满意，我们与侨外的工作人员之间配合得非常好，积极地准备文件，一切进展得都很顺利。侨外通知我的每次面试辅导，我都做了充足的准备，准备面试的同时报名学习了德语A1，并顺利拿到证书。终于，皇天不负有心人，我在侨外的帮助下以积极的态度、饱满的热情和高涨的自信一举通过在上海领馆的面试。　　目前我已顺利登陆德国，换取蓝卡，感恩遇见侨外，一群可爱的工作人员孜孜不倦地为我的事情沟通协调，同时也感恩家人和我自己的付出。如今，我们将在德国开启我们全新的生活，满怀期待。&nbsp;', '<p style=\"margin-top: 0px; margin-bottom: 0px; padding: 0px; overflow-wrap: break-word; color: rgb(51, 51, 51); font-family: &quot;microsoft yahei&quot;, &quot;Arial Narrow&quot;, HELVETICA; font-size: 14px; white-space: normal; background-color: rgb(255, 255, 255);\">　德国在历史上被称作&quot;诗人与思想家的国度&quot;，许多人被她浓厚的文化底蕴或者天然去雕饰的自然风光所吸引。我也不例外，但我更加仰慕他那良好的社会形态和完善的福利制度。</p><p style=\"margin-top: 0px; margin-bottom: 0px; padding: 0px; overflow-wrap: break-word; color: rgb(51, 51, 51); font-family: &quot;microsoft yahei&quot;, &quot;Arial Narrow&quot;, HELVETICA; font-size: 14px; white-space: normal; background-color: rgb(255, 255, 255);\">　　我是法学硕士毕业，目前就职于国内某知名银行的风控管理经理，国内的工作与生活还算满意，随着身边有些朋友去了德国生活，跟我介绍德国的生活环境以及社会福利有多好，我听了也是很心动，有时候循规蹈矩的生活过久了也想有些改变，可能人生的境遇和心态会有很大的不同。</p><p style=\"margin-top: 0px; margin-bottom: 0px; padding: 0px; overflow-wrap: break-word; color: rgb(51, 51, 51); font-family: &quot;microsoft yahei&quot;, &quot;Arial Narrow&quot;, HELVETICA; font-size: 14px; white-space: normal; background-color: rgb(255, 255, 255);\">　　于是我开始在网络上了解各种有关德国移民的信息。一次偶然，我看到了侨外出国的一份<span style=\"text-decoration:underline;\"><strong><a href=\"http://www.iqiaowai.com/germany/\" target=\"_blank\" style=\"background: transparent; color: rgb(68, 68, 68); text-decoration-line: none; outline: none;\"><span style=\"color: rgb(0, 0, 205);\">德国蓝卡移民项目</span></a></strong></span>活动的邀请函，先是在网上了解了之后，我主动联系了侨外的工作人员，侨外出国顾问在电话里的沟通，让我能够感受到他们的专业以及真诚。随后应邀参加了江苏侨外举办的德国蓝卡项目的说明会，<strong>侨外的工作人员在了解了我的明确规划以后，详细的为我介绍了德国蓝卡项目的办理流程以及在办理过程中需要准备的所有的材料等等。这一次的沟通再一次坚定了我选择侨外来办理德国移民的决心</strong>。<br/>&nbsp;</p><p style=\"margin-top: 0px; margin-bottom: 0px; padding: 0px; overflow-wrap: break-word; color: rgb(51, 51, 51); font-family: &quot;microsoft yahei&quot;, &quot;Arial Narrow&quot;, HELVETICA; font-size: 14px; white-space: normal; background-color: rgb(255, 255, 255); text-align: center;\"><img alt=\"\" src=\"http://www.iqiaowai.com/uploads/allimg/181207/1433495C0-0.png\"/><br/>&nbsp;</p><p style=\"margin-top: 0px; margin-bottom: 0px; padding: 0px; overflow-wrap: break-word; color: rgb(51, 51, 51); font-family: &quot;microsoft yahei&quot;, &quot;Arial Narrow&quot;, HELVETICA; font-size: 14px; white-space: normal; background-color: rgb(255, 255, 255);\">　　2018年3月我们与侨外签约了德国蓝卡项目，由于我的工作背景以及专业原因，花费了2个月左右时间企业匹配完成，挑选出的企业和我的工作背景高度匹配，我非常满意，我们与侨外的工作人员之间配合得非常好，积极地准备文件，一切进展得都很顺利。侨外通知我的每次面试辅导，我都做了充足的准备，准备面试的同时报名学习了德语A1，并顺利拿到证书。终于，皇天不负有心人，我在侨外的帮助下以积极的态度、饱满的热情和高涨的自信一举通过在上海领馆的面试。</p><p style=\"margin-top: 0px; margin-bottom: 0px; padding: 0px; overflow-wrap: break-word; color: rgb(51, 51, 51); font-family: &quot;microsoft yahei&quot;, &quot;Arial Narrow&quot;, HELVETICA; font-size: 14px; white-space: normal; background-color: rgb(255, 255, 255);\">　　目前我已顺利登陆德国，换取蓝卡，感恩遇见侨外，一群可爱的工作人员孜孜不倦地为我的事情沟通协调，同时也感恩家人和我自己的付出。如今，我们将在德国开启我们全新的生活，满怀期待。<br/>&nbsp;</p><p><br/></p>', 'http://www.iqiaowai.com/uploads/allimg/181207/1433495C0-0.png', '2018-12-26 22:11:24');

-- ----------------------------
-- Table structure for `hot_country`
-- ----------------------------
DROP TABLE IF EXISTS `hot_country`;
CREATE TABLE `hot_country` (
  `id` int(11) NOT NULL AUTO_INCREMENT,
  `country_id` int(11) DEFAULT NULL,
  `image_id` int(11) DEFAULT NULL,
  `url` varchar(256) DEFAULT NULL,
  `show_type` int(11) DEFAULT NULL,
  PRIMARY KEY (`id`)
) ENGINE=InnoDB AUTO_INCREMENT=7 DEFAULT CHARSET=utf8mb4;

-- ----------------------------
-- Records of hot_country
-- ----------------------------
INSERT INTO `hot_country` VALUES ('1', '1', '80', '/country/america', '0');
INSERT INTO `hot_country` VALUES ('2', '2', '25', '/country/canada', '0');
INSERT INTO `hot_country` VALUES ('3', '15', '26', '/country/australia', '0');
INSERT INTO `hot_country` VALUES ('4', '1', '40', null, '1');
INSERT INTO `hot_country` VALUES ('5', '15', '45', null, '1');
INSERT INTO `hot_country` VALUES ('6', '2', '41', null, '1');

-- ----------------------------
-- Table structure for `hot_project`
-- ----------------------------
DROP TABLE IF EXISTS `hot_project`;
CREATE TABLE `hot_project` (
  `id` int(11) NOT NULL AUTO_INCREMENT,
  `project_id` int(11) DEFAULT NULL,
  `image_id` int(11) DEFAULT NULL,
  `url` varchar(256) DEFAULT NULL,
  PRIMARY KEY (`id`)
) ENGINE=InnoDB AUTO_INCREMENT=4 DEFAULT CHARSET=utf8mb4;

-- ----------------------------
-- Records of hot_project
-- ----------------------------
INSERT INTO `hot_project` VALUES ('1', '1', '81', '/project/1');
INSERT INTO `hot_project` VALUES ('2', '6', '28', '/project/6');
INSERT INTO `hot_project` VALUES ('3', '7', '29', '/project/7');

-- ----------------------------
-- Table structure for `image`
-- ----------------------------
DROP TABLE IF EXISTS `image`;
CREATE TABLE `image` (
  `id` int(11) NOT NULL AUTO_INCREMENT,
  `name` varchar(256) COLLATE utf8mb4_unicode_ci DEFAULT NULL,
  `url` varchar(256) COLLATE utf8mb4_unicode_ci DEFAULT NULL,
  PRIMARY KEY (`id`)
) ENGINE=InnoDB AUTO_INCREMENT=82 DEFAULT CHARSET=utf8mb4 COLLATE=utf8mb4_unicode_ci;

-- ----------------------------
-- Records of image
-- ----------------------------
INSERT INTO `image` VALUES ('1', '英国移民', '/img/1.jpg');
INSERT INTO `image` VALUES ('2', '希腊移民', '/img/2.jpg');
INSERT INTO `image` VALUES ('3', '澳洲绿卡', '/img/3.jpg');
INSERT INTO `image` VALUES ('4', '美国', '/img/Usa.png');
INSERT INTO `image` VALUES ('5', '加拿大', '/img/Canada.png');
INSERT INTO `image` VALUES ('6', '澳大利亚', '/img/Australia.png');
INSERT INTO `image` VALUES ('7', '美国EB-2 NIW国家利益豁免', '/img/u1.jpg');
INSERT INTO `image` VALUES ('8', '加拿大魁省投资移民', '/img/c1.jpg');
INSERT INTO `image` VALUES ('9', '澳大利亚188A创新类别', '/img/a1.jpg');
INSERT INTO `image` VALUES ('10', 'Usa.png', '/imgfile/america/Usa.png');
INSERT INTO `image` VALUES ('11', 'c1.jpg', '/imgfile/america/c1.jpg');
INSERT INTO `image` VALUES ('12', 'Usa.png', '/imgfile/america/Usa.png');
INSERT INTO `image` VALUES ('13', 'c1.jpg', '/imgfile/america/c1.jpg');
INSERT INTO `image` VALUES ('14', 'logo.ico', '/imgfile/america/logo.ico');
INSERT INTO `image` VALUES ('15', 'Usa.png', '/imgfile/america/Usa.png');
INSERT INTO `image` VALUES ('16', 'Usa.png', '/imgfile/america/Usa.png');
INSERT INTO `image` VALUES ('17', 'Usa.png', '/imgfile/america/Usa.png');
INSERT INTO `image` VALUES ('18', 'Usa.png', '/imgfile/america/Usa.png');
INSERT INTO `image` VALUES ('19', 'Usa.png', '/imgfile/america/Usa.png');
INSERT INTO `image` VALUES ('20', 'Canada.png', '/imgfile/america/Canada.png');
INSERT INTO `image` VALUES ('21', 'Usa.png', '/imgfile/america/Usa.png');
INSERT INTO `image` VALUES ('22', 'u1.jpg', '/imgfile/america/美国EB-2 NIW国家利益豁免/u1.jpg');
INSERT INTO `image` VALUES ('23', 'Usa.png', '/imgfile/america/Usa.png');
INSERT INTO `image` VALUES ('24', 'Usa.png', '/imgfile/1/Usa.png');
INSERT INTO `image` VALUES ('25', 'Canada.png', '/imgfile/2/Canada.png');
INSERT INTO `image` VALUES ('26', 'Australia.png', '/imgfile/15/Australia.png');
INSERT INTO `image` VALUES ('27', 'u1.jpg', '/imgfile/1/1/u1.jpg');
INSERT INTO `image` VALUES ('28', 'c1.jpg', '/imgfile/2/6/c1.jpg');
INSERT INTO `image` VALUES ('29', 'a1.jpg', '/imgfile/15/7/a1.jpg');
INSERT INTO `image` VALUES ('30', 'Usa.png', '/imgfile/1/2/Usa.png');
INSERT INTO `image` VALUES ('31', '01.jpg', '/banner/01.jpg');
INSERT INTO `image` VALUES ('32', '01.jpg', '/banner/01.jpg');
INSERT INTO `image` VALUES ('33', '01.jpg', '/banner/01.jpg');
INSERT INTO `image` VALUES ('34', '02.jpg', '/banner/02.jpg');
INSERT INTO `image` VALUES ('35', '03.jpg', '/banner/03.jpg');
INSERT INTO `image` VALUES ('36', '02.jpg', '/banner/02.jpg');
INSERT INTO `image` VALUES ('37', '01.jpg', '/banner/01.jpg');
INSERT INTO `image` VALUES ('38', '03.jpg', '/banner/03.jpg');
INSERT INTO `image` VALUES ('39', '01.jpg', '/imgfile/1/1/01.jpg');
INSERT INTO `image` VALUES ('40', 'america.jpg', '/imgfile/flag/anmerica/america.jpg');
INSERT INTO `image` VALUES ('41', 'canada.jpg', '/imgfile/flag/anmerica/canada.jpg');
INSERT INTO `image` VALUES ('42', 'england.jpg', '/imgfile/flag/europe/england.jpg');
INSERT INTO `image` VALUES ('43', 'portugal.jpg', '/imgfile/flag/europe/portugal.jpg');
INSERT INTO `image` VALUES ('44', 'spain.jpg', '/imgfile/flag/europe/spain.jpg');
INSERT INTO `image` VALUES ('45', 'australia.jpg', '/imgfile/flag/oceania/australia.jpg');
INSERT INTO `image` VALUES ('46', 'default-country-mobile.jpg', '/imgfile/tmp/default-country-mobile.jpg');
INSERT INTO `image` VALUES ('47', 'default-project-mobile.jpg', '/imgfile/tmp/default-project-mobile.jpg');
INSERT INTO `image` VALUES ('48', 'a.jpg', '/imgfile/1/a.jpg');
INSERT INTO `image` VALUES ('49', 'o.jpg', '/imgfile/2/o.jpg');
INSERT INTO `image` VALUES ('50', '希腊.jpg', '/imgfile/7/希腊.jpg');
INSERT INTO `image` VALUES ('51', 'b.jpg', '/imgfile/8/b.jpg');
INSERT INTO `image` VALUES ('52', 'd.jpg', '/imgfile/10/d.jpg');
INSERT INTO `image` VALUES ('53', 'h.jpg', '/imgfile/6/h.jpg');
INSERT INTO `image` VALUES ('54', 'm.jpg', '/imgfile/11/m.jpg');
INSERT INTO `image` VALUES ('55', 'Australia.png', '/imgfile/15/Australia.png');
INSERT INTO `image` VALUES ('56', 'i.jpg', '/imgfile/16/i.jpg');
INSERT INTO `image` VALUES ('57', '马来西亚.jpg', '/imgfile/18/马来西亚.jpg');
INSERT INTO `image` VALUES ('58', 'k.jpg', '/imgfile/1/1/k.jpg');
INSERT INTO `image` VALUES ('59', 'f.jpg', '/imgfile/1/2/f.jpg');
INSERT INTO `image` VALUES ('60', 'c1.jpg', '/imgfile/1/1/c1.jpg');
INSERT INTO `image` VALUES ('61', 'c1.jpg', '/imgfile/1/1/c1.jpg');
INSERT INTO `image` VALUES ('62', 'c1.jpg', '/imgfile/1/1/c1.jpg');
INSERT INTO `image` VALUES ('63', '希腊.jpg', '/imgfile/7/希腊.jpg');
INSERT INTO `image` VALUES ('64', '希腊.jpg', '/imgfile/7/希腊.jpg');
INSERT INTO `image` VALUES ('65', '希腊.jpg', '/imgfile/7/希腊.jpg');
INSERT INTO `image` VALUES ('66', 'o.jpg', '/imgfile/18/o.jpg');
INSERT INTO `image` VALUES ('67', '1.jpg', '/banner/1.jpg');
INSERT INTO `image` VALUES ('68', '1.jpg', '/banner/1.jpg');
INSERT INTO `image` VALUES ('69', '1.jpg', '/banner/1.jpg');
INSERT INTO `image` VALUES ('70', '2.jpg', '/banner/2.jpg');
INSERT INTO `image` VALUES ('71', '1.jpg', '/banner/1.jpg');
INSERT INTO `image` VALUES ('72', 'u1.jpg', '/imgfile/1/1/u1.jpg');
INSERT INTO `image` VALUES ('73', 'Usa.png', '/imgfile/1/Usa.png');
INSERT INTO `image` VALUES ('74', 'Usa.png', '/imgfile/1/Usa.png');
INSERT INTO `image` VALUES ('75', 'Usa.png', '/imgfile/1/Usa.png');
INSERT INTO `image` VALUES ('76', 'a1.jpg', '/imgfile/1/1/a1.jpg');
INSERT INTO `image` VALUES ('77', 'a1.jpg', '/imgfile/1/1/a1.jpg');
INSERT INTO `image` VALUES ('78', 'a1.jpg', '/imgfile/1/1/a1.jpg');
INSERT INTO `image` VALUES ('79', 'Usa.png', '/imgfile/1/Usa.png');
INSERT INTO `image` VALUES ('80', 'Usa.png', '/imgfile/1/Usa.png');
INSERT INTO `image` VALUES ('81', 'u1.jpg', '/imgfile/1/1/u1.jpg');

-- ----------------------------
-- Table structure for `project`
-- ----------------------------
DROP TABLE IF EXISTS `project`;
CREATE TABLE `project` (
  `id` int(11) NOT NULL AUTO_INCREMENT,
  `name` varchar(256) COLLATE utf8mb4_unicode_ci DEFAULT NULL,
  `name_zh` varchar(256) COLLATE utf8mb4_unicode_ci DEFAULT NULL,
  `detail` varchar(1024) COLLATE utf8mb4_unicode_ci DEFAULT NULL,
  `country_id` int(11) DEFAULT NULL,
  `type` int(11) DEFAULT NULL,
  `type_name` varchar(256) COLLATE utf8mb4_unicode_ci DEFAULT NULL,
  PRIMARY KEY (`id`)
) ENGINE=InnoDB AUTO_INCREMENT=8 DEFAULT CHARSET=utf8mb4 COLLATE=utf8mb4_unicode_ci;

-- ----------------------------
-- Records of project
-- ----------------------------
INSERT INTO `project` VALUES ('1', '美国EB-2 NIW国家利益豁免', '美国EB-2 NIW国家利益豁免', '签证类型：永久居住;语言要求：无要求;投资金额：130;条件：无要求', '1', '1', '优才移民');
INSERT INTO `project` VALUES ('2', 'EB-5凯悦中心项目', 'EB-5凯悦中心项目', '签证类型：永久居住;语言要求：无要求;投资金额：50万美元;条件：无要求', '1', '2', '投资移民');
INSERT INTO `project` VALUES ('3', 'EB-5坦帕湾一号', 'EB-5坦帕湾一号', '签证类型：永久居住;语言要求：无要求;投资金额：50万美金;条件：无要求', '1', '2', '投资移民');
INSERT INTO `project` VALUES ('4', 'EB-5西雅图创新中心项目', 'EB-5西雅图创新中心项目', '签证类型：永久居住', '1', '1', '优才移民');
INSERT INTO `project` VALUES ('6', '加拿大魁省投资移民', '加拿大魁省投资移民', '签证类型：永久居住;语言要求：无要求;投资金额：50万美金;条件：无要求', '2', '2', '投资移民');
INSERT INTO `project` VALUES ('7', '澳大利亚188A创新类别', '澳大利亚188A创新类别', '签证类型：永久居住;语言要求：无要求;投资金额：50万美金;条件：无要求', '15', '2', '投资移民');

-- ----------------------------
-- Table structure for `project_doc_source`
-- ----------------------------
DROP TABLE IF EXISTS `project_doc_source`;
CREATE TABLE `project_doc_source` (
  `id` int(11) NOT NULL AUTO_INCREMENT,
  `name` varchar(256) COLLATE utf8mb4_unicode_ci DEFAULT NULL,
  `project_id` int(11) DEFAULT NULL,
  `doc_id` int(11) DEFAULT NULL,
  PRIMARY KEY (`id`)
) ENGINE=InnoDB AUTO_INCREMENT=12 DEFAULT CHARSET=utf8mb4 COLLATE=utf8mb4_unicode_ci;

-- ----------------------------
-- Records of project_doc_source
-- ----------------------------
INSERT INTO `project_doc_source` VALUES ('11', '美国高技术(NIW)移民.pdf', '1', '23');

-- ----------------------------
-- Table structure for `project_image_source`
-- ----------------------------
DROP TABLE IF EXISTS `project_image_source`;
CREATE TABLE `project_image_source` (
  `id` int(11) NOT NULL AUTO_INCREMENT,
  `name` varchar(256) COLLATE utf8mb4_unicode_ci DEFAULT NULL,
  `project_id` int(11) DEFAULT NULL,
  `image_id` int(11) DEFAULT NULL,
  `show_type` int(11) DEFAULT NULL,
  PRIMARY KEY (`id`)
) ENGINE=InnoDB AUTO_INCREMENT=39 DEFAULT CHARSET=utf8mb4 COLLATE=utf8mb4_unicode_ci;

-- ----------------------------
-- Records of project_image_source
-- ----------------------------
INSERT INTO `project_image_source` VALUES ('3', 'Usa.png', '2', '30', '0');
INSERT INTO `project_image_source` VALUES ('5', 'default-project-mobile.jpg', '1', '47', '1');
INSERT INTO `project_image_source` VALUES ('6', 'default-project-mobile.jpg', '2', '47', '1');
INSERT INTO `project_image_source` VALUES ('7', 'default-project-mobile.jpg', '3', '47', '1');
INSERT INTO `project_image_source` VALUES ('8', 'default-project-mobile.jpg', '4', '47', '1');
INSERT INTO `project_image_source` VALUES ('9', 'default-project-mobile.jpg', '5', '47', '1');
INSERT INTO `project_image_source` VALUES ('10', 'default-project-mobile.jpg', '6', '47', '1');
INSERT INTO `project_image_source` VALUES ('11', 'default-project-mobile.jpg', '7', '47', '1');
INSERT INTO `project_image_source` VALUES ('12', 'default-project-mobile.jpg', '8', '47', '1');
INSERT INTO `project_image_source` VALUES ('13', 'default-project-mobile.jpg', '9', '47', '1');
INSERT INTO `project_image_source` VALUES ('14', 'default-project-mobile.jpg', '10', '47', '1');
INSERT INTO `project_image_source` VALUES ('15', 'default-project-mobile.jpg', '11', '47', '1');
INSERT INTO `project_image_source` VALUES ('16', 'default-project-mobile.jpg', '12', '47', '1');
INSERT INTO `project_image_source` VALUES ('17', 'default-project-mobile.jpg', '13', '47', '1');
INSERT INTO `project_image_source` VALUES ('18', 'default-project-mobile.jpg', '14', '47', '1');
INSERT INTO `project_image_source` VALUES ('19', 'default-project-mobile.jpg', '15', '47', '1');
INSERT INTO `project_image_source` VALUES ('20', 'default-project-mobile.jpg', '16', '47', '1');
INSERT INTO `project_image_source` VALUES ('21', 'default-project-mobile.jpg', '17', '47', '1');
INSERT INTO `project_image_source` VALUES ('22', 'default-project-mobile.jpg', '18', '47', '1');
INSERT INTO `project_image_source` VALUES ('23', 'default-project-mobile.jpg', '19', '47', '1');
INSERT INTO `project_image_source` VALUES ('36', 'c1.jpg', '1', '62', null);
INSERT INTO `project_image_source` VALUES ('37', 'a1.jpg', '1', '76', null);
INSERT INTO `project_image_source` VALUES ('38', 'a1.jpg', '1', '77', '0');

-- ----------------------------
-- Table structure for `project_img_source`
-- ----------------------------
DROP TABLE IF EXISTS `project_img_source`;
CREATE TABLE `project_img_source` (
  `id` int(11) NOT NULL AUTO_INCREMENT,
  `name` varchar(256) COLLATE utf8mb4_unicode_ci DEFAULT NULL,
  `project_id` int(11) DEFAULT NULL,
  `img_id` int(11) DEFAULT NULL,
  PRIMARY KEY (`id`)
) ENGINE=InnoDB DEFAULT CHARSET=utf8mb4 COLLATE=utf8mb4_unicode_ci;

-- ----------------------------
-- Records of project_img_source
-- ----------------------------

-- ----------------------------
-- Table structure for `sys_permission`
-- ----------------------------
DROP TABLE IF EXISTS `sys_permission`;
CREATE TABLE `sys_permission` (
  `id` bigint(20) unsigned NOT NULL AUTO_INCREMENT,
  `name` varchar(200) NOT NULL,
  `description` varchar(200) DEFAULT NULL,
  `url` varchar(200) NOT NULL,
  `pid` bigint(20) DEFAULT NULL,
  PRIMARY KEY (`id`)
) ENGINE=InnoDB AUTO_INCREMENT=3 DEFAULT CHARSET=utf8mb4;

-- ----------------------------
-- Records of sys_permission
-- ----------------------------
INSERT INTO `sys_permission` VALUES ('1', 'role_home', 'home', '/', null);
INSERT INTO `sys_permission` VALUES ('2', 'role_admin', 'abel', '/admin', null);

-- ----------------------------
-- Table structure for `sys_permission_role`
-- ----------------------------
DROP TABLE IF EXISTS `sys_permission_role`;
CREATE TABLE `sys_permission_role` (
  `id` bigint(20) unsigned NOT NULL AUTO_INCREMENT,
  `role_id` bigint(20) unsigned NOT NULL,
  `permission_id` bigint(20) unsigned NOT NULL,
  PRIMARY KEY (`id`)
) ENGINE=InnoDB AUTO_INCREMENT=4 DEFAULT CHARSET=utf8mb4;

-- ----------------------------
-- Records of sys_permission_role
-- ----------------------------
INSERT INTO `sys_permission_role` VALUES ('1', '1', '1');
INSERT INTO `sys_permission_role` VALUES ('2', '1', '2');
INSERT INTO `sys_permission_role` VALUES ('3', '2', '1');

-- ----------------------------
-- Table structure for `sys_role`
-- ----------------------------
DROP TABLE IF EXISTS `sys_role`;
CREATE TABLE `sys_role` (
  `id` bigint(20) unsigned NOT NULL AUTO_INCREMENT,
  `name` varchar(200) NOT NULL,
  `name_zh` varchar(200) DEFAULT NULL,
  PRIMARY KEY (`id`)
) ENGINE=InnoDB AUTO_INCREMENT=3 DEFAULT CHARSET=utf8mb4;

-- ----------------------------
-- Records of sys_role
-- ----------------------------
INSERT INTO `sys_role` VALUES ('1', 'role_admin', null);
INSERT INTO `sys_role` VALUES ('2', 'role_user', null);

-- ----------------------------
-- Table structure for `sys_role_user`
-- ----------------------------
DROP TABLE IF EXISTS `sys_role_user`;
CREATE TABLE `sys_role_user` (
  `id` bigint(20) unsigned NOT NULL AUTO_INCREMENT,
  `sys_user_id` bigint(20) unsigned NOT NULL,
  `sys_role_id` bigint(20) unsigned NOT NULL,
  PRIMARY KEY (`id`)
) ENGINE=InnoDB AUTO_INCREMENT=3 DEFAULT CHARSET=utf8mb4;

-- ----------------------------
-- Records of sys_role_user
-- ----------------------------
INSERT INTO `sys_role_user` VALUES ('1', '1', '1');
INSERT INTO `sys_role_user` VALUES ('2', '2', '2');

-- ----------------------------
-- Table structure for `sys_user`
-- ----------------------------
DROP TABLE IF EXISTS `sys_user`;
CREATE TABLE `sys_user` (
  `id` int(20) unsigned NOT NULL AUTO_INCREMENT,
  `username` varchar(50) NOT NULL,
  `password` varchar(50) NOT NULL,
  `name_zh` varchar(12) DEFAULT NULL,
  `phone` varchar(20) DEFAULT NULL,
  `company` varchar(200) DEFAULT NULL,
  `address` varchar(200) DEFAULT NULL,
  `status` smallint(6) DEFAULT NULL,
  `create_time` timestamp NOT NULL DEFAULT CURRENT_TIMESTAMP,
  PRIMARY KEY (`id`)
) ENGINE=InnoDB AUTO_INCREMENT=3 DEFAULT CHARSET=utf8mb4;

-- ----------------------------
-- Records of sys_user
-- ----------------------------
INSERT INTO `sys_user` VALUES ('1', 'admin', 'admin', null, null, null, null, '1', '2019-02-02 15:26:56');
INSERT INTO `sys_user` VALUES ('2', 'abel', 'abel', null, null, null, null, '1', '2019-02-02 15:26:56');
